game_date,player,team,prop,direction,line,prediction,edge,confidence,l10_avg,l10_edge,ou_prob,line_move,injury_adj,teammates_out,result,actual,mp_predicted,l5_avg,calibrated_conf,stat_wr,rank_score,graded_at,dir_prob,model_wr,min_edge_req,regression_flag,meta_prob,market_edge,regime_score,edge_disagreement,pick_source,priority_under_lane,priority_support_gap,selection_priority,lane_rank_bonus,anchor_avg,anchor_edge,p_over_raw,p_over_cal,p_under_raw,p_under_cal,prob_source,line_source,sigma,low_sigma_under,opponent,projection_type,is_promo,break_even_prob,exceeds_ev_threshold,anchor_agrees,l10_agrees,l5_agrees,volatility_metric,volatility_source,support_agreement_count,support_agreement_score,volatility_score,meta_score,dir_prob_score,selection_priority_score,regime_safety_score,agreement_safety_score,consistency_score,estimated_hit_rate,prop_direction_hit_rate,prop_direction_history_n,meta_bucket_hit_rate,meta_bucket_history_n,dir_prob_bucket_hit_rate,dir_prob_bucket_history_n,selection_priority_hit_rate,selection_priority_history_n,meta_floor,volatility_ceiling,meta_gate_pass,volatility_gate_pass,accuracy_gate_pass,estimated_hit_rate_floor,estimated_hit_rate_pass,pick_source_gate_pass,publish_tier,publish_tier_rank,top_tier_lane_pass,top_tier_lane_rate,top_tier_lane_history_n,projection_type_rank,mp_l10,mp_deviation_pred,games_played,season_games_played,season_stage,postseason_context,days_after_regular_end,postseason_role_score,postseason_pick_score
2026-03-17,Keldon Johnson,SAS,PA,UNDER,19.5,10.5,-9.0,86.3,10.3,-9.2,,0.0,False,,WIN,19.0,,,,,,,,,,,,,,,,,,,,,,,,,,,,,,,,,,,,,,,,,,,,,,,,,,,,,,,,,,,,,,,,,,,,,,,,,,,,,,,,
2026-03-17,Justin Edwards,PHI,PA,UNDER,17.0,8.2,-8.8,85.9,9.2,-7.8,,0.0,False,,WIN,14.0,,,,,,,,,,,,,,,,,,,,,,,,,,,,,,,,,,,,,,,,,,,,,,,,,,,,,,,,,,,,,,,,,,,,,,,,,,,,,,,,
2026-03-17,Justin Edwards,PHI,PR,UNDER,16.5,8.6,-7.9,84.0,9.3,-7.2,,0.0,False,,WIN,16.0,,,,,,,,,,,,,,,,,,,,,,,,,,,,,,,,,,,,,,,,,,,,,,,,,,,,,,,,,,,,,,,,,,,,,,,,,,,,,,,,
2026-03-17,Justin Edwards,PHI,PRA,UNDER,17.5,10.4,-7.1,82.1,11.3,-6.2,,0.0,False,,LOSS,19.0,,,,,,,,,,,,,,,,,,,,,,,,,,,,,,,,,,,,,,,,,,,,,,,,,,,,,,,,,,,,,,,,,,,,,,,,,,,,,,,,
2026-03-17,Harrison Barnes,SAS,PA,UNDER,14.5,9.0,-5.5,77.5,9.7,-4.8,,0.0,False,,LOSS,19.0,,,,,,,,,,,,,,,,,,,,,,,,,,,,,,,,,,,,,,,,,,,,,,,,,,,,,,,,,,,,,,,,,,,,,,,,,,,,,,,,
2026-03-17,Harrison Barnes,SAS,PRA,UNDER,17.0,11.6,-5.4,77.2,12.5,-4.5,,0.0,False,,LOSS,23.0,,,,,,,,,,,,,,,,,,,,,,,,,,,,,,,,,,,,,,,,,,,,,,,,,,,,,,,,,,,,,,,,,,,,,,,,,,,,,,,,
2026-03-17,Jamal Murray,DEN,PRA,UNDER,36.5,31.1,-5.4,77.2,34.4,-2.1,,0.0,False,,WIN,22.0,,,,,,,,,,,,,,,,,,,,,,,,,,,,,,,,,,,,,,,,,,,,,,,,,,,,,,,,,,,,,,,,,,,,,,,,,,,,,,,,
2026-03-17,Aaron Gordon,DEN,PRA,OVER,22.75,27.6,4.9,75.3,24.2,1.4,,0.0,False,,LOSS,19.0,,,,,,,,,,,,,,,,,,,,,,,,,,,,,,,,,,,,,,,,,,,,,,,,,,,,,,,,,,,,,,,,,,,,,,,,,,,,,,,,
2026-03-17,Justin Edwards,PHI,PTS,UNDER,11.0,6.4,-4.6,74.4,7.2,-3.8,,0.0,False,,PUSH,11.0,,,,,,,,,,,,,,,,,,,,,,,,,,,,,,,,,,,,,,,,,,,,,,,,,,,,,,,,,,,,,,,,,,,,,,,,,,,,,,,,
2026-03-17,Keldon Johnson,SAS,PTS,UNDER,13.5,9.3,-4.2,72.9,9.4,-4.1,,0.0,False,,LOSS,18.0,,,,,,,,,,,,,,,,,,,,,,,,,,,,,,,,,,,,,,,,,,,,,,,,,,,,,,,,,,,,,,,,,,,,,,,,,,,,,,,,
2026-03-17,Harrison Barnes,SAS,PTS,UNDER,11.5,7.4,-4.1,72.5,8.0,-3.5,,0.0,False,,LOSS,16.0,,,,,,,,,,,,,,,,,,,,,,,,,,,,,,,,,,,,,,,,,,,,,,,,,,,,,,,,,,,,,,,,,,,,,,,,,,,,,,,,
2026-03-17,Keldon Johnson,SAS,PR,UNDER,17.5,13.7,-3.8,71.3,14.0,-3.5,,0.0,False,,LOSS,19.0,,,,,,,,,,,,,,,,,,,,,,,,,,,,,,,,,,,,,,,,,,,,,,,,,,,,,,,,,,,,,,,,,,,,,,,,,,,,,,,,
2026-03-17,Jamal Murray,DEN,PA,UNDER,31.0,27.2,-3.8,71.3,31.0,,,0.0,False,,WIN,16.0,,,,,,,,,,,,,,,,,,,,,,,,,,,,,,,,,,,,,,,,,,,,,,,,,,,,,,,,,,,,,,,,,,,,,,,,,,,,,,,,
2026-03-17,Nique Clifford,SAC,PA,OVER,13.0,16.6,3.6,70.4,17.3,4.3,,0.0,False,,WIN,22.0,,,,,,,,,,,,,,,,,,,,,,,,,,,,,,,,,,,,,,,,,,,,,,,,,,,,,,,,,,,,,,,,,,,,,,,,,,,,,,,,
2026-03-17,Nique Clifford,SAC,PRA,OVER,18.5,21.7,3.2,68.7,22.8,4.3,,0.0,False,,WIN,30.0,,,,,,,,,,,,,,,,,,,,,,,,,,,,,,,,,,,,,,,,,,,,,,,,,,,,,,,,,,,,,,,,,,,,,,,,,,,,,,,,
2026-03-17,VJ Edgecombe,PHI,PRA,UNDER,27.5,24.3,-3.2,68.7,26.3,-1.2,,0.0,False,,WIN,16.0,,,,,,,,,,,,,,,,,,,,,,,,,,,,,,,,,,,,,,,,,,,,,,,,,,,,,,,,,,,,,,,,,,,,,,,,,,,,,,,,
2026-03-17,VJ Edgecombe,PHI,PA,UNDER,21.5,18.4,-3.1,68.2,20.4,-1.1,,0.0,False,,WIN,13.0,,,,,,,,,,,,,,,,,,,,,,,,,,,,,,,,,,,,,,,,,,,,,,,,,,,,,,,,,,,,,,,,,,,,,,,,,,,,,,,,
2026-03-17,Stephon Castle,SAS,PRA,UNDER,34.5,31.6,-2.9,67.3,28.9,-5.6,,0.0,False,,WIN,16.0,,,,,,,,,,,,,,,,,,,,,,,,,,,,,,,,,,,,,,,,,,,,,,,,,,,,,,,,,,,,,,,,,,,,,,,,,,,,,,,,
2026-03-17,Harrison Barnes,SAS,PR,UNDER,12.75,10.0,-2.8,66.6,10.8,-1.9,,0.0,False,,LOSS,20.0,,,,,,,,,,,,,,,,,,,,,,,,,,,,,,,,,,,,,,,,,,,,,,,,,,,,,,,,,,,,,,,,,,,,,,,,,,,,,,,,
2026-03-17,Nique Clifford,SAC,PR,OVER,15.0,17.8,2.8,66.8,18.7,3.7,,0.0,False,,WIN,23.0,,,,,,,,,,,,,,,,,,,,,,,,,,,,,,,,,,,,,,,,,,,,,,,,,,,,,,,,,,,,,,,,,,,,,,,,,,,,,,,,
2026-03-17,Malik Monk,SAC,PA,OVER,14.5,17.3,2.8,66.8,18.0,3.5,,0.0,False,,DNP,,,,,,,2026-04-01 11:16:38,,,,,,,,,,,,,,,,,,,,,,,,,,,,,,,,,,,,,,,,,,,,,,,,,,,,,,,,,,,,,,,,,,,,,,,,,,
2026-03-17,Christian Braun,DEN,PRA,OVER,18.5,21.3,2.8,66.8,21.9,3.4,,0.0,False,,WIN,30.0,,,,,,,,,,,,,,,,,,,,,,,,,,,,,,,,,,,,,,,,,,,,,,,,,,,,,,,,,,,,,,,,,,,,,,,,,,,,,,,,
2026-03-17,Russell Westbrook,SAC,PTS,OVER,14.0,16.8,2.8,66.8,16.4,2.4,,0.0,False,,LOSS,5.0,,,,,,,,,,,,,,,,,,,,,,,,,,,,,,,,,,,,,,,,,,,,,,,,,,,,,,,,,,,,,,,,,,,,,,,,,,,,,,,,
2026-03-17,Malik Monk,SAC,PR,OVER,13.5,16.2,2.7,66.3,16.4,2.9,,0.0,False,,DNP,,,,,,,2026-04-01 11:16:38,,,,,,,,,,,,,,,,,,,,,,,,,,,,,,,,,,,,,,,,,,,,,,,,,,,,,,,,,,,,,,,,,,,,,,,,,,
2026-03-17,Dominick Barlow,PHI,PTS,UNDER,11.25,8.6,-2.7,66.1,7.4,-3.8,,0.0,False,,WIN,8.0,,,,,,,,,,,,,,,,,,,,,,,,,,,,,,,,,,,,,,,,,,,,,,,,,,,,,,,,,,,,,,,,,,,,,,,,,,,,,,,,
2026-03-17,Nikola Jokić,DEN,PRA,UNDER,54.5,51.9,-2.6,65.8,53.2,-1.3,,0.0,False,,WIN,29.0,,,,,,,,,,,,,,,,,,,,,,,,,,,,,,,,,,,,,,,,,,,,,,,,,,,,,,,,,,,,,,,,,,,,,,,,,,,,,,,,
2026-03-17,Malik Monk,SAC,PTS,OVER,11.5,14.0,2.5,65.3,14.7,3.2,,0.0,False,,DNP,,,,,,,2026-04-01 11:16:38,,,,,,,,,,,,,,,,,,,,,,,,,,,,,,,,,,,,,,,,,,,,,,,,,,,,,,,,,,,,,,,,,,,,,,,,,,
2026-03-17,Malik Monk,SAC,PRA,OVER,17.0,19.5,2.5,65.3,19.7,2.7,,0.0,False,,DNP,,,,,,,2026-04-01 11:16:38,,,,,,,,,,,,,,,,,,,,,,,,,,,,,,,,,,,,,,,,,,,,,,,,,,,,,,,,,,,,,,,,,,,,,,,,,,
2026-03-17,VJ Edgecombe,PHI,PR,UNDER,23.5,21.1,-2.4,64.8,23.5,,,0.0,False,,WIN,12.0,,,,,,,,,,,,,,,,,,,,,,,,,,,,,,,,,,,,,,,,,,,,,,,,,,,,,,,,,,,,,,,,,,,,,,,,,,,,,,,,
2026-03-17,Julian Champagnie,SAS,PA,UNDER,13.5,11.2,-2.3,64.3,13.2,-0.3,,0.0,False,,LOSS,18.0,,,,,,,,,,,,,,,,,,,,,,,,,,,,,,,,,,,,,,,,,,,,,,,,,,,,,,,,,,,,,,,,,,,,,,,,,,,,,,,,
2026-03-17,Christian Braun,DEN,PTS,OVER,10.5,12.8,2.3,64.3,12.9,2.4,,0.0,False,,WIN,22.0,,,,,,,,,,,,,,,,,,,,,,,,,,,,,,,,,,,,,,,,,,,,,,,,,,,,,,,,,,,,,,,,,,,,,,,,,,,,,,,,
2026-03-17,Christian Braun,DEN,PA,OVER,13.5,15.7,2.2,63.8,15.6,2.1,,0.0,False,,WIN,25.0,,,,,,,,,,,,,,,,,,,,,,,,,,,,,,,,,,,,,,,,,,,,,,,,,,,,,,,,,,,,,,,,,,,,,,,,,,,,,,,,
2026-03-17,Dylan Harper,SAS,PA,UNDER,16.5,14.3,-2.2,63.8,16.1,-0.4,,0.0,False,,LOSS,20.0,,,,,,,,,,,,,,,,,,,,,,,,,,,,,,,,,,,,,,,,,,,,,,,,,,,,,,,,,,,,,,,,,,,,,,,,,,,,,,,,
2026-03-17,Cameron Johnson,DEN,PR,OVER,13.0,15.2,2.2,63.8,14.9,1.9,,0.0,False,,WIN,20.0,,,,,,,,,,,,,,,,,,,,,,,,,,,,,,,,,,,,,,,,,,,,,,,,,,,,,,,,,,,,,,,,,,,,,,,,,,,,,,,,
2026-03-17,Justin Edwards,PHI,AST,UNDER,4.0,1.8,-2.2,63.8,2.0,-2.0,,0.0,False,,WIN,3.0,,,,,,,,,,,,,,,,,,,,,,,,,,,,,,,,,,,,,,,,,,,,,,,,,,,,,,,,,,,,,,,,,,,,,,,,,,,,,,,,
2026-03-17,Nikola Jokić,DEN,PA,UNDER,41.0,38.8,-2.2,63.8,39.2,-1.8,,0.0,False,,WIN,22.0,,,,,,,,,,,,,,,,,,,,,,,,,,,,,,,,,,,,,,,,,,,,,,,,,,,,,,,,,,,,,,,,,,,,,,,,,,,,,,,,
2026-03-17,Victor Wembanyama,SAS,PRA,UNDER,42.0,39.9,-2.1,63.2,39.0,-3.0,,0.0,False,,WIN,29.0,,,,,,,,,,,,,,,,,,,,,,,,,,,,,,,,,,,,,,,,,,,,,,,,,,,,,,,,,,,,,,,,,,,,,,,,,,,,,,,,
2026-03-17,Victor Wembanyama,SAS,PTS,UNDER,27.25,25.2,-2.1,63.0,24.5,-2.8,,0.0,False,,WIN,18.0,,,,,,,,,,,,,,,,,,,,,,,,,,,,,,,,,,,,,,,,,,,,,,,,,,,,,,,,,,,,,,,,,,,,,,,,,,,,,,,,
2026-03-17,Nikola Jokić,DEN,PTS,UNDER,30.0,28.0,-2.0,62.7,29.0,-1.0,,0.0,False,,WIN,8.0,,,,,,,,,,,,,,,,,,,,,,,,,,,,,,,,,,,,,,,,,,,,,,,,,,,,,,,,,,,,,,,,,,,,,,,,,,,,,,,,
2026-03-17,Cameron Payne,PHI,PA,UNDER,14.0,12.0,-2.0,62.7,11.7,-2.3,,0.0,False,,WIN,7.0,,,,,,,,,,,,,,,,,,,,,,,,,,,,,,,,,,,,,,,,,,,,,,,,,,,,,,,,,,,,,,,,,,,,,,,,,,,,,,,,
2026-03-17,Dominick Barlow,PHI,PRA,UNDER,16.5,14.6,-1.9,62.2,11.9,-4.6,,0.0,False,,LOSS,21.0,,,,,,,,,,,,,,,,,,,,,,,,,,,,,,,,,,,,,,,,,,,,,,,,,,,,,,,,,,,,,,,,,,,,,,,,,,,,,,,,
2026-03-17,Russell Westbrook,SAC,PR,UNDER,22.75,20.9,-1.9,61.9,20.2,-2.6,,0.0,False,,WIN,6.0,,,,,,,,,,,,,,,,,,,,,,,,,,,,,,,,,,,,,,,,,,,,,,,,,,,,,,,,,,,,,,,,,,,,,,,,,,,,,,,,
2026-03-17,Christian Braun,DEN,PR,OVER,16.5,18.4,1.9,62.2,19.2,2.7,,0.0,False,,WIN,27.0,,,,,,,,,,,,,,,,,,,,,,,,,,,,,,,,,,,,,,,,,,,,,,,,,,,,,,,,,,,,,,,,,,,,,,,,,,,,,,,,
2026-03-17,Dylan Harper,SAS,PRA,UNDER,19.5,17.6,-1.9,62.2,19.1,-0.4,,0.0,False,,LOSS,24.0,,,,,,,,,,,,,,,,,,,,,,,,,,,,,,,,,,,,,,,,,,,,,,,,,,,,,,,,,,,,,,,,,,,,,,,,,,,,,,,,
2026-03-17,Cameron Johnson,DEN,PA,OVER,12.0,13.8,1.8,61.6,13.5,1.5,,0.0,False,,WIN,19.0,,,,,,,,,,,,,,,,,,,,,,,,,,,,,,,,,,,,,,,,,,,,,,,,,,,,,,,,,,,,,,,,,,,,,,,,,,,,,,,,
2026-03-17,Aaron Gordon,DEN,TRB,OVER,5.25,7.1,1.8,61.9,6.1,0.8,,0.0,False,,LOSS,5.0,,,,,,,,,,,,,,,,,,,,,,,,,,,,,,,,,,,,,,,,,,,,,,,,,,,,,,,,,,,,,,,,,,,,,,,,,,,,,,,,
2026-03-17,Trendon Watford,PHI,PRA,UNDER,16.5,14.8,-1.7,61.0,13.4,-3.1,,0.0,False,,LOSS,21.0,,,,,,,,,,,,,,,,,,,,,,,,,,,,,,,,,,,,,,,,,,,,,,,,,,,,,,,,,,,,,,,,,,,,,,,,,,,,,,,,
2026-03-17,Nique Clifford,SAC,PTS,OVER,11.0,12.7,1.7,61.0,13.2,2.2,,0.0,False,,WIN,15.0,,,,,,,,,,,,,,,,,,,,,,,,,,,,,,,,,,,,,,,,,,,,,,,,,,,,,,,,,,,,,,,,,,,,,,,,,,,,,,,,
2026-03-17,Dominick Barlow,PHI,PA,UNDER,11.5,9.8,-1.7,61.0,8.2,-3.3,,0.0,False,,LOSS,12.0,,,,,,,,,,,,,,,,,,,,,,,,,,,,,,,,,,,,,,,,,,,,,,,,,,,,,,,,,,,,,,,,,,,,,,,,,,,,,,,,
2026-03-17,Dylan Harper,SAS,TRB,UNDER,5.0,3.3,-1.7,61.0,3.0,-2.0,,0.0,False,,WIN,4.0,,,,,,,,,,,,,,,,,,,,,,,,,,,,,,,,,,,,,,,,,,,,,,,,,,,,,,,,,,,,,,,,,,,,,,,,,,,,,,,,
2026-03-17,Victor Wembanyama,SAS,PR,UNDER,38.0,36.3,-1.7,61.0,35.6,-2.4,,0.0,False,,WIN,26.0,,,,,,,,,,,,,,,,,,,,,,,,,,,,,,,,,,,,,,,,,,,,,,,,,,,,,,,,,,,,,,,,,,,,,,,,,,,,,,,,
2026-03-17,Cameron Payne,PHI,PTS,UNDER,10.75,9.2,-1.6,60.2,8.9,-1.8,,0.0,False,,WIN,5.0,,,,,,,,,,,,,,,,,,,,,,,,,,,,,,,,,,,,,,,,,,,,,,,,,,,,,,,,,,,,,,,,,,,,,,,,,,,,,,,,
2026-03-17,Keldon Johnson,SAS,PRA,UNDER,16.5,14.9,-1.6,60.5,14.9,-1.6,,0.0,False,,LOSS,20.0,,,,,,,,,,,,,,,,,,,,,,,,,,,,,,,,,,,,,,,,,,,,,,,,,,,,,,,,,,,,,,,,,,,,,,,,,,,,,,,,
2026-03-17,De'Aaron Fox,SAS,TRB,UNDER,5.0,3.5,-1.5,59.9,3.2,-1.8,,0.0,False,,PUSH,5.0,,,,,,,,,,,,,,,,,,,,,,,,,,,,,,,,,,,,,,,,,,,,,,,,,,,,,,,,,,,,,,,,,,,,,,,,,,,,,,,,
2026-03-18,Jaylin Williams,OKC,PR,UNDER,26.0,14.5,-11.5,90.3,20.7,-5.3,,0.0,False,,WIN,13.0,,,,,,,,,,,,,,,,,,,,,,,,,,,,,,,,,,,,,,,,,,,,,,,,,,,,,,,,,,,,,,,,,,,,,,,,,,,,,,,,
2026-03-18,Ayo Dosunmu,MIN,PRA,UNDER,26.5,15.9,-10.6,89.0,15.7,-10.8,,0.0,False,,LOSS,38.0,,,,,,,,,,,,,,,,,,,,,,,,,,,,,,,,,,,,,,,,,,,,,,,,,,,,,,,,,,,,,,,,,,,,,,,,,,,,,,,,
2026-03-18,Jaylen Brown,BOS,PRA,OVER,36.5,46.3,9.8,87.7,37.4,0.9,,0.0,False,,WIN,43.0,,,,,,,,,,,,,,,,,,,,,,,,,,,,,,,,,,,,,,,,,,,,,,,,,,,,,,,,,,,,,,,,,,,,,,,,,,,,,,,,
2026-03-18,Jaylin Williams,OKC,PRA,UNDER,26.5,16.9,-9.6,87.4,23.5,-3.0,,0.0,False,,WIN,15.0,,,,,,,,,,,,,,,,,,,,,,,,,,,,,,,,,,,,,,,,,,,,,,,,,,,,,,,,,,,,,,,,,,,,,,,,,,,,,,,,
2026-03-18,Julius Randle,MIN,PA,UNDER,30.5,21.0,-9.5,87.2,17.6,-12.9,,0.0,False,,WIN,29.0,,,,,,,,,,,,,,,,,,,,,,,,,,,,,,,,,,,,,,,,,,,,,,,,,,,,,,,,,,,,,,,,,,,,,,,,,,,,,,,,
2026-03-18,Ayo Dosunmu,MIN,PR,UNDER,22.5,13.0,-9.5,87.2,12.8,-9.7,,0.0,False,,LOSS,32.0,,,,,,,,,,,,,,,,,,,,,,,,,,,,,,,,,,,,,,,,,,,,,,,,,,,,,,,,,,,,,,,,,,,,,,,,,,,,,,,,
2026-03-18,Ayo Dosunmu,MIN,PA,UNDER,22.0,13.0,-9.0,86.3,12.9,-9.1,,0.0,False,,LOSS,29.0,,,,,,,,,,,,,,,,,,,,,,,,,,,,,,,,,,,,,,,,,,,,,,,,,,,,,,,,,,,,,,,,,,,,,,,,,,,,,,,,
2026-03-18,Jaylen Brown,BOS,PA,OVER,29.5,38.4,8.9,86.1,30.1,0.6,,0.0,False,,WIN,37.0,,,,,,,,,,,,,,,,,,,,,,,,,,,,,,,,,,,,,,,,,,,,,,,,,,,,,,,,,,,,,,,,,,,,,,,,,,,,,,,,
2026-03-18,Julius Randle,MIN,PTS,UNDER,25.5,16.8,-8.7,85.7,13.8,-11.7,,0.0,False,,WIN,21.0,,,,,,,,,,,,,,,,,,,,,,,,,,,,,,,,,,,,,,,,,,,,,,,,,,,,,,,,,,,,,,,,,,,,,,,,,,,,,,,,
2026-03-18,Julius Randle,MIN,PR,UNDER,32.5,23.8,-8.7,85.7,20.5,-12.0,,0.0,False,,WIN,22.0,,,,,,,,,,,,,,,,,,,,,,,,,,,,,,,,,,,,,,,,,,,,,,,,,,,,,,,,,,,,,,,,,,,,,,,,,,,,,,,,
2026-03-18,Ayo Dosunmu,MIN,PTS,UNDER,18.5,10.1,-8.4,85.1,10.0,-8.5,,0.0,False,,LOSS,23.0,,,,,,,,,,,,,,,,,,,,,,,,,,,,,,,,,,,,,,,,,,,,,,,,,,,,,,,,,,,,,,,,,,,,,,,,,,,,,,,,
2026-03-18,Jalen Johnson,ATL,PR,UNDER,35.5,27.3,-8.2,84.7,30.3,-5.2,,0.0,False,,WIN,28.0,,,,,,,,,,,,,,,,,,,,,,,,,,,,,,,,,,,,,,,,,,,,,,,,,,,,,,,,,,,,,,,,,,,,,,,,,,,,,,,,
2026-03-18,Brice Sensabaugh,UTA,PRA,UNDER,29.5,21.3,-8.2,84.7,23.7,-5.8,,0.0,False,,LOSS,48.0,,,,,,,,,,,,,,,,,,,,,,,,,,,,,,,,,,,,,,,,,,,,,,,,,,,,,,,,,,,,,,,,,,,,,,,,,,,,,,,,
2026-03-18,Julius Randle,MIN,PRA,UNDER,36.0,28.0,-8.0,84.2,24.3,-11.7,,0.0,False,,WIN,30.0,,,,,,,,,,,,,,,,,,,,,,,,,,,,,,,,,,,,,,,,,,,,,,,,,,,,,,,,,,,,,,,,,,,,,,,,,,,,,,,,
2026-03-18,Jaylin Williams,OKC,PA,UNDER,18.0,10.6,-7.4,82.9,15.4,-2.6,,0.0,False,,WIN,8.0,,,,,,,,,,,,,,,,,,,,,,,,,,,,,,,,,,,,,,,,,,,,,,,,,,,,,,,,,,,,,,,,,,,,,,,,,,,,,,,,
2026-03-18,Jaden McDaniels,MIN,PR,UNDER,22.5,15.2,-7.3,82.6,17.7,-4.8,,0.0,False,,WIN,19.0,,,,,,,,,,,,,,,,,,,,,,,,,,,,,,,,,,,,,,,,,,,,,,,,,,,,,,,,,,,,,,,,,,,,,,,,,,,,,,,,
2026-03-18,Brice Sensabaugh,UTA,PR,UNDER,26.5,19.2,-7.3,82.6,21.4,-5.1,,0.0,False,,LOSS,45.0,,,,,,,,,,,,,,,,,,,,,,,,,,,,,,,,,,,,,,,,,,,,,,,,,,,,,,,,,,,,,,,,,,,,,,,,,,,,,,,,
2026-03-18,Rudy Gobert,MIN,PRA,UNDER,28.75,21.5,-7.2,82.5,25.3,-3.4,,0.0,False,,LOSS,33.0,,,,,,,,,,,,,,,,,,,,,,,,,,,,,,,,,,,,,,,,,,,,,,,,,,,,,,,,,,,,,,,,,,,,,,,,,,,,,,,,
2026-03-18,Rudy Gobert,MIN,PR,UNDER,26.5,19.4,-7.1,82.1,22.9,-3.6,,0.0,False,,LOSS,33.0,,,,,,,,,,,,,,,,,,,,,,,,,,,,,,,,,,,,,,,,,,,,,,,,,,,,,,,,,,,,,,,,,,,,,,,,,,,,,,,,
2026-03-18,Jalen Johnson,ATL,PRA,UNDER,41.5,34.8,-6.7,81.1,37.6,-3.9,,0.0,False,,WIN,37.0,,,,,,,,,,,,,,,,,,,,,,,,,,,,,,,,,,,,,,,,,,,,,,,,,,,,,,,,,,,,,,,,,,,,,,,,,,,,,,,,
2026-03-18,Jaden McDaniels,MIN,PRA,UNDER,24.0,17.3,-6.7,81.1,19.8,-4.2,,0.0,False,,WIN,22.0,,,,,,,,,,,,,,,,,,,,,,,,,,,,,,,,,,,,,,,,,,,,,,,,,,,,,,,,,,,,,,,,,,,,,,,,,,,,,,,,
2026-03-18,Matas Buzelis,CHI,PTS,UNDER,23.5,16.9,-6.6,80.8,21.4,-2.1,,0.0,False,,WIN,19.0,,,,,,,,,,,,,,,,,,,,,,,,,,,,,,,,,,,,,,,,,,,,,,,,,,,,,,,,,,,,,,,,,,,,,,,,,,,,,,,,
2026-03-18,Drake Powell,BKN,PR,UNDER,14.5,8.0,-6.5,80.5,8.8,-5.7,,0.0,False,,WIN,3.0,,,,,,,,,,,,,,,,,,,,,,,,,,,,,,,,,,,,,,,,,,,,,,,,,,,,,,,,,,,,,,,,,,,,,,,,,,,,,,,,
2026-03-18,Jaylen Wells,MEM,PRA,OVER,16.5,23.0,6.5,80.5,19.5,3.0,,0.0,False,,LOSS,16.0,,,,,,,,,,,,,,,,,,,,,,,,,,,,,,,,,,,,,,,,,,,,,,,,,,,,,,,,,,,,,,,,,,,,,,,,,,,,,,,,
2026-03-18,Matas Buzelis,CHI,PR,UNDER,29.5,23.1,-6.4,80.2,28.1,-1.4,,0.0,False,,WIN,26.0,,,,,,,,,,,,,,,,,,,,,,,,,,,,,,,,,,,,,,,,,,,,,,,,,,,,,,,,,,,,,,,,,,,,,,,,,,,,,,,,
2026-03-18,Brice Sensabaugh,UTA,PTS,UNDER,22.5,16.1,-6.4,80.2,18.3,-4.2,,0.0,False,,LOSS,41.0,,,,,,,,,,,,,,,,,,,,,,,,,,,,,,,,,,,,,,,,,,,,,,,,,,,,,,,,,,,,,,,,,,,,,,,,,,,,,,,,
2026-03-18,Brice Sensabaugh,UTA,PA,UNDER,24.5,18.2,-6.3,80.0,20.6,-3.9,,0.0,False,,LOSS,44.0,,,,,,,,,,,,,,,,,,,,,,,,,,,,,,,,,,,,,,,,,,,,,,,,,,,,,,,,,,,,,,,,,,,,,,,,,,,,,,,,
2026-03-18,Jaden McDaniels,MIN,PA,UNDER,19.5,13.6,-5.9,78.8,16.0,-3.5,,0.0,False,,LOSS,20.0,,,,,,,,,,,,,,,,,,,,,,,,,,,,,,,,,,,,,,,,,,,,,,,,,,,,,,,,,,,,,,,,,,,,,,,,,,,,,,,,
2026-03-18,Rudy Gobert,MIN,PA,UNDER,17.0,11.2,-5.8,78.5,13.1,-3.9,,0.0,False,,LOSS,21.0,,,,,,,,,,,,,,,,,,,,,,,,,,,,,,,,,,,,,,,,,,,,,,,,,,,,,,,,,,,,,,,,,,,,,,,,,,,,,,,,
2026-03-18,Josh Giddey,CHI,PA,UNDER,31.0,25.2,-5.8,78.5,26.7,-4.3,,0.0,False,,WIN,12.0,,,,,,,,,,,,,,,,,,,,,,,,,,,,,,,,,,,,,,,,,,,,,,,,,,,,,,,,,,,,,,,,,,,,,,,,,,,,,,,,
2026-03-18,Jalen Johnson,ATL,PA,UNDER,31.5,25.8,-5.7,78.2,28.6,-2.9,,0.0,False,,WIN,26.0,,,,,,,,,,,,,,,,,,,,,,,,,,,,,,,,,,,,,,,,,,,,,,,,,,,,,,,,,,,,,,,,,,,,,,,,,,,,,,,,
2026-03-18,Donte DiVincenzo,MIN,PR,UNDER,19.5,14.1,-5.4,77.2,14.8,-4.7,,0.0,False,,WIN,12.0,,,,,,,,,,,,,,,,,,,,,,,,,,,,,,,,,,,,,,,,,,,,,,,,,,,,,,,,,,,,,,,,,,,,,,,,,,,,,,,,
2026-03-18,Donovan Clingan,POR,PA,OVER,15.5,20.8,5.3,76.9,16.2,0.7,,0.0,False,,WIN,30.0,,,,,,,,,,,,,,,,,,,,,,,,,,,,,,,,,,,,,,,,,,,,,,,,,,,,,,,,,,,,,,,,,,,,,,,,,,,,,,,,
2026-03-18,Jerami Grant,POR,PA,UNDER,22.0,16.8,-5.2,76.5,21.7,-0.3,,0.0,False,,WIN,9.0,,,,,,,,,,,,,,,,,,,,,,,,,,,,,,,,,,,,,,,,,,,,,,,,,,,,,,,,,,,,,,,,,,,,,,,,,,,,,,,,
2026-03-18,Jarace Walker,IND,PRA,UNDER,27.5,22.3,-5.2,76.5,24.4,-3.1,,0.0,False,,WIN,19.0,,,,,,,,,,,,,,,,,,,,,,,,,,,,,,,,,,,,,,,,,,,,,,,,,,,,,,,,,,,,,,,,,,,,,,,,,,,,,,,,
2026-03-18,Kyle Filipowski,UTA,PR,UNDER,24.5,19.3,-5.2,76.5,24.0,-0.5,,0.0,False,,WIN,10.0,,,,,,,,,,,,,,,,,,,,,,,,,,,,,,,,,,,,,,,,,,,,,,,,,,,,,,,,,,,,,,,,,,,,,,,,,,,,,,,,
2026-03-18,Jalen Johnson,ATL,PTS,UNDER,23.5,18.3,-5.2,76.5,21.3,-2.2,,0.0,False,,WIN,17.0,,,,,,,,,,,,,,,,,,,,,,,,,,,,,,,,,,,,,,,,,,,,,,,,,,,,,,,,,,,,,,,,,,,,,,,,,,,,,,,,
2026-03-18,Jarace Walker,IND,PTS,UNDER,18.0,12.9,-5.1,76.2,14.2,-3.8,,0.0,False,,WIN,10.0,,,,,,,,,,,,,,,,,,,,,,,,,,,,,,,,,,,,,,,,,,,,,,,,,,,,,,,,,,,,,,,,,,,,,,,,,,,,,,,,
2026-03-18,Nolan Traore,BKN,PRA,OVER,12.5,17.6,5.1,76.2,15.2,2.7,,0.0,False,,WIN,22.0,,,,,,,,,,,,,,,,,,,,,,,,,,,,,,,,,,,,,,,,,,,,,,,,,,,,,,,,,,,,,,,,,,,,,,,,,,,,,,,,
2026-03-18,Darius Garland,LAC,PA,UNDER,31.5,26.5,-5.0,75.9,26.0,-5.5,,0.0,False,,WIN,19.0,,,,,,,,,,,,,,,,,,,,,,,,,,,,,,,,,,,,,,,,,,,,,,,,,,,,,,,,,,,,,,,,,,,,,,,,,,,,,,,,
2026-03-18,Drake Powell,BKN,PA,UNDER,12.0,7.0,-5.0,75.9,8.0,-4.0,,0.0,False,,WIN,3.0,,,,,,,,,,,,,,,,,,,,,,,,,,,,,,,,,,,,,,,,,,,,,,,,,,,,,,,,,,,,,,,,,,,,,,,,,,,,,,,,
2026-03-18,Ryan Nembhard,DAL,PA,UNDER,14.5,9.6,-4.9,75.5,9.2,-5.3,,0.0,False,,LOSS,20.0,,,,,,,,,,,,,,,,,,,,,,,,,,,,,,,,,,,,,,,,,,,,,,,,,,,,,,,,,,,,,,,,,,,,,,,,,,,,,,,,
2026-03-18,John Collins,LAC,PRA,OVER,19.5,24.4,4.9,75.5,22.0,2.5,,0.0,False,,WIN,27.0,,,,,,,,,,,,,,,,,,,,,,,,,,,,,,,,,,,,,,,,,,,,,,,,,,,,,,,,,,,,,,,,,,,,,,,,,,,,,,,,
2026-03-18,Ty Jerome,MEM,PA,UNDER,27.0,22.2,-4.8,75.1,25.6,-1.4,,0.0,False,,LOSS,30.0,,,,,,,,,,,,,,,,,,,,,,,,,,,,,,,,,,,,,,,,,,,,,,,,,,,,,,,,,,,,,,,,,,,,,,,,,,,,,,,,
2026-03-18,Spencer Jones,DEN,PR,UNDER,13.5,8.7,-4.8,75.1,8.5,-5.0,,0.0,False,,WIN,11.0,,,,,,,,,,,,,,,,,,,,,,,,,,,,,,,,,,,,,,,,,,,,,,,,,,,,,,,,,,,,,,,,,,,,,,,,,,,,,,,,
2026-03-18,Gui Santos,GSW,PRA,OVER,23.0,27.7,4.7,74.8,26.8,3.8,,0.0,False,,LOSS,18.0,,,,,,,,,,,,,,,,,,,,,,,,,,,,,,,,,,,,,,,,,,,,,,,,,,,,,,,,,,,,,,,,,,,,,,,,,,,,,,,,
2026-03-18,Shai Gilgeous-Alexander,OKC,PA,UNDER,39.5,34.8,-4.7,74.8,38.7,-0.8,,0.0,False,,WIN,26.0,,,,,,,,,,,,,,,,,,,,,,,,,,,,,,,,,,,,,,,,,,,,,,,,,,,,,,,,,,,,,,,,,,,,,,,,,,,,,,,,
2026-03-18,Nolan Traore,BKN,PA,OVER,10.5,15.2,4.7,74.8,13.4,2.9,,0.0,False,,WIN,19.0,,,,,,,,,,,,,,,,,,,,,,,,,,,,,,,,,,,,,,,,,,,,,,,,,,,,,,,,,,,,,,,,,,,,,,,,,,,,,,,,
2026-03-18,Shai Gilgeous-Alexander,OKC,PTS,UNDER,31.5,26.8,-4.7,74.8,30.2,-1.3,,0.0,False,,WIN,20.0,,,,,,,,,,,,,,,,,,,,,,,,,,,,,,,,,,,,,,,,,,,,,,,,,,,,,,,,,,,,,,,,,,,,,,,,,,,,,,,,
2026-03-18,Andrew Nembhard,IND,PR,UNDER,21.5,16.9,-4.6,74.4,18.4,-3.1,,0.0,False,,DNP,,,,,,,2026-04-01 11:16:38,,,,,,,,,,,,,,,,,,,,,,,,,,,,,,,,,,,,,,,,,,,,,,,,,,,,,,,,,,,,,,,,,,,,,,,,,,
2026-03-18,Donte DiVincenzo,MIN,PA,UNDER,18.0,13.4,-4.6,74.4,14.2,-3.8,,0.0,False,,WIN,16.0,,,,,,,,,,,,,,,,,,,,,,,,,,,,,,,,,,,,,,,,,,,,,,,,,,,,,,,,,,,,,,,,,,,,,,,,,,,,,,,,
2026-03-18,Zaccharie Risacher,ATL,PR,UNDER,17.0,12.5,-4.5,74.1,13.6,-3.4,,0.0,False,,WIN,11.0,,,,,,,,,,,,,,,,,,,,,,,,,,,,,,,,,,,,,,,,,,,,,,,,,,,,,,,,,,,,,,,,,,,,,,,,,,,,,,,,
2026-03-18,Jaden McDaniels,MIN,PTS,UNDER,16.0,11.5,-4.5,74.1,13.9,-2.1,,0.0,False,,LOSS,17.0,,,,,,,,,,,,,,,,,,,,,,,,,,,,,,,,,,,,,,,,,,,,,,,,,,,,,,,,,,,,,,,,,,,,,,,,,,,,,,,,
2026-03-18,Jarace Walker,IND,PA,UNDER,20.5,16.0,-4.5,74.1,17.5,-3.0,,0.0,False,,WIN,12.0,,,,,,,,,,,,,,,,,,,,,,,,,,,,,,,,,,,,,,,,,,,,,,,,,,,,,,,,,,,,,,,,,,,,,,,,,,,,,,,,
2026-03-18,Andrew Nembhard,IND,PA,UNDER,24.5,20.2,-4.3,73.3,22.4,-2.1,,0.0,False,,DNP,,,,,,,2026-04-01 11:16:38,,,,,,,,,,,,,,,,,,,,,,,,,,,,,,,,,,,,,,,,,,,,,,,,,,,,,,,,,,,,,,,,,,,,,,,,,,
2026-03-18,Jamal Murray,DEN,PA,UNDER,31.5,27.2,-4.3,73.3,31.0,-0.5,,0.0,False,,WIN,31.0,,,,,,,,,,,,,,,,,,,,,,,,,,,,,,,,,,,,,,,,,,,,,,,,,,,,,,,,,,,,,,,,,,,,,,,,,,,,,,,,
2026-03-18,Darius Garland,LAC,PR,UNDER,26.5,22.2,-4.3,73.3,21.6,-4.9,,0.0,False,,WIN,14.0,,,,,,,,,,,,,,,,,,,,,,,,,,,,,,,,,,,,,,,,,,,,,,,,,,,,,,,,,,,,,,,,,,,,,,,,,,,,,,,,
2026-03-18,Collin Sexton,CHI,PRA,OVER,18.0,22.3,4.3,73.3,18.8,0.8,,0.0,False,,WIN,21.0,,,,,,,,,,,,,,,,,,,,,,,,,,,,,,,,,,,,,,,,,,,,,,,,,,,,,,,,,,,,,,,,,,,,,,,,,,,,,,,,
2026-03-18,Jarace Walker,IND,PR,UNDER,23.5,19.2,-4.3,73.3,21.1,-2.4,,0.0,False,,WIN,17.0,,,,,,,,,,,,,,,,,,,,,,,,,,,,,,,,,,,,,,,,,,,,,,,,,,,,,,,,,,,,,,,,,,,,,,,,,,,,,,,,
2026-03-18,Donte DiVincenzo,MIN,PTS,UNDER,14.5,10.3,-4.2,72.9,10.9,-3.6,,0.0,False,,WIN,9.0,,,,,,,,,,,,,,,,,,,,,,,,,,,,,,,,,,,,,,,,,,,,,,,,,,,,,,,,,,,,,,,,,,,,,,,,,,,,,,,,
2026-03-18,Ryan Nembhard,DAL,PTS,UNDER,9.5,5.3,-4.2,72.9,5.0,-4.5,,0.0,False,,WIN,8.0,,,,,,,,,,,,,,,,,,,,,,,,,,,,,,,,,,,,,,,,,,,,,,,,,,,,,,,,,,,,,,,,,,,,,,,,,,,,,,,,
2026-03-18,Josh Giddey,CHI,PRA,UNDER,37.5,33.3,-4.2,72.9,35.0,-2.5,,0.0,False,,WIN,12.0,,,,,,,,,,,,,,,,,,,,,,,,,,,,,,,,,,,,,,,,,,,,,,,,,,,,,,,,,,,,,,,,,,,,,,,,,,,,,,,,
2026-03-18,John Collins,LAC,PTS,OVER,12.0,16.2,4.2,72.9,14.8,2.8,,0.0,False,,WIN,18.0,,,,,,,,,,,,,,,,,,,,,,,,,,,,,,,,,,,,,,,,,,,,,,,,,,,,,,,,,,,,,,,,,,,,,,,,,,,,,,,,
2026-03-18,Noah Clowney,BKN,PRA,OVER,14.0,18.1,4.1,72.5,18.1,4.1,,0.0,False,,LOSS,5.0,,,,,,,,,,,,,,,,,,,,,,,,,,,,,,,,,,,,,,,,,,,,,,,,,,,,,,,,,,,,,,,,,,,,,,,,,,,,,,,,
2026-03-18,Noah Clowney,BKN,PR,OVER,12.5,16.6,4.1,72.5,16.6,4.1,,0.0,False,,LOSS,5.0,,,,,,,,,,,,,,,,,,,,,,,,,,,,,,,,,,,,,,,,,,,,,,,,,,,,,,,,,,,,,,,,,,,,,,,,,,,,,,,,
2026-03-18,Jaylen Wells,MEM,PTS,OVER,13.5,17.6,4.1,72.5,15.2,1.7,,0.0,False,,LOSS,11.0,,,,,,,,,,,,,,,,,,,,,,,,,,,,,,,,,,,,,,,,,,,,,,,,,,,,,,,,,,,,,,,,,,,,,,,,,,,,,,,,
2026-03-18,Drake Powell,BKN,PRA,UNDER,13.5,9.4,-4.1,72.5,9.9,-3.6,,0.0,False,,WIN,3.0,,,,,,,,,,,,,,,,,,,,,,,,,,,,,,,,,,,,,,,,,,,,,,,,,,,,,,,,,,,,,,,,,,,,,,,,,,,,,,,,
2026-03-18,Brandin Podziemski,GSW,PRA,OVER,26.5,30.6,4.1,72.5,30.3,3.8,,0.0,False,,LOSS,21.0,,,,,,,,,,,,,,,,,,,,,,,,,,,,,,,,,,,,,,,,,,,,,,,,,,,,,,,,,,,,,,,,,,,,,,,,,,,,,,,,
2026-03-18,Gui Santos,GSW,PA,OVER,17.5,21.5,4.0,72.1,19.9,2.4,,0.0,False,,LOSS,13.0,,,,,,,,,,,,,,,,,,,,,,,,,,,,,,,,,,,,,,,,,,,,,,,,,,,,,,,,,,,,,,,,,,,,,,,,,,,,,,,,
2026-03-18,Nolan Traore,BKN,PTS,OVER,7.5,11.5,4.0,72.1,9.6,2.1,,0.0,False,,WIN,13.0,,,,,,,,,,,,,,,,,,,,,,,,,,,,,,,,,,,,,,,,,,,,,,,,,,,,,,,,,,,,,,,,,,,,,,,,,,,,,,,,
2026-03-18,Jamal Murray,DEN,PRA,UNDER,35.0,31.1,-3.9,71.7,34.4,-0.6,,0.0,False,,LOSS,39.0,,,,,,,,,,,,,,,,,,,,,,,,,,,,,,,,,,,,,,,,,,,,,,,,,,,,,,,,,,,,,,,,,,,,,,,,,,,,,,,,
2026-03-18,GG Jackson,MEM,PR,OVER,19.5,23.4,3.9,71.7,23.4,3.9,,0.0,False,,WIN,22.0,,,,,,,,,,,,,,,,,,,,,,,,,,,,,,,,,,,,,,,,,,,,,,,,,,,,,,,,,,,,,,,,,,,,,,,,,,,,,,,,
2026-03-18,Nic Claxton,BKN,PRA,OVER,18.5,22.3,3.8,71.3,19.2,0.7,,0.0,False,,LOSS,11.0,,,,,,,,,,,,,,,,,,,,,,,,,,,,,,,,,,,,,,,,,,,,,,,,,,,,,,,,,,,,,,,,,,,,,,,,,,,,,,,,
2026-03-18,Nic Claxton,BKN,PR,OVER,15.0,18.7,3.7,70.9,15.4,0.4,,0.0,False,,LOSS,10.0,,,,,,,,,,,,,,,,,,,,,,,,,,,,,,,,,,,,,,,,,,,,,,,,,,,,,,,,,,,,,,,,,,,,,,,,,,,,,,,,
2026-03-18,Josh Giddey,CHI,PR,UNDER,27.5,23.9,-3.6,70.4,25.6,-1.9,,0.0,False,,WIN,9.0,,,,,,,,,,,,,,,,,,,,,,,,,,,,,,,,,,,,,,,,,,,,,,,,,,,,,,,,,,,,,,,,,,,,,,,,,,,,,,,,
2026-03-18,Gui Santos,GSW,PTS,OVER,13.5,17.1,3.6,70.4,15.6,2.1,,0.0,False,,LOSS,13.0,,,,,,,,,,,,,,,,,,,,,,,,,,,,,,,,,,,,,,,,,,,,,,,,,,,,,,,,,,,,,,,,,,,,,,,,,,,,,,,,
2026-03-18,Nic Claxton,BKN,PA,OVER,12.0,15.6,3.6,70.4,13.4,1.4,,0.0,False,,LOSS,5.0,,,,,,,,,,,,,,,,,,,,,,,,,,,,,,,,,,,,,,,,,,,,,,,,,,,,,,,,,,,,,,,,,,,,,,,,,,,,,,,,
2026-03-18,Daniel Gafford,DAL,PR,OVER,17.5,21.0,3.5,70.0,17.9,0.4,,0.0,False,,WIN,32.0,,,,,,,,,,,,,,,,,,,,,,,,,,,,,,,,,,,,,,,,,,,,,,,,,,,,,,,,,,,,,,,,,,,,,,,,,,,,,,,,
2026-03-18,Ty Jerome,MEM,PR,UNDER,23.5,20.0,-3.5,70.0,22.9,-0.6,,0.0,False,,LOSS,30.0,,,,,,,,,,,,,,,,,,,,,,,,,,,,,,,,,,,,,,,,,,,,,,,,,,,,,,,,,,,,,,,,,,,,,,,,,,,,,,,,
2026-03-18,Nolan Traore,BKN,PR,OVER,10.5,13.9,3.4,69.6,11.4,0.9,,0.0,False,,WIN,16.0,,,,,,,,,,,,,,,,,,,,,,,,,,,,,,,,,,,,,,,,,,,,,,,,,,,,,,,,,,,,,,,,,,,,,,,,,,,,,,,,
2026-03-18,Rudy Gobert,MIN,PTS,UNDER,12.5,9.1,-3.4,69.6,10.7,-1.8,,0.0,False,,LOSS,21.0,,,,,,,,,,,,,,,,,,,,,,,,,,,,,,,,,,,,,,,,,,,,,,,,,,,,,,,,,,,,,,,,,,,,,,,,,,,,,,,,
2026-03-18,Jamal Shead,TOR,PTS,OVER,6.5,9.9,3.4,69.6,6.7,0.2,,0.0,False,,LOSS,0.0,,,,,,,,,,,,,,,,,,,,,,,,,,,,,,,,,,,,,,,,,,,,,,,,,,,,,,,,,,,,,,,,,,,,,,,,,,,,,,,,
2026-03-18,RJ Barrett,TOR,PRA,UNDER,31.5,28.1,-3.4,69.6,28.7,-2.8,,0.0,False,,WIN,29.0,,,,,,,,,,,,,,,,,,,,,,,,,,,,,,,,,,,,,,,,,,,,,,,,,,,,,,,,,,,,,,,,,,,,,,,,,,,,,,,,
2026-03-18,Cooper Flagg,DAL,PRA,UNDER,35.5,32.2,-3.3,69.1,32.2,-3.3,,0.0,False,,WIN,28.0,,,,,,,,,,,,,,,,,,,,,,,,,,,,,,,,,,,,,,,,,,,,,,,,,,,,,,,,,,,,,,,,,,,,,,,,,,,,,,,,
2026-03-18,Chet Holmgren,OKC,PRA,OVER,26.5,29.8,3.3,69.1,28.6,2.1,,0.0,False,,LOSS,14.0,,,,,,,,,,,,,,,,,,,,,,,,,,,,,,,,,,,,,,,,,,,,,,,,,,,,,,,,,,,,,,,,,,,,,,,,,,,,,,,,
2026-03-18,Donte DiVincenzo,MIN,PRA,UNDER,20.5,17.2,-3.3,69.1,18.1,-2.4,,0.0,False,,WIN,19.0,,,,,,,,,,,,,,,,,,,,,,,,,,,,,,,,,,,,,,,,,,,,,,,,,,,,,,,,,,,,,,,,,,,,,,,,,,,,,,,,
2026-03-18,Andrew Nembhard,IND,PRA,UNDER,26.0,22.7,-3.3,69.1,24.5,-1.5,,0.0,False,,DNP,,,,,,,2026-04-01 11:16:38,,,,,,,,,,,,,,,,,,,,,,,,,,,,,,,,,,,,,,,,,,,,,,,,,,,,,,,,,,,,,,,,,,,,,,,,,,
2026-03-18,De'Anthony Melton,GSW,PRA,OVER,21.5,24.8,3.3,69.1,23.2,1.7,,0.0,False,,LOSS,8.0,,,,,,,,,,,,,,,,,,,,,,,,,,,,,,,,,,,,,,,,,,,,,,,,,,,,,,,,,,,,,,,,,,,,,,,,,,,,,,,,
2026-03-18,Collin Sexton,CHI,PR,OVER,16.5,19.8,3.3,69.1,17.0,0.5,,0.0,False,,LOSS,16.0,,,,,,,,,,,,,,,,,,,,,,,,,,,,,,,,,,,,,,,,,,,,,,,,,,,,,,,,,,,,,,,,,,,,,,,,,,,,,,,,
2026-03-18,Reed Sheppard,HOU,PRA,OVER,18.5,21.7,3.2,68.7,26.3,7.8,,0.0,False,,LOSS,16.0,,,,,,,,,,,,,,,,,,,,,,,,,,,,,,,,,,,,,,,,,,,,,,,,,,,,,,,,,,,,,,,,,,,,,,,,,,,,,,,,
2026-03-18,Jaylin Williams,OKC,TRB,UNDER,9.5,6.3,-3.2,68.7,8.1,-1.4,,0.0,False,,WIN,7.0,,,,,,,,,,,,,,,,,,,,,,,,,,,,,,,,,,,,,,,,,,,,,,,,,,,,,,,,,,,,,,,,,,,,,,,,,,,,,,,,
2026-03-18,Spencer Jones,DEN,PRA,UNDER,13.0,9.8,-3.2,68.7,9.3,-3.7,,0.0,False,,WIN,11.0,,,,,,,,,,,,,,,,,,,,,,,,,,,,,,,,,,,,,,,,,,,,,,,,,,,,,,,,,,,,,,,,,,,,,,,,,,,,,,,,
2026-03-18,GG Jackson,MEM,PTS,OVER,14.5,17.6,3.1,68.2,17.0,2.5,,0.0,False,,WIN,16.0,,,,,,,,,,,,,,,,,,,,,,,,,,,,,,,,,,,,,,,,,,,,,,,,,,,,,,,,,,,,,,,,,,,,,,,,,,,,,,,,
2026-03-18,Scoot Henderson,POR,PR,OVER,16.5,19.6,3.1,68.2,17.2,0.7,,0.0,False,,LOSS,12.0,,,,,,,,,,,,,,,,,,,,,,,,,,,,,,,,,,,,,,,,,,,,,,,,,,,,,,,,,,,,,,,,,,,,,,,,,,,,,,,,
2026-03-18,De'Anthony Melton,GSW,PR,OVER,18.5,21.6,3.1,68.2,20.4,1.9,,0.0,False,,LOSS,6.0,,,,,,,,,,,,,,,,,,,,,,,,,,,,,,,,,,,,,,,,,,,,,,,,,,,,,,,,,,,,,,,,,,,,,,,,,,,,,,,,
2026-03-18,Daniel Gafford,DAL,PTS,OVER,9.5,12.6,3.1,68.2,10.6,1.1,,0.0,False,,WIN,24.0,,,,,,,,,,,,,,,,,,,,,,,,,,,,,,,,,,,,,,,,,,,,,,,,,,,,,,,,,,,,,,,,,,,,,,,,,,,,,,,,
2026-03-18,Collin Sexton,CHI,PA,OVER,16.5,19.6,3.1,68.2,16.7,0.2,,0.0,False,,WIN,19.0,,,,,,,,,,,,,,,,,,,,,,,,,,,,,,,,,,,,,,,,,,,,,,,,,,,,,,,,,,,,,,,,,,,,,,,,,,,,,,,,
2026-03-18,Jaylen Wells,MEM,PA,OVER,16.5,19.6,3.1,68.2,16.8,0.3,,0.0,False,,LOSS,11.0,,,,,,,,,,,,,,,,,,,,,,,,,,,,,,,,,,,,,,,,,,,,,,,,,,,,,,,,,,,,,,,,,,,,,,,,,,,,,,,,
2026-03-18,Ace Bailey,UTA,PR,UNDER,22.0,19.0,-3.0,67.8,21.9,-0.1,,0.0,False,,WIN,19.0,,,,,,,,,,,,,,,,,,,,,,,,,,,,,,,,,,,,,,,,,,,,,,,,,,,,,,,,,,,,,,,,,,,,,,,,,,,,,,,,
2026-03-18,Tre Jones,CHI,PTS,OVER,13.0,16.0,3.0,67.8,15.2,2.2,,0.0,False,,LOSS,6.0,,,,,,,,,,,,,,,,,,,,,,,,,,,,,,,,,,,,,,,,,,,,,,,,,,,,,,,,,,,,,,,,,,,,,,,,,,,,,,,,
2026-03-18,Austin Reaves,LAL,PA,OVER,24.0,27.0,3.0,67.8,26.3,2.3,,0.0,False,,LOSS,22.0,,,,,,,,,,,,,,,,,,,,,,,,,,,,,,,,,,,,,,,,,,,,,,,,,,,,,,,,,,,,,,,,,,,,,,,,,,,,,,,,
2026-03-18,Noah Clowney,BKN,PTS,OVER,9.5,12.5,3.0,67.8,12.7,3.2,,0.0,False,,LOSS,3.0,,,,,,,,,,,,,,,,,,,,,,,,,,,,,,,,,,,,,,,,,,,,,,,,,,,,,,,,,,,,,,,,,,,,,,,,,,,,,,,,
2026-03-18,Jonathan Kuminga,ATL,PR,OVER,15.5,18.4,2.9,67.3,18.1,2.6,,0.0,False,,WIN,21.0,,,,,,,,,,,,,,,,,,,,,,,,,,,,,,,,,,,,,,,,,,,,,,,,,,,,,,,,,,,,,,,,,,,,,,,,,,,,,,,,
2026-03-18,Jeremiah Fears,NOP,PR,OVER,11.5,14.4,2.9,67.3,15.9,4.4,,0.0,False,,WIN,12.0,,,,,,,,,,,,,,,,,,,,,,,,,,,,,,,,,,,,,,,,,,,,,,,,,,,,,,,,,,,,,,,,,,,,,,,,,,,,,,,,
2026-03-18,Kawhi Leonard,LAC,PRA,UNDER,43.5,40.6,-2.9,67.3,40.5,-3.0,,0.0,False,,WIN,34.0,,,,,,,,,,,,,,,,,,,,,,,,,,,,,,,,,,,,,,,,,,,,,,,,,,,,,,,,,,,,,,,,,,,,,,,,,,,,,,,,
2026-03-18,Chet Holmgren,OKC,PTS,OVER,14.5,17.4,2.9,67.3,15.6,1.1,,0.0,False,,LOSS,11.0,,,,,,,,,,,,,,,,,,,,,,,,,,,,,,,,,,,,,,,,,,,,,,,,,,,,,,,,,,,,,,,,,,,,,,,,,,,,,,,,
2026-03-18,GG Jackson,MEM,PA,OVER,17.0,19.8,2.8,66.8,18.9,1.9,,0.0,False,,LOSS,16.0,,,,,,,,,,,,,,,,,,,,,,,,,,,,,,,,,,,,,,,,,,,,,,,,,,,,,,,,,,,,,,,,,,,,,,,,,,,,,,,,
2026-03-18,Gui Santos,GSW,PR,OVER,20.5,23.3,2.8,66.8,22.5,2.0,,0.0,False,,LOSS,18.0,,,,,,,,,,,,,,,,,,,,,,,,,,,,,,,,,,,,,,,,,,,,,,,,,,,,,,,,,,,,,,,,,,,,,,,,,,,,,,,,
2026-03-18,Sandro Mamukelashvili,TOR,PA,UNDER,12.5,9.7,-2.8,66.8,9.6,-2.9,,0.0,False,,LOSS,22.0,,,,,,,,,,,,,,,,,,,,,,,,,,,,,,,,,,,,,,,,,,,,,,,,,,,,,,,,,,,,,,,,,,,,,,,,,,,,,,,,
2026-03-18,Cason Wallace,OKC,PRA,OVER,15.5,18.3,2.8,66.8,20.3,4.8,,0.0,False,,LOSS,12.0,,,,,,,,,,,,,,,,,,,,,,,,,,,,,,,,,,,,,,,,,,,,,,,,,,,,,,,,,,,,,,,,,,,,,,,,,,,,,,,,
2026-03-18,Ziaire Williams,BKN,PTS,UNDER,12.0,9.3,-2.7,66.3,10.6,-1.4,,0.0,False,,WIN,5.0,,,,,,,,,,,,,,,,,,,,,,,,,,,,,,,,,,,,,,,,,,,,,,,,,,,,,,,,,,,,,,,,,,,,,,,,,,,,,,,,
2026-03-18,Josh Giddey,CHI,PTS,UNDER,18.5,15.8,-2.7,66.3,17.3,-1.2,,0.0,False,,WIN,9.0,,,,,,,,,,,,,,,,,,,,,,,,,,,,,,,,,,,,,,,,,,,,,,,,,,,,,,,,,,,,,,,,,,,,,,,,,,,,,,,,
2026-03-18,Jock Landale,ATL,PA,UNDER,11.5,8.8,-2.7,66.3,9.0,-2.5,,0.0,False,,WIN,10.0,,,,,,,,,,,,,,,,,,,,,,,,,,,,,,,,,,,,,,,,,,,,,,,,,,,,,,,,,,,,,,,,,,,,,,,,,,,,,,,,
2026-03-18,Ace Bailey,UTA,PTS,UNDER,17.0,14.3,-2.7,66.3,16.7,-0.3,,0.0,False,,PUSH,17.0,,,,,,,,,,,,,,,,,,,,,,,,,,,,,,,,,,,,,,,,,,,,,,,,,,,,,,,,,,,,,,,,,,,,,,,,,,,,,,,,
2026-03-18,Amen Thompson,HOU,PRA,OVER,30.0,32.7,2.7,66.3,32.9,2.9,,0.0,False,,WIN,41.0,,,,,,,,,,,,,,,,,,,,,,,,,,,,,,,,,,,,,,,,,,,,,,,,,,,,,,,,,,,,,,,,,,,,,,,,,,,,,,,,
2026-03-18,Cason Wallace,OKC,PR,OVER,12.0,14.7,2.7,66.3,15.6,3.6,,0.0,False,,LOSS,9.0,,,,,,,,,,,,,,,,,,,,,,,,,,,,,,,,,,,,,,,,,,,,,,,,,,,,,,,,,,,,,,,,,,,,,,,,,,,,,,,,
2026-03-18,P.J. Washington,DAL,PA,UNDER,17.5,14.8,-2.7,66.3,15.1,-2.4,,0.0,False,,LOSS,24.0,,,,,,,,,,,,,,,,,,,,,,,,,,,,,,,,,,,,,,,,,,,,,,,,,,,,,,,,,,,,,,,,,,,,,,,,,,,,,,,,
2026-03-18,Klay Thompson,DAL,PRA,OVER,14.0,16.6,2.6,65.8,15.8,1.8,,0.0,False,,WIN,18.0,,,,,,,,,,,,,,,,,,,,,,,,,,,,,,,,,,,,,,,,,,,,,,,,,,,,,,,,,,,,,,,,,,,,,,,,,,,,,,,,
2026-03-18,Tre Jones,CHI,PR,OVER,16.5,19.1,2.6,65.8,17.9,1.4,,0.0,False,,LOSS,8.0,,,,,,,,,,,,,,,,,,,,,,,,,,,,,,,,,,,,,,,,,,,,,,,,,,,,,,,,,,,,,,,,,,,,,,,,,,,,,,,,
2026-03-18,Saddiq Bey,NOP,PA,OVER,19.5,22.1,2.6,65.8,21.8,2.3,,0.0,False,,WIN,29.0,,,,,,,,,,,,,,,,,,,,,,,,,,,,,,,,,,,,,,,,,,,,,,,,,,,,,,,,,,,,,,,,,,,,,,,,,,,,,,,,
2026-03-18,GG Jackson,MEM,PRA,OVER,23.0,25.6,2.6,65.8,25.3,2.3,,0.0,False,,LOSS,22.0,,,,,,,,,,,,,,,,,,,,,,,,,,,,,,,,,,,,,,,,,,,,,,,,,,,,,,,,,,,,,,,,,,,,,,,,,,,,,,,,
2026-03-18,De'Anthony Melton,GSW,PA,OVER,18.5,21.1,2.6,65.8,19.5,1.0,,0.0,False,,LOSS,7.0,,,,,,,,,,,,,,,,,,,,,,,,,,,,,,,,,,,,,,,,,,,,,,,,,,,,,,,,,,,,,,,,,,,,,,,,,,,,,,,,
2026-03-18,Cason Wallace,OKC,PA,OVER,12.5,15.1,2.6,65.8,16.9,4.4,,0.0,False,,LOSS,9.0,,,,,,,,,,,,,,,,,,,,,,,,,,,,,,,,,,,,,,,,,,,,,,,,,,,,,,,,,,,,,,,,,,,,,,,,,,,,,,,,
2026-03-18,RJ Barrett,TOR,PR,UNDER,27.5,25.0,-2.5,65.3,26.1,-1.4,,0.0,False,,WIN,27.0,,,,,,,,,,,,,,,,,,,,,,,,,,,,,,,,,,,,,,,,,,,,,,,,,,,,,,,,,,,,,,,,,,,,,,,,,,,,,,,,
2026-03-18,Jock Landale,ATL,PR,UNDER,14.0,11.5,-2.5,65.3,11.4,-2.6,,0.0,False,,WIN,6.0,,,,,,,,,,,,,,,,,,,,,,,,,,,,,,,,,,,,,,,,,,,,,,,,,,,,,,,,,,,,,,,,,,,,,,,,,,,,,,,,
2026-03-18,Kris Dunn,LAC,AST,UNDER,6.5,4.0,-2.5,65.3,4.6,-1.9,,0.0,False,,WIN,3.0,,,,,,,,,,,,,,,,,,,,,,,,,,,,,,,,,,,,,,,,,,,,,,,,,,,,,,,,,,,,,,,,,,,,,,,,,,,,,,,,
2026-03-18,Saddiq Bey,NOP,PR,OVER,22.5,25.0,2.5,65.3,24.5,2.0,,0.0,False,,WIN,30.0,,,,,,,,,,,,,,,,,,,,,,,,,,,,,,,,,,,,,,,,,,,,,,,,,,,,,,,,,,,,,,,,,,,,,,,,,,,,,,,,
2026-03-18,Tre Jones,CHI,PRA,OVER,21.5,24.0,2.5,65.3,21.8,0.3,,0.0,False,,LOSS,13.0,,,,,,,,,,,,,,,,,,,,,,,,,,,,,,,,,,,,,,,,,,,,,,,,,,,,,,,,,,,,,,,,,,,,,,,,,,,,,,,,
2026-03-18,Nic Claxton,BKN,PTS,OVER,9.5,12.0,2.5,65.3,9.6,0.1,,0.0,False,,LOSS,4.0,,,,,,,,,,,,,,,,,,,,,,,,,,,,,,,,,,,,,,,,,,,,,,,,,,,,,,,,,,,,,,,,,,,,,,,,,,,,,,,,
2026-03-18,Sandro Mamukelashvili,TOR,PRA,UNDER,16.5,14.0,-2.5,65.3,13.8,-2.7,,0.0,False,,LOSS,26.0,,,,,,,,,,,,,,,,,,,,,,,,,,,,,,,,,,,,,,,,,,,,,,,,,,,,,,,,,,,,,,,,,,,,,,,,,,,,,,,,
2026-03-18,RJ Barrett,TOR,PTS,UNDER,21.5,19.0,-2.5,65.3,20.0,-1.5,,0.0,False,,LOSS,23.0,,,,,,,,,,,,,,,,,,,,,,,,,,,,,,,,,,,,,,,,,,,,,,,,,,,,,,,,,,,,,,,,,,,,,,,,,,,,,,,,
2026-03-18,Ivica Zubac,IND,PTS,UNDER,13.5,11.0,-2.5,65.3,11.8,-1.7,,0.0,False,,LOSS,18.0,,,,,,,,,,,,,,,,,,,,,,,,,,,,,,,,,,,,,,,,,,,,,,,,,,,,,,,,,,,,,,,,,,,,,,,,,,,,,,,,
2026-03-18,Spencer Jones,DEN,PTS,UNDER,7.5,5.0,-2.5,65.3,4.7,-2.8,,0.0,False,,WIN,6.0,,,,,,,,,,,,,,,,,,,,,,,,,,,,,,,,,,,,,,,,,,,,,,,,,,,,,,,,,,,,,,,,,,,,,,,,,,,,,,,,
2026-03-18,Ace Bailey,UTA,PA,UNDER,18.5,16.1,-2.4,64.8,18.4,-0.1,,0.0,False,,LOSS,19.0,,,,,,,,,,,,,,,,,,,,,,,,,,,,,,,,,,,,,,,,,,,,,,,,,,,,,,,,,,,,,,,,,,,,,,,,,,,,,,,,
2026-03-18,Draymond Green,GSW,PA,OVER,13.0,15.4,2.4,64.8,15.6,2.6,,0.0,False,,WIN,18.0,,,,,,,,,,,,,,,,,,,,,,,,,,,,,,,,,,,,,,,,,,,,,,,,,,,,,,,,,,,,,,,,,,,,,,,,,,,,,,,,
2026-03-18,De'Anthony Melton,GSW,PTS,OVER,15.5,17.9,2.4,64.8,16.7,1.2,,0.0,False,,LOSS,5.0,,,,,,,,,,,,,,,,,,,,,,,,,,,,,,,,,,,,,,,,,,,,,,,,,,,,,,,,,,,,,,,,,,,,,,,,,,,,,,,,
2026-03-18,Austin Reaves,LAL,PTS,OVER,19.5,21.9,2.4,64.8,21.2,1.7,,0.0,False,,LOSS,14.0,,,,,,,,,,,,,,,,,,,,,,,,,,,,,,,,,,,,,,,,,,,,,,,,,,,,,,,,,,,,,,,,,,,,,,,,,,,,,,,,
2026-03-18,RJ Barrett,TOR,PA,UNDER,24.5,22.1,-2.4,64.8,22.6,-1.9,,0.0,False,,LOSS,25.0,,,,,,,,,,,,,,,,,,,,,,,,,,,,,,,,,,,,,,,,,,,,,,,,,,,,,,,,,,,,,,,,,,,,,,,,,,,,,,,,
2026-03-18,Cedric Coward,MEM,PA,UNDER,17.0,14.7,-2.3,64.3,12.8,-4.2,,0.0,False,,WIN,16.0,,,,,,,,,,,,,,,,,,,,,,,,,,,,,,,,,,,,,,,,,,,,,,,,,,,,,,,,,,,,,,,,,,,,,,,,,,,,,,,,
2026-03-18,Jeremiah Fears,NOP,PA,OVER,12.0,14.3,2.3,64.3,16.2,4.2,,0.0,False,,WIN,14.0,,,,,,,,,,,,,,,,,,,,,,,,,,,,,,,,,,,,,,,,,,,,,,,,,,,,,,,,,,,,,,,,,,,,,,,,,,,,,,,,
2026-03-18,Isaiah Collier,UTA,PA,UNDER,26.5,24.2,-2.3,64.3,23.6,-2.9,,0.0,False,,WIN,20.0,,,,,,,,,,,,,,,,,,,,,,,,,,,,,,,,,,,,,,,,,,,,,,,,,,,,,,,,,,,,,,,,,,,,,,,,,,,,,,,,
2026-03-18,P.J. Washington,DAL,PTS,UNDER,15.0,12.8,-2.2,63.8,13.2,-1.8,,0.0,False,,LOSS,23.0,,,,,,,,,,,,,,,,,,,,,,,,,,,,,,,,,,,,,,,,,,,,,,,,,,,,,,,,,,,,,,,,,,,,,,,,,,,,,,,,
2026-03-18,Brandin Podziemski,GSW,PR,OVER,23.5,25.7,2.2,63.8,25.9,2.4,,0.0,False,,LOSS,16.0,,,,,,,,,,,,,,,,,,,,,,,,,,,,,,,,,,,,,,,,,,,,,,,,,,,,,,,,,,,,,,,,,,,,,,,,,,,,,,,,
2026-03-18,Deandre Ayton,LAL,PRA,OVER,17.5,19.7,2.2,63.8,19.2,1.7,,0.0,False,,WIN,22.0,,,,,,,,,,,,,,,,,,,,,,,,,,,,,,,,,,,,,,,,,,,,,,,,,,,,,,,,,,,,,,,,,,,,,,,,,,,,,,,,
2026-03-18,Brandin Podziemski,GSW,PTS,OVER,16.5,18.7,2.2,63.8,18.2,1.7,,0.0,False,,LOSS,10.0,,,,,,,,,,,,,,,,,,,,,,,,,,,,,,,,,,,,,,,,,,,,,,,,,,,,,,,,,,,,,,,,,,,,,,,,,,,,,,,,
2026-03-18,Onyeka Okongwu,ATL,PRA,OVER,25.0,27.2,2.2,63.8,25.9,0.9,,0.0,False,,PUSH,25.0,,,,,,,,,,,,,,,,,,,,,,,,,,,,,,,,,,,,,,,,,,,,,,,,,,,,,,,,,,,,,,,,,,,,,,,,,,,,,,,,
2026-03-18,Zaccharie Risacher,ATL,PRA,OVER,11.5,13.7,2.2,63.8,14.6,3.1,,0.0,False,,WIN,12.0,,,,,,,,,,,,,,,,,,,,,,,,,,,,,,,,,,,,,,,,,,,,,,,,,,,,,,,,,,,,,,,,,,,,,,,,,,,,,,,,
2026-03-18,Ivica Zubac,IND,TRB,OVER,8.0,10.1,2.1,63.2,10.9,2.9,,0.0,False,,PUSH,8.0,,,,,,,,,,,,,,,,,,,,,,,,,,,,,,,,,,,,,,,,,,,,,,,,,,,,,,,,,,,,,,,,,,,,,,,,,,,,,,,,
2026-03-18,Kawhi Leonard,LAC,PA,UNDER,36.5,34.4,-2.1,63.2,34.4,-2.1,,0.0,False,,WIN,26.0,,,,,,,,,,,,,,,,,,,,,,,,,,,,,,,,,,,,,,,,,,,,,,,,,,,,,,,,,,,,,,,,,,,,,,,,,,,,,,,,
2026-03-18,Deandre Ayton,LAL,PR,OVER,16.5,18.5,2.0,62.7,18.4,1.9,,0.0,False,,WIN,20.0,,,,,,,,,,,,,,,,,,,,,,,,,,,,,,,,,,,,,,,,,,,,,,,,,,,,,,,,,,,,,,,,,,,,,,,,,,,,,,,,
2026-03-18,Rui Hachimura,LAL,PA,UNDER,12.0,10.0,-2.0,62.7,10.5,-1.5,,0.0,False,,WIN,8.0,,,,,,,,,,,,,,,,,,,,,,,,,,,,,,,,,,,,,,,,,,,,,,,,,,,,,,,,,,,,,,,,,,,,,,,,,,,,,,,,
2026-03-18,Amen Thompson,HOU,PA,OVER,22.5,24.4,1.9,62.2,25.0,2.5,,0.0,False,,WIN,30.0,,,,,,,,,,,,,,,,,,,,,,,,,,,,,,,,,,,,,,,,,,,,,,,,,,,,,,,,,,,,,,,,,,,,,,,,,,,,,,,,
2026-03-18,Ajay Mitchell,OKC,PRA,OVER,22.5,24.4,1.9,62.2,23.6,1.1,,0.0,False,,LOSS,19.0,,,,,,,,,,,,,,,,,,,,,,,,,,,,,,,,,,,,,,,,,,,,,,,,,,,,,,,,,,,,,,,,,,,,,,,,,,,,,,,,
2026-03-18,Drake Powell,BKN,PTS,UNDER,7.5,5.6,-1.9,62.2,6.9,-0.6,,0.0,False,,WIN,3.0,,,,,,,,,,,,,,,,,,,,,,,,,,,,,,,,,,,,,,,,,,,,,,,,,,,,,,,,,,,,,,,,,,,,,,,,,,,,,,,,
2026-03-18,Draymond Green,GSW,PR,OVER,13.0,14.9,1.9,62.2,14.8,1.8,,0.0,False,,WIN,18.0,,,,,,,,,,,,,,,,,,,,,,,,,,,,,,,,,,,,,,,,,,,,,,,,,,,,,,,,,,,,,,,,,,,,,,,,,,,,,,,,
2026-03-18,Austin Reaves,LAL,PR,OVER,24.5,26.4,1.9,62.2,25.4,0.9,,0.0,False,,LOSS,17.0,,,,,,,,,,,,,,,,,,,,,,,,,,,,,,,,,,,,,,,,,,,,,,,,,,,,,,,,,,,,,,,,,,,,,,,,,,,,,,,,
2026-03-18,Olivier-Maxence Prosper,MEM,PTS,OVER,10.5,12.3,1.8,61.6,11.8,1.3,,0.0,False,,WIN,19.0,,,,,,,,,,,,,,,,,,,,,,,,,,,,,,,,,,,,,,,,,,,,,,,,,,,,,,,,,,,,,,,,,,,,,,,,,,,,,,,,
2026-03-18,Spencer Jones,DEN,TRB,UNDER,5.5,3.7,-1.8,61.6,3.8,-1.7,,0.0,False,,WIN,5.0,,,,,,,,,,,,,,,,,,,,,,,,,,,,,,,,,,,,,,,,,,,,,,,,,,,,,,,,,,,,,,,,,,,,,,,,,,,,,,,,
2026-03-18,Isaiah Collier,UTA,AST,UNDER,8.5,6.7,-1.8,61.6,6.7,-1.8,,0.0,False,,WIN,6.0,,,,,,,,,,,,,,,,,,,,,,,,,,,,,,,,,,,,,,,,,,,,,,,,,,,,,,,,,,,,,,,,,,,,,,,,,,,,,,,,
2026-03-18,Jaden McDaniels,MIN,TRB,UNDER,5.5,3.7,-1.8,61.6,3.8,-1.7,,0.0,False,,WIN,2.0,,,,,,,,,,,,,,,,,,,,,,,,,,,,,,,,,,,,,,,,,,,,,,,,,,,,,,,,,,,,,,,,,,,,,,,,,,,,,,,,
2026-03-18,Cooper Flagg,DAL,PR,UNDER,28.5,26.7,-1.8,61.6,26.7,-1.8,,0.0,False,,WIN,23.0,,,,,,,,,,,,,,,,,,,,,,,,,,,,,,,,,,,,,,,,,,,,,,,,,,,,,,,,,,,,,,,,,,,,,,,,,,,,,,,,
2026-03-18,Jakob Poeltl,TOR,PRA,UNDER,22.5,20.7,-1.8,61.6,18.1,-4.4,,0.0,False,,LOSS,27.0,,,,,,,,,,,,,,,,,,,,,,,,,,,,,,,,,,,,,,,,,,,,,,,,,,,,,,,,,,,,,,,,,,,,,,,,,,,,,,,,
2026-03-18,Jakob Poeltl,TOR,PR,UNDER,20.5,18.7,-1.8,61.6,16.4,-4.1,,0.0,False,,LOSS,25.0,,,,,,,,,,,,,,,,,,,,,,,,,,,,,,,,,,,,,,,,,,,,,,,,,,,,,,,,,,,,,,,,,,,,,,,,,,,,,,,,
2026-03-18,Ivica Zubac,IND,PA,UNDER,14.5,12.7,-1.8,61.6,13.2,-1.3,,0.0,False,,LOSS,21.0,,,,,,,,,,,,,,,,,,,,,,,,,,,,,,,,,,,,,,,,,,,,,,,,,,,,,,,,,,,,,,,,,,,,,,,,,,,,,,,,
2026-03-18,Austin Reaves,LAL,PRA,OVER,29.75,31.5,1.8,61.3,30.5,0.8,,0.0,False,,LOSS,25.0,,,,,,,,,,,,,,,,,,,,,,,,,,,,,,,,,,,,,,,,,,,,,,,,,,,,,,,,,,,,,,,,,,,,,,,,,,,,,,,,
2026-03-18,Cedric Coward,MEM,PTS,UNDER,13.75,12.0,-1.8,61.3,10.3,-3.4,,0.0,False,,LOSS,15.0,,,,,,,,,,,,,,,,,,,,,,,,,,,,,,,,,,,,,,,,,,,,,,,,,,,,,,,,,,,,,,,,,,,,,,,,,,,,,,,,
2026-03-18,Donte DiVincenzo,MIN,TRB,UNDER,5.5,3.8,-1.7,61.0,3.9,-1.6,,0.0,False,,WIN,3.0,,,,,,,,,,,,,,,,,,,,,,,,,,,,,,,,,,,,,,,,,,,,,,,,,,,,,,,,,,,,,,,,,,,,,,,,,,,,,,,,
2026-03-18,Payton Pritchard,BOS,PR,UNDER,19.5,17.8,-1.7,61.0,14.8,-4.7,,0.0,False,,WIN,19.0,,,,,,,,,,,,,,,,,,,,,,,,,,,,,,,,,,,,,,,,,,,,,,,,,,,,,,,,,,,,,,,,,,,,,,,,,,,,,,,,
2026-03-18,Jeremiah Fears,NOP,PRA,OVER,16.0,17.7,1.7,61.0,19.5,3.5,,0.0,False,,LOSS,15.0,,,,,,,,,,,,,,,,,,,,,,,,,,,,,,,,,,,,,,,,,,,,,,,,,,,,,,,,,,,,,,,,,,,,,,,,,,,,,,,,
2026-03-18,Onyeka Okongwu,ATL,PR,OVER,22.5,24.2,1.7,61.0,22.7,0.2,,0.0,False,,LOSS,21.0,,,,,,,,,,,,,,,,,,,,,,,,,,,,,,,,,,,,,,,,,,,,,,,,,,,,,,,,,,,,,,,,,,,,,,,,,,,,,,,,
2026-03-18,Will Richard,GSW,TRB,UNDER,5.0,3.3,-1.7,61.0,3.0,-2.0,,0.0,False,,WIN,2.0,,,,,,,,,,,,,,,,,,,,,,,,,,,,,,,,,,,,,,,,,,,,,,,,,,,,,,,,,,,,,,,,,,,,,,,,,,,,,,,,
2026-03-18,Herbert Jones,NOP,PRA,OVER,15.5,17.2,1.7,61.0,15.9,0.4,,0.0,False,,LOSS,13.0,,,,,,,,,,,,,,,,,,,,,,,,,,,,,,,,,,,,,,,,,,,,,,,,,,,,,,,,,,,,,,,,,,,,,,,,,,,,,,,,
2026-03-18,Josh Giddey,CHI,TRB,UNDER,9.75,8.1,-1.6,60.7,8.3,-1.4,,0.0,False,,WIN,0.0,,,,,,,,,,,,,,,,,,,,,,,,,,,,,,,,,,,,,,,,,,,,,,,,,,,,,,,,,,,,,,,,,,,,,,,,,,,,,,,,
2026-03-18,Cody Williams,UTA,PA,UNDER,18.0,16.4,-1.6,60.5,12.2,-5.8,,0.0,False,,WIN,9.0,,,,,,,,,,,,,,,,,,,,,,,,,,,,,,,,,,,,,,,,,,,,,,,,,,,,,,,,,,,,,,,,,,,,,,,,,,,,,,,,
2026-03-18,Ayo Dosunmu,MIN,TRB,UNDER,4.5,2.9,-1.6,60.5,2.8,-1.7,,0.0,False,,LOSS,9.0,,,,,,,,,,,,,,,,,,,,,,,,,,,,,,,,,,,,,,,,,,,,,,,,,,,,,,,,,,,,,,,,,,,,,,,,,,,,,,,,
2026-03-18,Rui Hachimura,LAL,PR,OVER,10.0,11.6,1.6,60.5,12.1,2.1,,0.0,False,,WIN,11.0,,,,,,,,,,,,,,,,,,,,,,,,,,,,,,,,,,,,,,,,,,,,,,,,,,,,,,,,,,,,,,,,,,,,,,,,,,,,,,,,
2026-03-18,Tre Jones,CHI,AST,UNDER,6.5,4.9,-1.6,60.5,3.9,-2.6,,0.0,False,,WIN,5.0,,,,,,,,,,,,,,,,,,,,,,,,,,,,,,,,,,,,,,,,,,,,,,,,,,,,,,,,,,,,,,,,,,,,,,,,,,,,,,,,
2026-03-18,Cooper Flagg,DAL,PTS,UNDER,21.5,19.9,-1.6,60.5,20.3,-1.2,,0.0,False,,WIN,17.0,,,,,,,,,,,,,,,,,,,,,,,,,,,,,,,,,,,,,,,,,,,,,,,,,,,,,,,,,,,,,,,,,,,,,,,,,,,,,,,,
2026-03-18,Jakob Poeltl,TOR,PTS,UNDER,12.5,10.9,-1.6,60.5,9.8,-2.7,,0.0,False,,LOSS,17.0,,,,,,,,,,,,,,,,,,,,,,,,,,,,,,,,,,,,,,,,,,,,,,,,,,,,,,,,,,,,,,,,,,,,,,,,,,,,,,,,
2026-03-18,Jakob Poeltl,TOR,PA,UNDER,14.5,12.9,-1.6,60.5,11.5,-3.0,,0.0,False,,LOSS,19.0,,,,,,,,,,,,,,,,,,,,,,,,,,,,,,,,,,,,,,,,,,,,,,,,,,,,,,,,,,,,,,,,,,,,,,,,,,,,,,,,
2026-03-18,Jamal Shead,TOR,AST,UNDER,6.0,4.4,-1.6,60.5,3.8,-2.2,,0.0,False,,WIN,5.0,,,,,,,,,,,,,,,,,,,,,,,,,,,,,,,,,,,,,,,,,,,,,,,,,,,,,,,,,,,,,,,,,,,,,,,,,,,,,,,,
2026-03-18,Jaylin Williams,OKC,AST,UNDER,4.0,2.4,-1.6,60.5,2.8,-1.2,,0.0,False,,WIN,2.0,,,,,,,,,,,,,,,,,,,,,,,,,,,,,,,,,,,,,,,,,,,,,,,,,,,,,,,,,,,,,,,,,,,,,,,,,,,,,,,,
2026-03-18,Khris Middleton,DAL,PR,OVER,12.5,14.1,1.6,60.5,14.5,2.0,,0.0,False,,WIN,13.0,,,,,,,,,,,,,,,,,,,,,,,,,,,,,,,,,,,,,,,,,,,,,,,,,,,,,,,,,,,,,,,,,,,,,,,,,,,,,,,,
2026-03-18,LeBron James,LAL,PA,OVER,23.0,24.6,1.6,60.5,25.3,2.3,,0.0,False,,WIN,32.0,,,,,,,,,,,,,,,,,,,,,,,,,,,,,,,,,,,,,,,,,,,,,,,,,,,,,,,,,,,,,,,,,,,,,,,,,,,,,,,,
2026-03-18,Marcus Smart,LAL,PRA,OVER,14.5,16.1,1.6,60.5,14.9,0.4,,0.0,False,,LOSS,12.0,,,,,,,,,,,,,,,,,,,,,,,,,,,,,,,,,,,,,,,,,,,,,,,,,,,,,,,,,,,,,,,,,,,,,,,,,,,,,,,,
2026-03-18,Nikola Jokić,DEN,PRA,UNDER,53.5,51.9,-1.6,60.5,53.2,-0.3,,0.0,False,,WIN,52.0,,,,,,,,,,,,,,,,,,,,,,,,,,,,,,,,,,,,,,,,,,,,,,,,,,,,,,,,,,,,,,,,,,,,,,,,,,,,,,,,
2026-03-18,Baylor Scheierman,BOS,PR,OVER,12.0,13.5,1.5,59.9,14.6,2.6,,0.0,False,,LOSS,11.0,,,,,,,,,,,,,,,,,,,,,,,,,,,,,,,,,,,,,,,,,,,,,,,,,,,,,,,,,,,,,,,,,,,,,,,,,,,,,,,,
2026-03-18,Darius Garland,LAC,PRA,UNDER,30.5,29.0,-1.5,59.9,28.1,-2.4,,0.0,False,,WIN,20.0,,,,,,,,,,,,,,,,,,,,,,,,,,,,,,,,,,,,,,,,,,,,,,,,,,,,,,,,,,,,,,,,,,,,,,,,,,,,,,,,
2026-03-18,Jakob Poeltl,TOR,AST,UNDER,3.5,2.0,-1.5,59.9,1.7,-1.8,,0.0,False,,WIN,2.0,,,,,,,,,,,,,,,,,,,,,,,,,,,,,,,,,,,,,,,,,,,,,,,,,,,,,,,,,,,,,,,,,,,,,,,,,,,,,,,,
2026-03-18,Herbert Jones,NOP,PR,OVER,12.5,14.0,1.5,59.9,12.8,0.3,,0.0,False,,LOSS,10.0,,,,,,,,,,,,,,,,,,,,,,,,,,,,,,,,,,,,,,,,,,,,,,,,,,,,,,,,,,,,,,,,,,,,,,,,,,,,,,,,
2026-03-18,Immanuel Quickley,TOR,PR,UNDER,23.0,21.5,-1.5,59.9,22.5,-0.5,,0.0,False,,WIN,12.0,,,,,,,,,,,,,,,,,,,,,,,,,,,,,,,,,,,,,,,,,,,,,,,,,,,,,,,,,,,,,,,,,,,,,,,,,,,,,,,,
2026-03-18,Klay Thompson,DAL,PR,OVER,13.5,15.0,1.5,59.9,14.6,1.1,,0.0,False,,WIN,17.0,,,,,,,,,,,,,,,,,,,,,,,,,,,,,,,,,,,,,,,,,,,,,,,,,,,,,,,,,,,,,,,,,,,,,,,,,,,,,,,,
2026-03-18,Jonathan Kuminga,ATL,PTS,OVER,10.5,12.0,1.5,59.9,11.9,1.4,,0.0,False,,WIN,16.0,,,,,,,,,,,,,,,,,,,,,,,,,,,,,,,,,,,,,,,,,,,,,,,,,,,,,,,,,,,,,,,,,,,,,,,,,,,,,,,,
2026-03-18,Patrick Williams,CHI,PR,OVER,8.5,10.0,1.5,59.9,9.9,1.4,,0.0,False,,WIN,12.0,,,,,,,,,,,,,,,,,,,,,,,,,,,,,,,,,,,,,,,,,,,,,,,,,,,,,,,,,,,,,,,,,,,,,,,,,,,,,,,,
2026-03-18,Reed Sheppard,HOU,PA,OVER,16.5,18.0,1.5,59.9,22.2,5.7,,0.0,False,,LOSS,14.0,,,,,,,,,,,,,,,,,,,,,,,,,,,,,,,,,,,,,,,,,,,,,,,,,,,,,,,,,,,,,,,,,,,,,,,,,,,,,,,,
2026-03-18,Payton Pritchard,BOS,PTS,UNDER,15.5,14.0,-1.5,59.9,11.2,-4.3,,0.0,False,,LOSS,19.0,,,,,,,,,,,,,,,,,,,,,,,,,,,,,,,,,,,,,,,,,,,,,,,,,,,,,,,,,,,,,,,,,,,,,,,,,,,,,,,,
2026-03-18,Scottie Barnes,TOR,PR,UNDER,25.5,24.0,-1.5,59.9,20.3,-5.2,,0.0,False,,WIN,25.0,,,,,,,,,,,,,,,,,,,,,,,,,,,,,,,,,,,,,,,,,,,,,,,,,,,,,,,,,,,,,,,,,,,,,,,,,,,,,,,,
2026-03-19,Jabari Walker,PHI,PR,UNDER,22.0,11.3,-10.7,89.2,10.8,-11.2,,0.0,False,,WIN,1.0,,,,,,,,,,,,,,,,,,,,,,,,,,,,,,,,,,,,,,,,,,,,,,,,,,,,,,,,,,,,,,,,,,,,,,,,,,,,,,,,
2026-03-19,Daniss Jenkins,DET,PRA,UNDER,22.5,12.3,-10.2,88.4,10.2,-12.3,,0.0,False,,WIN,16.0,,,,,,,,,,,,,,,,,,,,,,,,,,,,,,,,,,,,,,,,,,,,,,,,,,,,,,,,,,,,,,,,,,,,,,,,,,,,,,,,
2026-03-19,Daniss Jenkins,DET,PA,UNDER,19.5,10.1,-9.4,87.0,8.4,-11.1,,0.0,False,,WIN,14.0,,,,,,,,,,,,,,,,,,,,,,,,,,,,,,,,,,,,,,,,,,,,,,,,,,,,,,,,,,,,,,,,,,,,,,,,,,,,,,,,
2026-03-19,Luka Dončić,LAL,PR,UNDER,44.5,35.9,-8.6,85.5,42.9,-1.6,,0.0,False,,LOSS,67.0,,,,,,,,,,,,,,,,,,,,,,,,,,,,,,,,,,,,,,,,,,,,,,,,,,,,,,,,,,,,,,,,,,,,,,,,,,,,,,,,
2026-03-19,Bam Adebayo,MIA,PRA,OVER,32.25,40.3,8.0,84.4,40.6,8.4,,0.0,False,,WIN,40.0,,,,,,,,,,,,,,,,,,,,,,,,,,,,,,,,,,,,,,,,,,,,,,,,,,,,,,,,,,,,,,,,,,,,,,,,,,,,,,,,
2026-03-19,Jalen Duren,DET,PR,UNDER,37.5,29.7,-7.8,83.8,32.8,-4.7,,0.0,False,,WIN,35.0,,,,,,,,,,,,,,,,,,,,,,,,,,,,,,,,,,,,,,,,,,,,,,,,,,,,,,,,,,,,,,,,,,,,,,,,,,,,,,,,
2026-03-19,Goga Bitadze,ORL,PR,UNDER,16.0,8.3,-7.7,83.6,7.9,-8.1,,0.0,False,,WIN,6.0,,,,,,,,,,,,,,,,,,,,,,,,,,,,,,,,,,,,,,,,,,,,,,,,,,,,,,,,,,,,,,,,,,,,,,,,,,,,,,,,
2026-03-19,Justin Edwards,PHI,PRA,UNDER,18.0,10.4,-7.6,83.3,11.3,-6.7,,0.0,False,,LOSS,36.0,,,,,,,,,,,,,,,,,,,,,,,,,,,,,,,,,,,,,,,,,,,,,,,,,,,,,,,,,,,,,,,,,,,,,,,,,,,,,,,,
2026-03-19,Bam Adebayo,MIA,PR,OVER,29.5,37.0,7.5,83.1,37.4,7.9,,0.0,False,,WIN,38.0,,,,,,,,,,,,,,,,,,,,,,,,,,,,,,,,,,,,,,,,,,,,,,,,,,,,,,,,,,,,,,,,,,,,,,,,,,,,,,,,
2026-03-19,Bam Adebayo,MIA,PA,OVER,23.5,30.8,7.3,82.6,31.2,7.7,,0.0,False,,WIN,30.0,,,,,,,,,,,,,,,,,,,,,,,,,,,,,,,,,,,,,,,,,,,,,,,,,,,,,,,,,,,,,,,,,,,,,,,,,,,,,,,,
2026-03-19,Tobias Harris,DET,PA,UNDER,18.0,10.8,-7.2,82.4,13.1,-4.9,,0.0,False,,WIN,12.0,,,,,,,,,,,,,,,,,,,,,,,,,,,,,,,,,,,,,,,,,,,,,,,,,,,,,,,,,,,,,,,,,,,,,,,,,,,,,,,,
2026-03-19,VJ Edgecombe,PHI,PA,UNDER,25.5,18.4,-7.1,82.1,20.4,-5.1,,0.0,False,,LOSS,49.0,,,,,,,,,,,,,,,,,,,,,,,,,,,,,,,,,,,,,,,,,,,,,,,,,,,,,,,,,,,,,,,,,,,,,,,,,,,,,,,,
2026-03-19,Justin Edwards,PHI,PR,UNDER,15.5,8.6,-6.9,81.6,9.3,-6.2,,0.0,False,,LOSS,32.0,,,,,,,,,,,,,,,,,,,,,,,,,,,,,,,,,,,,,,,,,,,,,,,,,,,,,,,,,,,,,,,,,,,,,,,,,,,,,,,,
2026-03-19,Paul Reed,DET,PRA,UNDER,13.5,6.9,-6.6,80.8,12.2,-1.3,,0.0,False,,LOSS,24.0,,,,,,,,,,,,,,,,,,,,,,,,,,,,,,,,,,,,,,,,,,,,,,,,,,,,,,,,,,,,,,,,,,,,,,,,,,,,,,,,
2026-03-19,Luka Dončić,LAL,PA,UNDER,42.5,35.9,-6.6,80.8,42.1,-0.4,,0.0,False,,LOSS,63.0,,,,,,,,,,,,,,,,,,,,,,,,,,,,,,,,,,,,,,,,,,,,,,,,,,,,,,,,,,,,,,,,,,,,,,,,,,,,,,,,
2026-03-19,Russell Westbrook,SAC,PA,UNDER,29.5,23.1,-6.4,80.2,22.2,-7.3,,0.0,False,,WIN,19.0,,,,,,,,,,,,,,,,,,,,,,,,,,,,,,,,,,,,,,,,,,,,,,,,,,,,,,,,,,,,,,,,,,,,,,,,,,,,,,,,
2026-03-19,Tyler Herro,MIA,PA,UNDER,27.5,21.1,-6.4,80.2,26.9,-0.6,,0.0,False,,WIN,26.0,,,,,,,,,,,,,,,,,,,,,,,,,,,,,,,,,,,,,,,,,,,,,,,,,,,,,,,,,,,,,,,,,,,,,,,,,,,,,,,,
2026-03-19,Ausar Thompson,DET,PRA,UNDER,21.0,14.8,-6.2,79.7,18.4,-2.6,,0.0,False,,LOSS,22.0,,,,,,,,,,,,,,,,,,,,,,,,,,,,,,,,,,,,,,,,,,,,,,,,,,,,,,,,,,,,,,,,,,,,,,,,,,,,,,,,
2026-03-19,Yves Missi,NOP,PRA,UNDER,19.5,13.4,-6.1,79.4,10.5,-9.0,,0.0,False,,LOSS,26.0,,,,,,,,,,,,,,,,,,,,,,,,,,,,,,,,,,,,,,,,,,,,,,,,,,,,,,,,,,,,,,,,,,,,,,,,,,,,,,,,
2026-03-19,Jalen Duren,DET,PA,UNDER,26.5,20.5,-6.0,79.1,23.6,-2.9,,0.0,False,,WIN,24.0,,,,,,,,,,,,,,,,,,,,,,,,,,,,,,,,,,,,,,,,,,,,,,,,,,,,,,,,,,,,,,,,,,,,,,,,,,,,,,,,
2026-03-19,Daniss Jenkins,DET,PR,UNDER,15.5,9.6,-5.9,78.8,7.9,-7.6,,0.0,False,,WIN,11.0,,,,,,,,,,,,,,,,,,,,,,,,,,,,,,,,,,,,,,,,,,,,,,,,,,,,,,,,,,,,,,,,,,,,,,,,,,,,,,,,
2026-03-19,Kon Knueppel,CHA,PA,OVER,20.5,26.4,5.9,78.8,22.8,2.3,,0.0,False,,WIN,21.0,,,,,,,,,,,,,,,,,,,,,,,,,,,,,,,,,,,,,,,,,,,,,,,,,,,,,,,,,,,,,,,,,,,,,,,,,,,,,,,,
2026-03-19,Maxime Raynaud,SAC,PR,UNDER,27.5,21.7,-5.8,78.5,25.0,-2.5,,0.0,False,,LOSS,34.0,,,,,,,,,,,,,,,,,,,,,,,,,,,,,,,,,,,,,,,,,,,,,,,,,,,,,,,,,,,,,,,,,,,,,,,,,,,,,,,,
2026-03-19,Bobby Portis,MIL,PRA,UNDER,26.5,20.8,-5.7,78.2,20.6,-5.9,,0.0,False,,WIN,18.0,,,,,,,,,,,,,,,,,,,,,,,,,,,,,,,,,,,,,,,,,,,,,,,,,,,,,,,,,,,,,,,,,,,,,,,,,,,,,,,,
2026-03-19,Jalen Duren,DET,PRA,UNDER,37.0,31.3,-5.7,78.2,34.4,-2.6,,0.0,False,,WIN,35.0,,,,,,,,,,,,,,,,,,,,,,,,,,,,,,,,,,,,,,,,,,,,,,,,,,,,,,,,,,,,,,,,,,,,,,,,,,,,,,,,
2026-03-19,VJ Edgecombe,PHI,PRA,UNDER,30.0,24.3,-5.7,78.2,26.3,-3.7,,0.0,False,,LOSS,56.0,,,,,,,,,,,,,,,,,,,,,,,,,,,,,,,,,,,,,,,,,,,,,,,,,,,,,,,,,,,,,,,,,,,,,,,,,,,,,,,,
2026-03-19,Bam Adebayo,MIA,PTS,OVER,22.0,27.5,5.5,77.5,28.0,6.0,,0.0,False,,WIN,28.0,,,,,,,,,,,,,,,,,,,,,,,,,,,,,,,,,,,,,,,,,,,,,,,,,,,,,,,,,,,,,,,,,,,,,,,,,,,,,,,,
2026-03-19,Kon Knueppel,CHA,PRA,OVER,26.0,31.5,5.5,77.5,27.2,1.2,,0.0,False,,WIN,27.0,,,,,,,,,,,,,,,,,,,,,,,,,,,,,,,,,,,,,,,,,,,,,,,,,,,,,,,,,,,,,,,,,,,,,,,,,,,,,,,,
2026-03-19,Jabari Walker,PHI,PTS,UNDER,13.0,7.6,-5.4,77.2,7.1,-5.9,,0.0,False,,WIN,0.0,,,,,,,,,,,,,,,,,,,,,,,,,,,,,,,,,,,,,,,,,,,,,,,,,,,,,,,,,,,,,,,,,,,,,,,,,,,,,,,,
2026-03-19,VJ Edgecombe,PHI,PR,UNDER,26.5,21.1,-5.4,77.2,23.5,-3.0,,0.0,False,,LOSS,45.0,,,,,,,,,,,,,,,,,,,,,,,,,,,,,,,,,,,,,,,,,,,,,,,,,,,,,,,,,,,,,,,,,,,,,,,,,,,,,,,,
2026-03-19,AJ Green,MIL,PRA,UNDER,14.5,9.3,-5.2,76.5,9.3,-5.2,,0.0,False,,WIN,3.0,,,,,,,,,,,,,,,,,,,,,,,,,,,,,,,,,,,,,,,,,,,,,,,,,,,,,,,,,,,,,,,,,,,,,,,,,,,,,,,,
2026-03-19,Pelle Larsson,MIA,PRA,OVER,17.5,22.7,5.2,76.5,20.3,2.8,,0.0,False,,WIN,18.0,,,,,,,,,,,,,,,,,,,,,,,,,,,,,,,,,,,,,,,,,,,,,,,,,,,,,,,,,,,,,,,,,,,,,,,,,,,,,,,,
2026-03-19,Ausar Thompson,DET,PR,UNDER,17.0,11.8,-5.2,76.5,14.3,-2.7,,0.0,False,,LOSS,19.0,,,,,,,,,,,,,,,,,,,,,,,,,,,,,,,,,,,,,,,,,,,,,,,,,,,,,,,,,,,,,,,,,,,,,,,,,,,,,,,,
2026-03-19,Tobias Harris,DET,PR,UNDER,19.5,14.3,-5.2,76.5,17.1,-2.4,,0.0,False,,WIN,14.0,,,,,,,,,,,,,,,,,,,,,,,,,,,,,,,,,,,,,,,,,,,,,,,,,,,,,,,,,,,,,,,,,,,,,,,,,,,,,,,,
2026-03-19,Justin Edwards,PHI,PTS,UNDER,11.5,6.4,-5.1,76.2,7.2,-4.3,,0.0,False,,LOSS,32.0,,,,,,,,,,,,,,,,,,,,,,,,,,,,,,,,,,,,,,,,,,,,,,,,,,,,,,,,,,,,,,,,,,,,,,,,,,,,,,,,
2026-03-19,VJ Edgecombe,PHI,PTS,UNDER,20.25,15.2,-5.1,76.0,17.6,-2.6,,0.0,False,,LOSS,38.0,,,,,,,,,,,,,,,,,,,,,,,,,,,,,,,,,,,,,,,,,,,,,,,,,,,,,,,,,,,,,,,,,,,,,,,,,,,,,,,,
2026-03-19,Precious Achiuwa,SAC,PA,UNDER,19.5,14.6,-4.9,75.5,18.8,-0.7,,0.0,False,,WIN,12.0,,,,,,,,,,,,,,,,,,,,,,,,,,,,,,,,,,,,,,,,,,,,,,,,,,,,,,,,,,,,,,,,,,,,,,,,,,,,,,,,
2026-03-19,Ace Bailey,UTA,PA,UNDER,21.0,16.1,-4.9,75.5,18.4,-2.6,,0.0,False,,LOSS,37.0,,,,,,,,,,,,,,,,,,,,,,,,,,,,,,,,,,,,,,,,,,,,,,,,,,,,,,,,,,,,,,,,,,,,,,,,,,,,,,,,
2026-03-19,Tobias Harris,DET,PRA,UNDER,20.5,15.7,-4.8,75.1,18.6,-1.9,,0.0,False,,WIN,19.0,,,,,,,,,,,,,,,,,,,,,,,,,,,,,,,,,,,,,,,,,,,,,,,,,,,,,,,,,,,,,,,,,,,,,,,,,,,,,,,,
2026-03-19,Oso Ighodaro,PHX,PRA,UNDER,17.5,12.7,-4.8,75.1,16.1,-1.4,,0.0,False,,LOSS,29.0,,,,,,,,,,,,,,,,,,,,,,,,,,,,,,,,,,,,,,,,,,,,,,,,,,,,,,,,,,,,,,,,,,,,,,,,,,,,,,,,
2026-03-19,Kon Knueppel,CHA,PR,OVER,23.75,28.5,4.8,75.0,24.5,0.8,,0.0,False,,LOSS,23.0,,,,,,,,,,,,,,,,,,,,,,,,,,,,,,,,,,,,,,,,,,,,,,,,,,,,,,,,,,,,,,,,,,,,,,,,,,,,,,,,
2026-03-19,Taurean Prince,MIL,PRA,UNDER,11.5,6.8,-4.7,74.8,7.1,-4.4,,0.0,False,,WIN,9.0,,,,,,,,,,,,,,,,,,,,,,,,,,,,,,,,,,,,,,,,,,,,,,,,,,,,,,,,,,,,,,,,,,,,,,,,,,,,,,,,
2026-03-19,Jalen Green,PHX,PA,UNDER,26.5,21.8,-4.7,74.8,23.6,-2.9,,0.0,False,,WIN,21.0,,,,,,,,,,,,,,,,,,,,,,,,,,,,,,,,,,,,,,,,,,,,,,,,,,,,,,,,,,,,,,,,,,,,,,,,,,,,,,,,
2026-03-19,Collin Sexton,CHI,PTS,OVER,12.5,17.1,4.6,74.4,14.9,2.4,,0.0,False,,LOSS,9.0,,,,,,,,,,,,,,,,,,,,,,,,,,,,,,,,,,,,,,,,,,,,,,,,,,,,,,,,,,,,,,,,,,,,,,,,,,,,,,,,
2026-03-19,Daniss Jenkins,DET,PTS,UNDER,12.0,7.4,-4.6,74.4,6.1,-5.9,,0.0,False,,WIN,9.0,,,,,,,,,,,,,,,,,,,,,,,,,,,,,,,,,,,,,,,,,,,,,,,,,,,,,,,,,,,,,,,,,,,,,,,,,,,,,,,,
2026-03-19,James Harden,CLE,PA,UNDER,32.5,27.9,-4.6,74.4,27.6,-4.9,,0.0,False,,LOSS,45.0,,,,,,,,,,,,,,,,,,,,,,,,,,,,,,,,,,,,,,,,,,,,,,,,,,,,,,,,,,,,,,,,,,,,,,,,,,,,,,,,
2026-03-19,Yves Missi,NOP,PA,UNDER,12.0,7.4,-4.6,74.4,5.5,-6.5,,0.0,False,,LOSS,15.0,,,,,,,,,,,,,,,,,,,,,,,,,,,,,,,,,,,,,,,,,,,,,,,,,,,,,,,,,,,,,,,,,,,,,,,,,,,,,,,,
2026-03-19,Taurean Prince,MIL,PA,UNDER,9.5,5.0,-4.5,74.1,5.3,-4.2,,0.0,False,,WIN,7.0,,,,,,,,,,,,,,,,,,,,,,,,,,,,,,,,,,,,,,,,,,,,,,,,,,,,,,,,,,,,,,,,,,,,,,,,,,,,,,,,
2026-03-19,Austin Reaves,LAL,PA,UNDER,31.5,27.0,-4.5,74.1,26.3,-5.2,,0.0,False,,WIN,22.0,,,,,,,,,,,,,,,,,,,,,,,,,,,,,,,,,,,,,,,,,,,,,,,,,,,,,,,,,,,,,,,,,,,,,,,,,,,,,,,,
2026-03-19,Kyle Filipowski,UTA,PA,UNDER,19.0,14.6,-4.4,73.7,19.0,,,0.0,False,,WIN,17.0,,,,,,,,,,,,,,,,,,,,,,,,,,,,,,,,,,,,,,,,,,,,,,,,,,,,,,,,,,,,,,,,,,,,,,,,,,,,,,,,
2026-03-19,Luke Kornet,SAS,PRA,UNDER,14.5,10.1,-4.4,73.7,8.5,-6.0,,0.0,False,,WIN,5.0,,,,,,,,,,,,,,,,,,,,,,,,,,,,,,,,,,,,,,,,,,,,,,,,,,,,,,,,,,,,,,,,,,,,,,,,,,,,,,,,
2026-03-19,Ausar Thompson,DET,PA,UNDER,14.5,10.2,-4.3,73.3,13.1,-1.4,,0.0,False,,WIN,13.0,,,,,,,,,,,,,,,,,,,,,,,,,,,,,,,,,,,,,,,,,,,,,,,,,,,,,,,,,,,,,,,,,,,,,,,,,,,,,,,,
2026-03-19,Collin Sexton,CHI,PR,OVER,15.5,19.8,4.3,73.3,17.0,1.5,,0.0,False,,LOSS,13.0,,,,,,,,,,,,,,,,,,,,,,,,,,,,,,,,,,,,,,,,,,,,,,,,,,,,,,,,,,,,,,,,,,,,,,,,,,,,,,,,
2026-03-19,LeBron James,LAL,PR,UNDER,27.5,23.3,-4.2,72.9,23.9,-3.6,,0.0,False,,LOSS,34.0,,,,,,,,,,,,,,,,,,,,,,,,,,,,,,,,,,,,,,,,,,,,,,,,,,,,,,,,,,,,,,,,,,,,,,,,,,,,,,,,
2026-03-19,LaMelo Ball,CHA,PR,UNDER,27.5,23.3,-4.2,72.9,25.8,-1.7,,0.0,False,,WIN,26.0,,,,,,,,,,,,,,,,,,,,,,,,,,,,,,,,,,,,,,,,,,,,,,,,,,,,,,,,,,,,,,,,,,,,,,,,,,,,,,,,
2026-03-19,Pelle Larsson,MIA,PTS,OVER,10.5,14.6,4.1,72.5,12.7,2.2,,0.0,False,,WIN,11.0,,,,,,,,,,,,,,,,,,,,,,,,,,,,,,,,,,,,,,,,,,,,,,,,,,,,,,,,,,,,,,,,,,,,,,,,,,,,,,,,
2026-03-19,Josh Giddey,CHI,PR,UNDER,28.0,23.9,-4.1,72.5,25.6,-2.4,,0.0,False,,WIN,15.0,,,,,,,,,,,,,,,,,,,,,,,,,,,,,,,,,,,,,,,,,,,,,,,,,,,,,,,,,,,,,,,,,,,,,,,,,,,,,,,,
2026-03-19,Jalen Duren,DET,PTS,UNDER,23.0,18.9,-4.1,72.5,22.0,-1.0,,0.0,False,,LOSS,24.0,,,,,,,,,,,,,,,,,,,,,,,,,,,,,,,,,,,,,,,,,,,,,,,,,,,,,,,,,,,,,,,,,,,,,,,,,,,,,,,,
2026-03-19,Marcus Sasser,DET,PA,UNDER,13.5,9.4,-4.1,72.5,6.8,-6.7,,0.0,False,,WIN,7.0,,,,,,,,,,,,,,,,,,,,,,,,,,,,,,,,,,,,,,,,,,,,,,,,,,,,,,,,,,,,,,,,,,,,,,,,,,,,,,,,
2026-03-19,AJ Green,MIL,PA,UNDER,11.5,7.4,-4.1,72.5,7.7,-3.8,,0.0,False,,WIN,0.0,,,,,,,,,,,,,,,,,,,,,,,,,,,,,,,,,,,,,,,,,,,,,,,,,,,,,,,,,,,,,,,,,,,,,,,,,,,,,,,,
2026-03-19,Deandre Ayton,LAL,PR,UNDER,22.5,18.5,-4.0,72.1,18.4,-4.1,,0.0,False,,WIN,10.0,,,,,,,,,,,,,,,,,,,,,,,,,,,,,,,,,,,,,,,,,,,,,,,,,,,,,,,,,,,,,,,,,,,,,,,,,,,,,,,,
2026-03-19,Bobby Portis,MIL,PA,UNDER,19.5,15.5,-4.0,72.1,16.2,-3.3,,0.0,False,,WIN,12.0,,,,,,,,,,,,,,,,,,,,,,,,,,,,,,,,,,,,,,,,,,,,,,,,,,,,,,,,,,,,,,,,,,,,,,,,,,,,,,,,
2026-03-19,Maxime Raynaud,SAC,PRA,UNDER,27.5,23.5,-4.0,72.1,26.8,-0.7,,0.0,False,,LOSS,36.0,,,,,,,,,,,,,,,,,,,,,,,,,,,,,,,,,,,,,,,,,,,,,,,,,,,,,,,,,,,,,,,,,,,,,,,,,,,,,,,,
2026-03-19,Goga Bitadze,ORL,PA,UNDER,9.5,5.6,-3.9,71.7,5.2,-4.3,,0.0,False,,WIN,5.0,,,,,,,,,,,,,,,,,,,,,,,,,,,,,,,,,,,,,,,,,,,,,,,,,,,,,,,,,,,,,,,,,,,,,,,,,,,,,,,,
2026-03-19,Dominick Barlow,PHI,PRA,UNDER,18.5,14.6,-3.9,71.7,11.9,-6.6,,0.0,False,,LOSS,22.0,,,,,,,,,,,,,,,,,,,,,,,,,,,,,,,,,,,,,,,,,,,,,,,,,,,,,,,,,,,,,,,,,,,,,,,,,,,,,,,,
2026-03-19,Kon Knueppel,CHA,PTS,OVER,19.5,23.4,3.9,71.7,20.1,0.6,,0.0,False,,LOSS,17.0,,,,,,,,,,,,,,,,,,,,,,,,,,,,,,,,,,,,,,,,,,,,,,,,,,,,,,,,,,,,,,,,,,,,,,,,,,,,,,,,
2026-03-19,Alex Sarr,WAS,PR,OVER,17.5,21.3,3.8,71.3,25.1,7.6,,0.0,False,,LOSS,5.0,,,,,,,,,,,,,,,,,,,,,,,,,,,,,,,,,,,,,,,,,,,,,,,,,,,,,,,,,,,,,,,,,,,,,,,,,,,,,,,,
2026-03-19,AJ Green,MIL,PR,UNDER,12.0,8.2,-3.8,71.3,8.4,-3.6,,0.0,False,,WIN,3.0,,,,,,,,,,,,,,,,,,,,,,,,,,,,,,,,,,,,,,,,,,,,,,,,,,,,,,,,,,,,,,,,,,,,,,,,,,,,,,,,
2026-03-19,De'Aaron Fox,SAS,PRA,OVER,26.0,29.8,3.8,71.3,28.5,2.5,,0.0,False,,WIN,33.0,,,,,,,,,,,,,,,,,,,,,,,,,,,,,,,,,,,,,,,,,,,,,,,,,,,,,,,,,,,,,,,,,,,,,,,,,,,,,,,,
2026-03-19,Guerschon Yabusele,CHI,PTS,OVER,7.5,11.3,3.8,71.3,10.3,2.8,,0.0,False,,WIN,10.0,,,,,,,,,,,,,,,,,,,,,,,,,,,,,,,,,,,,,,,,,,,,,,,,,,,,,,,,,,,,,,,,,,,,,,,,,,,,,,,,
2026-03-19,Kyle Kuzma,MIL,PRA,UNDER,21.0,17.3,-3.7,70.9,20.6,-0.4,,0.0,False,,WIN,17.0,,,,,,,,,,,,,,,,,,,,,,,,,,,,,,,,,,,,,,,,,,,,,,,,,,,,,,,,,,,,,,,,,,,,,,,,,,,,,,,,
2026-03-19,Miles Bridges,CHA,PR,UNDER,21.0,17.3,-3.7,70.9,17.4,-3.6,,0.0,False,,WIN,14.0,,,,,,,,,,,,,,,,,,,,,,,,,,,,,,,,,,,,,,,,,,,,,,,,,,,,,,,,,,,,,,,,,,,,,,,,,,,,,,,,
2026-03-19,Jeremiah Fears,NOP,PA,UNDER,18.0,14.3,-3.7,70.9,16.2,-1.8,,0.0,False,,WIN,10.0,,,,,,,,,,,,,,,,,,,,,,,,,,,,,,,,,,,,,,,,,,,,,,,,,,,,,,,,,,,,,,,,,,,,,,,,,,,,,,,,
2026-03-19,Dominick Barlow,PHI,PA,UNDER,13.5,9.8,-3.7,70.9,8.2,-5.3,,0.0,False,,LOSS,14.0,,,,,,,,,,,,,,,,,,,,,,,,,,,,,,,,,,,,,,,,,,,,,,,,,,,,,,,,,,,,,,,,,,,,,,,,,,,,,,,,
2026-03-19,Bobby Portis,MIL,PR,UNDER,23.0,19.3,-3.7,70.9,19.5,-3.5,,0.0,False,,WIN,17.0,,,,,,,,,,,,,,,,,,,,,,,,,,,,,,,,,,,,,,,,,,,,,,,,,,,,,,,,,,,,,,,,,,,,,,,,,,,,,,,,
2026-03-19,Grayson Allen,PHX,PRA,OVER,20.5,24.2,3.7,70.9,26.9,6.4,,0.0,False,,DNP,,,,,,,2026-04-01 11:16:38,,,,,,,,,,,,,,,,,,,,,,,,,,,,,,,,,,,,,,,,,,,,,,,,,,,,,,,,,,,,,,,,,,,,,,,,,,
2026-03-19,Devin Vassell,SAS,PA,OVER,14.25,17.9,3.6,70.7,16.8,2.6,,0.0,False,,LOSS,14.0,,,,,,,,,,,,,,,,,,,,,,,,,,,,,,,,,,,,,,,,,,,,,,,,,,,,,,,,,,,,,,,,,,,,,,,,,,,,,,,,
2026-03-19,Dominick Barlow,PHI,PTS,UNDER,12.25,8.6,-3.7,70.7,7.4,-4.8,,0.0,False,,WIN,12.0,,,,,,,,,,,,,,,,,,,,,,,,,,,,,,,,,,,,,,,,,,,,,,,,,,,,,,,,,,,,,,,,,,,,,,,,,,,,,,,,
2026-03-19,Tre Jones,CHI,PR,OVER,15.5,19.1,3.6,70.4,17.9,2.4,,0.0,False,,WIN,24.0,,,,,,,,,,,,,,,,,,,,,,,,,,,,,,,,,,,,,,,,,,,,,,,,,,,,,,,,,,,,,,,,,,,,,,,,,,,,,,,,
2026-03-19,Russell Westbrook,SAC,PR,UNDER,24.5,20.9,-3.6,70.4,20.2,-4.3,,0.0,False,,WIN,14.0,,,,,,,,,,,,,,,,,,,,,,,,,,,,,,,,,,,,,,,,,,,,,,,,,,,,,,,,,,,,,,,,,,,,,,,,,,,,,,,,
2026-03-19,Ryan Rollins,MIL,PRA,UNDER,30.5,26.9,-3.6,70.4,25.6,-4.9,,0.0,False,,WIN,23.0,,,,,,,,,,,,,,,,,,,,,,,,,,,,,,,,,,,,,,,,,,,,,,,,,,,,,,,,,,,,,,,,,,,,,,,,,,,,,,,,
2026-03-19,Paolo Banchero,ORL,PA,OVER,28.0,31.6,3.6,70.4,31.4,3.4,,0.0,False,,LOSS,27.0,,,,,,,,,,,,,,,,,,,,,,,,,,,,,,,,,,,,,,,,,,,,,,,,,,,,,,,,,,,,,,,,,,,,,,,,,,,,,,,,
2026-03-19,Jeremiah Fears,NOP,PR,UNDER,18.0,14.4,-3.6,70.4,15.9,-2.1,,0.0,False,,WIN,8.0,,,,,,,,,,,,,,,,,,,,,,,,,,,,,,,,,,,,,,,,,,,,,,,,,,,,,,,,,,,,,,,,,,,,,,,,,,,,,,,,
2026-03-19,Grant Williams,CHA,PA,OVER,7.5,11.0,3.5,70.0,11.5,4.0,,0.0,False,,LOSS,0.0,,,,,,,,,,,,,,,,,,,,,,,,,,,,,,,,,,,,,,,,,,,,,,,,,,,,,,,,,,,,,,,,,,,,,,,,,,,,,,,,
2026-03-19,Taurean Prince,MIL,PR,UNDER,9.5,6.0,-3.5,70.0,6.4,-3.1,,0.0,False,,WIN,8.0,,,,,,,,,,,,,,,,,,,,,,,,,,,,,,,,,,,,,,,,,,,,,,,,,,,,,,,,,,,,,,,,,,,,,,,,,,,,,,,,
2026-03-19,Tre Jones,CHI,PTS,OVER,12.5,16.0,3.5,70.0,15.2,2.7,,0.0,False,,WIN,20.0,,,,,,,,,,,,,,,,,,,,,,,,,,,,,,,,,,,,,,,,,,,,,,,,,,,,,,,,,,,,,,,,,,,,,,,,,,,,,,,,
2026-03-19,Trendon Watford,PHI,PTS,UNDER,12.0,8.5,-3.5,70.0,7.5,-4.5,,0.0,False,,WIN,2.0,,,,,,,,,,,,,,,,,,,,,,,,,,,,,,,,,,,,,,,,,,,,,,,,,,,,,,,,,,,,,,,,,,,,,,,,,,,,,,,,
2026-03-19,Tre Jones,CHI,PRA,OVER,20.5,24.0,3.5,70.0,21.8,1.3,,0.0,False,,WIN,27.0,,,,,,,,,,,,,,,,,,,,,,,,,,,,,,,,,,,,,,,,,,,,,,,,,,,,,,,,,,,,,,,,,,,,,,,,,,,,,,,,
2026-03-19,Marcus Smart,LAL,PRA,UNDER,19.5,16.1,-3.4,69.6,14.9,-4.6,,0.0,False,,WIN,19.0,,,,,,,,,,,,,,,,,,,,,,,,,,,,,,,,,,,,,,,,,,,,,,,,,,,,,,,,,,,,,,,,,,,,,,,,,,,,,,,,
2026-03-19,Tre Jones,CHI,PA,OVER,17.5,20.9,3.4,69.6,19.1,1.6,,0.0,False,,WIN,23.0,,,,,,,,,,,,,,,,,,,,,,,,,,,,,,,,,,,,,,,,,,,,,,,,,,,,,,,,,,,,,,,,,,,,,,,,,,,,,,,,
2026-03-19,Paolo Banchero,ORL,PR,OVER,31.5,34.9,3.4,69.6,35.2,3.7,,0.0,False,,LOSS,23.0,,,,,,,,,,,,,,,,,,,,,,,,,,,,,,,,,,,,,,,,,,,,,,,,,,,,,,,,,,,,,,,,,,,,,,,,,,,,,,,,
2026-03-19,Brook Lopez,LAC,PR,UNDER,17.0,13.6,-3.4,69.6,14.8,-2.2,,0.0,False,,WIN,9.0,,,,,,,,,,,,,,,,,,,,,,,,,,,,,,,,,,,,,,,,,,,,,,,,,,,,,,,,,,,,,,,,,,,,,,,,,,,,,,,,
2026-03-19,Marcus Sasser,DET,PRA,UNDER,15.0,11.6,-3.4,69.6,8.0,-7.0,,0.0,False,,WIN,8.0,,,,,,,,,,,,,,,,,,,,,,,,,,,,,,,,,,,,,,,,,,,,,,,,,,,,,,,,,,,,,,,,,,,,,,,,,,,,,,,,
2026-03-19,Goga Bitadze,ORL,TRB,UNDER,7.0,3.6,-3.4,69.6,3.5,-3.5,,0.0,False,,WIN,2.0,,,,,,,,,,,,,,,,,,,,,,,,,,,,,,,,,,,,,,,,,,,,,,,,,,,,,,,,,,,,,,,,,,,,,,,,,,,,,,,,
2026-03-19,Tobias Harris,DET,PTS,UNDER,12.75,9.4,-3.3,69.4,11.6,-1.2,,0.0,False,,WIN,7.0,,,,,,,,,,,,,,,,,,,,,,,,,,,,,,,,,,,,,,,,,,,,,,,,,,,,,,,,,,,,,,,,,,,,,,,,,,,,,,,,
2026-03-19,Oso Ighodaro,PHX,PR,UNDER,13.5,10.2,-3.3,69.1,13.1,-0.4,,0.0,False,,LOSS,22.0,,,,,,,,,,,,,,,,,,,,,,,,,,,,,,,,,,,,,,,,,,,,,,,,,,,,,,,,,,,,,,,,,,,,,,,,,,,,,,,,
2026-03-19,Ausar Thompson,DET,PTS,UNDER,10.5,7.2,-3.3,69.1,9.0,-1.5,,0.0,False,,WIN,10.0,,,,,,,,,,,,,,,,,,,,,,,,,,,,,,,,,,,,,,,,,,,,,,,,,,,,,,,,,,,,,,,,,,,,,,,,,,,,,,,,
2026-03-19,Keldon Johnson,SAS,PR,UNDER,17.0,13.7,-3.3,69.1,14.0,-3.0,,0.0,False,,WIN,10.0,,,,,,,,,,,,,,,,,,,,,,,,,,,,,,,,,,,,,,,,,,,,,,,,,,,,,,,,,,,,,,,,,,,,,,,,,,,,,,,,
2026-03-19,Josh Giddey,CHI,PA,UNDER,28.5,25.2,-3.3,69.1,26.7,-1.8,,0.0,False,,WIN,28.0,,,,,,,,,,,,,,,,,,,,,,,,,,,,,,,,,,,,,,,,,,,,,,,,,,,,,,,,,,,,,,,,,,,,,,,,,,,,,,,,
2026-03-19,Ryan Rollins,MIL,PTS,UNDER,19.5,16.2,-3.3,69.1,14.0,-5.5,,0.0,False,,WIN,15.0,,,,,,,,,,,,,,,,,,,,,,,,,,,,,,,,,,,,,,,,,,,,,,,,,,,,,,,,,,,,,,,,,,,,,,,,,,,,,,,,
2026-03-19,Russell Westbrook,SAC,PRA,UNDER,30.5,27.2,-3.3,69.1,26.0,-4.5,,0.0,False,,WIN,22.0,,,,,,,,,,,,,,,,,,,,,,,,,,,,,,,,,,,,,,,,,,,,,,,,,,,,,,,,,,,,,,,,,,,,,,,,,,,,,,,,
2026-03-19,Ryan Rollins,MIL,PA,UNDER,25.5,22.3,-3.2,68.7,20.8,-4.7,,0.0,False,,WIN,20.0,,,,,,,,,,,,,,,,,,,,,,,,,,,,,,,,,,,,,,,,,,,,,,,,,,,,,,,,,,,,,,,,,,,,,,,,,,,,,,,,
2026-03-19,Stephon Castle,SAS,PR,OVER,21.0,24.2,3.2,68.7,21.4,0.4,,0.0,False,,DNP,,,,,,,2026-04-01 11:16:38,,,,,,,,,,,,,,,,,,,,,,,,,,,,,,,,,,,,,,,,,,,,,,,,,,,,,,,,,,,,,,,,,,,,,,,,,,
2026-03-19,AJ Green,MIL,PTS,UNDER,9.5,6.3,-3.2,68.7,6.8,-2.7,,0.0,False,,WIN,0.0,,,,,,,,,,,,,,,,,,,,,,,,,,,,,,,,,,,,,,,,,,,,,,,,,,,,,,,,,,,,,,,,,,,,,,,,,,,,,,,,
2026-03-19,Davion Mitchell,MIA,AST,UNDER,8.0,4.8,-3.2,68.7,5.1,-2.9,,0.0,False,,WIN,6.0,,,,,,,,,,,,,,,,,,,,,,,,,,,,,,,,,,,,,,,,,,,,,,,,,,,,,,,,,,,,,,,,,,,,,,,,,,,,,,,,
2026-03-19,Jordan Goodwin,PHX,PA,UNDER,14.5,11.3,-3.2,68.7,11.3,-3.2,,0.0,False,,WIN,5.0,,,,,,,,,,,,,,,,,,,,,,,,,,,,,,,,,,,,,,,,,,,,,,,,,,,,,,,,,,,,,,,,,,,,,,,,,,,,,,,,
2026-03-19,Guerschon Yabusele,CHI,PRA,OVER,16.0,19.2,3.2,68.7,19.5,3.5,,0.0,False,,WIN,22.0,,,,,,,,,,,,,,,,,,,,,,,,,,,,,,,,,,,,,,,,,,,,,,,,,,,,,,,,,,,,,,,,,,,,,,,,,,,,,,,,
2026-03-19,Kasparas Jakučionis,MIA,PR,OVER,9.0,12.2,3.2,68.7,11.4,2.4,,0.0,False,,PUSH,9.0,,,,,,,,,,,,,,,,,,,,,,,,,,,,,,,,,,,,,,,,,,,,,,,,,,,,,,,,,,,,,,,,,,,,,,,,,,,,,,,,
2026-03-19,Marcus Sasser,DET,PTS,UNDER,10.5,7.3,-3.2,68.7,5.1,-5.4,,0.0,False,,WIN,2.0,,,,,,,,,,,,,,,,,,,,,,,,,,,,,,,,,,,,,,,,,,,,,,,,,,,,,,,,,,,,,,,,,,,,,,,,,,,,,,,,
2026-03-19,Stephon Castle,SAS,PRA,OVER,28.5,31.6,3.1,68.2,28.9,0.4,,0.0,False,,DNP,,,,,,,2026-04-01 11:16:38,,,,,,,,,,,,,,,,,,,,,,,,,,,,,,,,,,,,,,,,,,,,,,,,,,,,,,,,,,,,,,,,,,,,,,,,,,
2026-03-19,Adem Bona,PHI,PRA,OVER,9.5,12.6,3.1,68.2,13.4,3.9,,0.0,False,,WIN,18.0,,,,,,,,,,,,,,,,,,,,,,,,,,,,,,,,,,,,,,,,,,,,,,,,,,,,,,,,,,,,,,,,,,,,,,,,,,,,,,,,
2026-03-19,Kawhi Leonard,LAC,PRA,OVER,37.5,40.6,3.1,68.2,40.5,3.0,,0.0,False,,DNP,,,,,,,2026-04-01 11:16:38,,,,,,,,,,,,,,,,,,,,,,,,,,,,,,,,,,,,,,,,,,,,,,,,,,,,,,,,,,,,,,,,,,,,,,,,,,
2026-03-19,Maxime Raynaud,SAC,PA,UNDER,18.5,15.4,-3.1,68.2,18.0,-0.5,,0.0,False,,LOSS,32.0,,,,,,,,,,,,,,,,,,,,,,,,,,,,,,,,,,,,,,,,,,,,,,,,,,,,,,,,,,,,,,,,,,,,,,,,,,,,,,,,
2026-03-19,Moritz Wagner,ORL,PR,UNDER,11.0,7.9,-3.1,68.2,10.4,-0.6,,0.0,False,,WIN,6.0,,,,,,,,,,,,,,,,,,,,,,,,,,,,,,,,,,,,,,,,,,,,,,,,,,,,,,,,,,,,,,,,,,,,,,,,,,,,,,,,
2026-03-19,Dominick Barlow,PHI,PR,UNDER,16.5,13.4,-3.1,68.2,11.1,-5.4,,0.0,False,,LOSS,20.0,,,,,,,,,,,,,,,,,,,,,,,,,,,,,,,,,,,,,,,,,,,,,,,,,,,,,,,,,,,,,,,,,,,,,,,,,,,,,,,,
2026-03-19,Dean Wade,CLE,PA,UNDER,9.5,6.4,-3.1,68.2,7.2,-2.3,,0.0,False,,WIN,1.0,,,,,,,,,,,,,,,,,,,,,,,,,,,,,,,,,,,,,,,,,,,,,,,,,,,,,,,,,,,,,,,,,,,,,,,,,,,,,,,,
2026-03-19,Donovan Mitchell,CLE,PR,UNDER,32.0,28.9,-3.1,68.2,28.9,-3.1,,0.0,False,,DNP,,,,,,,2026-04-01 11:16:38,,,,,,,,,,,,,,,,,,,,,,,,,,,,,,,,,,,,,,,,,,,,,,,,,,,,,,,,,,,,,,,,,,,,,,,,,,
2026-03-19,Paolo Banchero,ORL,PTS,OVER,23.5,26.6,3.1,68.2,26.0,2.5,,0.0,False,,LOSS,20.0,,,,,,,,,,,,,,,,,,,,,,,,,,,,,,,,,,,,,,,,,,,,,,,,,,,,,,,,,,,,,,,,,,,,,,,,,,,,,,,,
2026-03-19,Collin Sexton,CHI,PA,OVER,16.5,19.6,3.1,68.2,16.7,0.2,,0.0,False,,LOSS,11.0,,,,,,,,,,,,,,,,,,,,,,,,,,,,,,,,,,,,,,,,,,,,,,,,,,,,,,,,,,,,,,,,,,,,,,,,,,,,,,,,
2026-03-19,Cameron Payne,PHI,PTS,UNDER,12.25,9.2,-3.1,68.0,8.9,-3.3,,0.0,False,,WIN,3.0,,,,,,,,,,,,,,,,,,,,,,,,,,,,,,,,,,,,,,,,,,,,,,,,,,,,,,,,,,,,,,,,,,,,,,,,,,,,,,,,
2026-03-19,Pelle Larsson,MIA,PA,OVER,15.5,18.5,3.0,67.8,16.8,1.3,,0.0,False,,WIN,16.0,,,,,,,,,,,,,,,,,,,,,,,,,,,,,,,,,,,,,,,,,,,,,,,,,,,,,,,,,,,,,,,,,,,,,,,,,,,,,,,,
2026-03-19,Jordan Goodwin,PHX,PTS,OVER,6.5,9.5,3.0,67.8,9.6,3.1,,0.0,False,,LOSS,5.0,,,,,,,,,,,,,,,,,,,,,,,,,,,,,,,,,,,,,,,,,,,,,,,,,,,,,,,,,,,,,,,,,,,,,,,,,,,,,,,,
2026-03-19,Moritz Wagner,ORL,PTS,UNDER,7.5,4.5,-3.0,67.8,6.0,-1.5,,0.0,False,,WIN,5.0,,,,,,,,,,,,,,,,,,,,,,,,,,,,,,,,,,,,,,,,,,,,,,,,,,,,,,,,,,,,,,,,,,,,,,,,,,,,,,,,
2026-03-19,Grayson Allen,PHX,PTS,OVER,14.0,17.0,3.0,67.8,19.2,5.2,,0.0,False,,DNP,,,,,,,2026-04-01 11:16:38,,,,,,,,,,,,,,,,,,,,,,,,,,,,,,,,,,,,,,,,,,,,,,,,,,,,,,,,,,,,,,,,,,,,,,,,,,
2026-03-19,Ousmane Dieng,MIL,PRA,UNDER,17.5,14.5,-3.0,67.8,14.5,-3.0,,0.0,False,,WIN,15.0,,,,,,,,,,,,,,,,,,,,,,,,,,,,,,,,,,,,,,,,,,,,,,,,,,,,,,,,,,,,,,,,,,,,,,,,,,,,,,,,
2026-03-19,Grayson Allen,PHX,PA,OVER,18.5,21.4,2.9,67.3,24.0,5.5,,0.0,False,,DNP,,,,,,,2026-04-01 11:16:38,,,,,,,,,,,,,,,,,,,,,,,,,,,,,,,,,,,,,,,,,,,,,,,,,,,,,,,,,,,,,,,,,,,,,,,,,,
2026-03-19,LeBron James,LAL,PA,UNDER,27.5,24.6,-2.9,67.3,25.3,-2.2,,0.0,False,,LOSS,29.0,,,,,,,,,,,,,,,,,,,,,,,,,,,,,,,,,,,,,,,,,,,,,,,,,,,,,,,,,,,,,,,,,,,,,,,,,,,,,,,,
2026-03-19,Brook Lopez,LAC,PA,UNDER,14.0,11.1,-2.9,67.3,12.5,-1.5,,0.0,False,,WIN,8.0,,,,,,,,,,,,,,,,,,,,,,,,,,,,,,,,,,,,,,,,,,,,,,,,,,,,,,,,,,,,,,,,,,,,,,,,,,,,,,,,
2026-03-19,Sam Merrill,CLE,PRA,UNDER,17.5,14.6,-2.9,67.3,14.6,-2.9,,0.0,False,,WIN,17.0,,,,,,,,,,,,,,,,,,,,,,,,,,,,,,,,,,,,,,,,,,,,,,,,,,,,,,,,,,,,,,,,,,,,,,,,,,,,,,,,
2026-03-19,Miles Bridges,CHA,PRA,UNDER,23.0,20.1,-2.9,67.3,20.1,-2.9,,0.0,False,,WIN,14.0,,,,,,,,,,,,,,,,,,,,,,,,,,,,,,,,,,,,,,,,,,,,,,,,,,,,,,,,,,,,,,,,,,,,,,,,,,,,,,,,
2026-03-19,Kel'el Ware,MIA,PRA,UNDER,23.5,20.7,-2.8,66.8,22.0,-1.5,,0.0,False,,LOSS,24.0,,,,,,,,,,,,,,,,,,,,,,,,,,,,,,,,,,,,,,,,,,,,,,,,,,,,,,,,,,,,,,,,,,,,,,,,,,,,,,,,
2026-03-19,Jeremiah Fears,NOP,PRA,UNDER,20.5,17.7,-2.8,66.8,19.5,-1.0,,0.0,False,,WIN,10.0,,,,,,,,,,,,,,,,,,,,,,,,,,,,,,,,,,,,,,,,,,,,,,,,,,,,,,,,,,,,,,,,,,,,,,,,,,,,,,,,
2026-03-19,Bobby Portis,MIL,TRB,UNDER,8.0,5.3,-2.7,66.3,4.4,-3.6,,0.0,False,,WIN,6.0,,,,,,,,,,,,,,,,,,,,,,,,,,,,,,,,,,,,,,,,,,,,,,,,,,,,,,,,,,,,,,,,,,,,,,,,,,,,,,,,
2026-03-19,Grant Williams,CHA,PRA,OVER,12.5,15.2,2.7,66.3,16.0,3.5,,0.0,False,,LOSS,3.0,,,,,,,,,,,,,,,,,,,,,,,,,,,,,,,,,,,,,,,,,,,,,,,,,,,,,,,,,,,,,,,,,,,,,,,,,,,,,,,,
2026-03-19,Devin Vassell,SAS,PR,OVER,16.5,19.2,2.7,66.3,18.4,1.9,,0.0,False,,LOSS,14.0,,,,,,,,,,,,,,,,,,,,,,,,,,,,,,,,,,,,,,,,,,,,,,,,,,,,,,,,,,,,,,,,,,,,,,,,,,,,,,,,
2026-03-19,Moussa Diabaté,CHA,PR,UNDER,18.5,15.8,-2.7,66.3,15.8,-2.7,,0.0,False,,WIN,8.0,,,,,,,,,,,,,,,,,,,,,,,,,,,,,,,,,,,,,,,,,,,,,,,,,,,,,,,,,,,,,,,,,,,,,,,,,,,,,,,,
2026-03-19,Jalen Green,PHX,PR,UNDER,25.5,22.8,-2.7,66.3,24.9,-0.6,,0.0,False,,WIN,25.0,,,,,,,,,,,,,,,,,,,,,,,,,,,,,,,,,,,,,,,,,,,,,,,,,,,,,,,,,,,,,,,,,,,,,,,,,,,,,,,,
2026-03-19,John Collins,LAC,PTS,OVER,13.5,16.2,2.7,66.3,14.8,1.3,,0.0,False,,WIN,18.0,,,,,,,,,,,,,,,,,,,,,,,,,,,,,,,,,,,,,,,,,,,,,,,,,,,,,,,,,,,,,,,,,,,,,,,,,,,,,,,,
2026-03-19,Jevon Carter,ORL,PRA,UNDER,12.5,9.8,-2.7,66.3,11.8,-0.7,,0.0,False,,LOSS,18.0,,,,,,,,,,,,,,,,,,,,,,,,,,,,,,,,,,,,,,,,,,,,,,,,,,,,,,,,,,,,,,,,,,,,,,,,,,,,,,,,
2026-03-19,Kel'el Ware,MIA,PR,UNDER,22.5,19.8,-2.7,66.3,21.5,-1.0,,0.0,False,,LOSS,23.0,,,,,,,,,,,,,,,,,,,,,,,,,,,,,,,,,,,,,,,,,,,,,,,,,,,,,,,,,,,,,,,,,,,,,,,,,,,,,,,,
2026-03-19,Kel'el Ware,MIA,PTS,UNDER,13.5,10.8,-2.7,66.3,11.2,-2.3,,0.0,False,,LOSS,14.0,,,,,,,,,,,,,,,,,,,,,,,,,,,,,,,,,,,,,,,,,,,,,,,,,,,,,,,,,,,,,,,,,,,,,,,,,,,,,,,,
2026-03-19,Ace Bailey,UTA,PTS,UNDER,17.0,14.3,-2.7,66.3,16.7,-0.3,,0.0,False,,LOSS,33.0,,,,,,,,,,,,,,,,,,,,,,,,,,,,,,,,,,,,,,,,,,,,,,,,,,,,,,,,,,,,,,,,,,,,,,,,,,,,,,,,
2026-03-19,Adem Bona,PHI,PA,UNDER,9.5,6.9,-2.6,65.8,7.9,-1.6,,0.0,False,,WIN,8.0,,,,,,,,,,,,,,,,,,,,,,,,,,,,,,,,,,,,,,,,,,,,,,,,,,,,,,,,,,,,,,,,,,,,,,,,,,,,,,,,
2026-03-19,Ousmane Dieng,MIL,PA,UNDER,13.0,10.4,-2.6,65.8,10.3,-2.7,,0.0,False,,LOSS,14.0,,,,,,,,,,,,,,,,,,,,,,,,,,,,,,,,,,,,,,,,,,,,,,,,,,,,,,,,,,,,,,,,,,,,,,,,,,,,,,,,
2026-03-19,Sam Merrill,CLE,PR,UNDER,15.0,12.4,-2.6,65.8,12.2,-2.8,,0.0,False,,WIN,14.0,,,,,,,,,,,,,,,,,,,,,,,,,,,,,,,,,,,,,,,,,,,,,,,,,,,,,,,,,,,,,,,,,,,,,,,,,,,,,,,,
2026-03-19,Oso Ighodaro,PHX,PTS,UNDER,8.0,5.4,-2.6,65.8,7.4,-0.6,,0.0,False,,LOSS,15.0,,,,,,,,,,,,,,,,,,,,,,,,,,,,,,,,,,,,,,,,,,,,,,,,,,,,,,,,,,,,,,,,,,,,,,,,,,,,,,,,
2026-03-19,Dennis Schröder,CLE,PRA,OVER,14.5,17.0,2.5,65.3,16.4,1.9,,0.0,False,,LOSS,14.0,,,,,,,,,,,,,,,,,,,,,,,,,,,,,,,,,,,,,,,,,,,,,,,,,,,,,,,,,,,,,,,,,,,,,,,,,,,,,,,,
2026-03-19,Myles Turner,MIL,PRA,UNDER,19.5,17.0,-2.5,65.3,16.0,-3.5,,0.0,False,,WIN,7.0,,,,,,,,,,,,,,,,,,,,,,,,,,,,,,,,,,,,,,,,,,,,,,,,,,,,,,,,,,,,,,,,,,,,,,,,,,,,,,,,
2026-03-19,Cameron Payne,PHI,PA,UNDER,14.5,12.0,-2.5,65.3,11.7,-2.8,,0.0,False,,WIN,3.0,,,,,,,,,,,,,,,,,,,,,,,,,,,,,,,,,,,,,,,,,,,,,,,,,,,,,,,,,,,,,,,,,,,,,,,,,,,,,,,,
2026-03-19,Bobby Portis,MIL,PTS,UNDER,16.5,14.0,-2.5,65.3,15.1,-1.4,,0.0,False,,WIN,11.0,,,,,,,,,,,,,,,,,,,,,,,,,,,,,,,,,,,,,,,,,,,,,,,,,,,,,,,,,,,,,,,,,,,,,,,,,,,,,,,,
2026-03-19,Devin Vassell,SAS,PTS,OVER,12.5,15.0,2.5,65.3,14.0,1.5,,0.0,False,,LOSS,12.0,,,,,,,,,,,,,,,,,,,,,,,,,,,,,,,,,,,,,,,,,,,,,,,,,,,,,,,,,,,,,,,,,,,,,,,,,,,,,,,,
2026-03-19,Sion James,CHA,PTS,UNDER,7.0,4.5,-2.5,65.3,4.5,-2.5,,0.0,False,,WIN,6.0,,,,,,,,,,,,,,,,,,,,,,,,,,,,,,,,,,,,,,,,,,,,,,,,,,,,,,,,,,,,,,,,,,,,,,,,,,,,,,,,
2026-03-19,Ousmane Dieng,MIL,PR,UNDER,14.25,11.8,-2.4,65.1,11.7,-2.6,,0.0,False,,WIN,14.0,,,,,,,,,,,,,,,,,,,,,,,,,,,,,,,,,,,,,,,,,,,,,,,,,,,,,,,,,,,,,,,,,,,,,,,,,,,,,,,,
2026-03-19,LaMelo Ball,CHA,PA,UNDER,27.5,25.1,-2.4,64.8,27.1,-0.4,,0.0,False,,WIN,25.0,,,,,,,,,,,,,,,,,,,,,,,,,,,,,,,,,,,,,,,,,,,,,,,,,,,,,,,,,,,,,,,,,,,,,,,,,,,,,,,,
2026-03-19,Kawhi Leonard,LAC,PTS,OVER,27.5,29.9,2.4,64.8,30.3,2.8,,0.0,False,,DNP,,,,,,,2026-04-01 11:16:38,,,,,,,,,,,,,,,,,,,,,,,,,,,,,,,,,,,,,,,,,,,,,,,,,,,,,,,,,,,,,,,,,,,,,,,,,,
2026-03-19,Miles Bridges,CHA,PA,UNDER,18.0,15.6,-2.4,64.8,15.5,-2.5,,0.0,False,,WIN,11.0,,,,,,,,,,,,,,,,,,,,,,,,,,,,,,,,,,,,,,,,,,,,,,,,,,,,,,,,,,,,,,,,,,,,,,,,,,,,,,,,
2026-03-19,Cameron Payne,PHI,PRA,UNDER,16.5,14.2,-2.3,64.3,13.7,-2.8,,0.0,False,,WIN,6.0,,,,,,,,,,,,,,,,,,,,,,,,,,,,,,,,,,,,,,,,,,,,,,,,,,,,,,,,,,,,,,,,,,,,,,,,,,,,,,,,
2026-03-19,Brook Lopez,LAC,PRA,UNDER,17.5,15.2,-2.3,64.3,16.6,-0.9,,0.0,False,,WIN,11.0,,,,,,,,,,,,,,,,,,,,,,,,,,,,,,,,,,,,,,,,,,,,,,,,,,,,,,,,,,,,,,,,,,,,,,,,,,,,,,,,
2026-03-19,Caris LeVert,DET,PR,UNDER,13.0,10.7,-2.3,64.3,6.6,-6.4,,0.0,False,,LOSS,19.0,,,,,,,,,,,,,,,,,,,,,,,,,,,,,,,,,,,,,,,,,,,,,,,,,,,,,,,,,,,,,,,,,,,,,,,,,,,,,,,,
2026-03-19,De'Aaron Fox,SAS,PA,OVER,24.0,26.3,2.3,64.3,25.3,1.3,,0.0,False,,WIN,26.0,,,,,,,,,,,,,,,,,,,,,,,,,,,,,,,,,,,,,,,,,,,,,,,,,,,,,,,,,,,,,,,,,,,,,,,,,,,,,,,,
2026-03-19,Jalen Green,PHX,PRA,UNDER,28.0,25.7,-2.3,64.3,27.4,-0.6,,0.0,False,,LOSS,29.0,,,,,,,,,,,,,,,,,,,,,,,,,,,,,,,,,,,,,,,,,,,,,,,,,,,,,,,,,,,,,,,,,,,,,,,,,,,,,,,,
2026-03-19,Kasparas Jakučionis,MIA,PA,OVER,9.0,11.3,2.3,64.3,10.3,1.3,,0.0,False,,WIN,10.0,,,,,,,,,,,,,,,,,,,,,,,,,,,,,,,,,,,,,,,,,,,,,,,,,,,,,,,,,,,,,,,,,,,,,,,,,,,,,,,,
2026-03-19,Jabari Walker,PHI,PRA,UNDER,14.5,12.2,-2.3,64.3,11.4,-3.1,,0.0,False,,WIN,1.0,,,,,,,,,,,,,,,,,,,,,,,,,,,,,,,,,,,,,,,,,,,,,,,,,,,,,,,,,,,,,,,,,,,,,,,,,,,,,,,,
2026-03-19,Jabari Walker,PHI,TRB,UNDER,6.0,3.7,-2.3,64.3,3.7,-2.3,,0.0,False,,WIN,1.0,,,,,,,,,,,,,,,,,,,,,,,,,,,,,,,,,,,,,,,,,,,,,,,,,,,,,,,,,,,,,,,,,,,,,,,,,,,,,,,,
2026-03-19,LeBron James,LAL,TRB,UNDER,7.5,5.2,-2.3,64.3,5.2,-2.3,,0.0,False,,LOSS,15.0,,,,,,,,,,,,,,,,,,,,,,,,,,,,,,,,,,,,,,,,,,,,,,,,,,,,,,,,,,,,,,,,,,,,,,,,,,,,,,,,
2026-03-19,Alex Sarr,WAS,PRA,OVER,21.0,23.3,2.3,64.3,27.3,6.3,,0.0,False,,LOSS,7.0,,,,,,,,,,,,,,,,,,,,,,,,,,,,,,,,,,,,,,,,,,,,,,,,,,,,,,,,,,,,,,,,,,,,,,,,,,,,,,,,
2026-03-19,VJ Edgecombe,PHI,AST,UNDER,5.5,3.2,-2.3,64.3,2.8,-2.7,,0.0,False,,LOSS,11.0,,,,,,,,,,,,,,,,,,,,,,,,,,,,,,,,,,,,,,,,,,,,,,,,,,,,,,,,,,,,,,,,,,,,,,,,,,,,,,,,
2026-03-19,De'Aaron Fox,SAS,PR,OVER,20.5,22.8,2.3,64.3,22.1,1.6,,0.0,False,,WIN,30.0,,,,,,,,,,,,,,,,,,,,,,,,,,,,,,,,,,,,,,,,,,,,,,,,,,,,,,,,,,,,,,,,,,,,,,,,,,,,,,,,
2026-03-19,Trendon Watford,PHI,PA,UNDER,13.0,10.8,-2.2,63.8,9.7,-3.3,,0.0,False,,WIN,4.0,,,,,,,,,,,,,,,,,,,,,,,,,,,,,,,,,,,,,,,,,,,,,,,,,,,,,,,,,,,,,,,,,,,,,,,,,,,,,,,,
2026-03-19,Tyler Herro,MIA,TRB,UNDER,6.0,3.8,-2.2,63.8,4.1,-1.9,,0.0,False,,LOSS,8.0,,,,,,,,,,,,,,,,,,,,,,,,,,,,,,,,,,,,,,,,,,,,,,,,,,,,,,,,,,,,,,,,,,,,,,,,,,,,,,,,
2026-03-19,Trendon Watford,PHI,PRA,UNDER,17.0,14.8,-2.2,63.8,13.4,-3.6,,0.0,False,,WIN,6.0,,,,,,,,,,,,,,,,,,,,,,,,,,,,,,,,,,,,,,,,,,,,,,,,,,,,,,,,,,,,,,,,,,,,,,,,,,,,,,,,
2026-03-19,Josh Giddey,CHI,PRA,UNDER,35.5,33.3,-2.2,63.8,35.0,-0.5,,0.0,False,,WIN,34.0,,,,,,,,,,,,,,,,,,,,,,,,,,,,,,,,,,,,,,,,,,,,,,,,,,,,,,,,,,,,,,,,,,,,,,,,,,,,,,,,
2026-03-19,Jevon Carter,ORL,PA,UNDER,10.0,7.8,-2.2,63.8,9.6,-0.4,,0.0,False,,LOSS,14.0,,,,,,,,,,,,,,,,,,,,,,,,,,,,,,,,,,,,,,,,,,,,,,,,,,,,,,,,,,,,,,,,,,,,,,,,,,,,,,,,
2026-03-19,Luka Dončić,LAL,AST,UNDER,9.5,7.3,-2.2,63.8,8.1,-1.4,,0.0,False,,WIN,3.0,,,,,,,,,,,,,,,,,,,,,,,,,,,,,,,,,,,,,,,,,,,,,,,,,,,,,,,,,,,,,,,,,,,,,,,,,,,,,,,,
2026-03-19,Bub Carrington,WAS,PA,UNDER,15.5,13.3,-2.2,63.8,13.2,-2.3,,0.0,False,,WIN,14.0,,,,,,,,,,,,,,,,,,,,,,,,,,,,,,,,,,,,,,,,,,,,,,,,,,,,,,,,,,,,,,,,,,,,,,,,,,,,,,,,
2026-03-19,Deandre Ayton,LAL,PTS,UNDER,12.5,10.3,-2.2,63.8,10.4,-2.1,,0.0,False,,WIN,6.0,,,,,,,,,,,,,,,,,,,,,,,,,,,,,,,,,,,,,,,,,,,,,,,,,,,,,,,,,,,,,,,,,,,,,,,,,,,,,,,,
2026-03-19,Cameron Payne,PHI,AST,UNDER,5.0,2.8,-2.2,63.8,2.8,-2.2,,0.0,False,,WIN,0.0,,,,,,,,,,,,,,,,,,,,,,,,,,,,,,,,,,,,,,,,,,,,,,,,,,,,,,,,,,,,,,,,,,,,,,,,,,,,,,,,
2026-03-19,Cameron Payne,PHI,PR,UNDER,13.5,11.4,-2.1,63.2,10.9,-2.6,,0.0,False,,WIN,6.0,,,,,,,,,,,,,,,,,,,,,,,,,,,,,,,,,,,,,,,,,,,,,,,,,,,,,,,,,,,,,,,,,,,,,,,,,,,,,,,,
2026-03-19,Stephon Castle,SAS,PTS,OVER,16.0,18.1,2.1,63.2,16.2,0.2,,0.0,False,,DNP,,,,,,,2026-04-01 11:16:38,,,,,,,,,,,,,,,,,,,,,,,,,,,,,,,,,,,,,,,,,,,,,,,,,,,,,,,,,,,,,,,,,,,,,,,,,,
2026-03-19,Austin Reaves,LAL,PR,UNDER,28.5,26.4,-2.1,63.2,25.4,-3.1,,0.0,False,,WIN,23.0,,,,,,,,,,,,,,,,,,,,,,,,,,,,,,,,,,,,,,,,,,,,,,,,,,,,,,,,,,,,,,,,,,,,,,,,,,,,,,,,
2026-03-19,Dennis Schröder,CLE,PA,OVER,12.5,14.6,2.1,63.2,14.1,1.6,,0.0,False,,LOSS,12.0,,,,,,,,,,,,,,,,,,,,,,,,,,,,,,,,,,,,,,,,,,,,,,,,,,,,,,,,,,,,,,,,,,,,,,,,,,,,,,,,
2026-03-19,Guerschon Yabusele,CHI,PR,OVER,15.0,17.1,2.1,63.2,17.1,2.1,,0.0,False,,WIN,21.0,,,,,,,,,,,,,,,,,,,,,,,,,,,,,,,,,,,,,,,,,,,,,,,,,,,,,,,,,,,,,,,,,,,,,,,,,,,,,,,,
2026-03-19,Kawhi Leonard,LAC,PA,UNDER,36.5,34.4,-2.1,63.2,34.4,-2.1,,0.0,False,,DNP,,,,,,,2026-04-01 11:16:38,,,,,,,,,,,,,,,,,,,,,,,,,,,,,,,,,,,,,,,,,,,,,,,,,,,,,,,,,,,,,,,,,,,,,,,,,,
2026-03-19,Kasparas Jakučionis,MIA,PTS,OVER,6.5,8.6,2.1,63.2,7.8,1.3,,0.0,False,,WIN,7.0,,,,,,,,,,,,,,,,,,,,,,,,,,,,,,,,,,,,,,,,,,,,,,,,,,,,,,,,,,,,,,,,,,,,,,,,,,,,,,,,
2026-03-19,Rob Dillingham,CHI,AST,UNDER,5.5,3.4,-2.1,63.2,3.6,-1.9,,0.0,False,,WIN,1.0,,,,,,,,,,,,,,,,,,,,,,,,,,,,,,,,,,,,,,,,,,,,,,,,,,,,,,,,,,,,,,,,,,,,,,,,,,,,,,,,
2026-03-19,Devin Vassell,SAS,PRA,OVER,20.0,22.1,2.1,63.2,21.2,1.2,,0.0,False,,LOSS,16.0,,,,,,,,,,,,,,,,,,,,,,,,,,,,,,,,,,,,,,,,,,,,,,,,,,,,,,,,,,,,,,,,,,,,,,,,,,,,,,,,
2026-03-19,Quentin Grimes,PHI,AST,UNDER,5.5,3.4,-2.1,63.2,2.4,-3.1,,0.0,False,,LOSS,7.0,,,,,,,,,,,,,,,,,,,,,,,,,,,,,,,,,,,,,,,,,,,,,,,,,,,,,,,,,,,,,,,,,,,,,,,,,,,,,,,,
2026-03-19,Quentin Grimes,PHI,PA,UNDER,28.5,26.4,-2.1,63.2,17.9,-10.6,,0.0,False,,LOSS,34.0,,,,,,,,,,,,,,,,,,,,,,,,,,,,,,,,,,,,,,,,,,,,,,,,,,,,,,,,,,,,,,,,,,,,,,,,,,,,,,,,
2026-03-19,Jalen Green,PHX,AST,UNDER,5.0,2.9,-2.1,63.2,2.5,-2.5,,0.0,False,,WIN,4.0,,,,,,,,,,,,,,,,,,,,,,,,,,,,,,,,,,,,,,,,,,,,,,,,,,,,,,,,,,,,,,,,,,,,,,,,,,,,,,,,
2026-03-19,Jordan Goodwin,PHX,PR,OVER,11.5,13.6,2.1,63.2,13.7,2.2,,0.0,False,,WIN,13.0,,,,,,,,,,,,,,,,,,,,,,,,,,,,,,,,,,,,,,,,,,,,,,,,,,,,,,,,,,,,,,,,,,,,,,,,,,,,,,,,
2026-03-19,Luke Kornet,SAS,PTS,UNDER,6.5,4.4,-2.1,63.2,3.6,-2.9,,0.0,False,,WIN,1.0,,,,,,,,,,,,,,,,,,,,,,,,,,,,,,,,,,,,,,,,,,,,,,,,,,,,,,,,,,,,,,,,,,,,,,,,,,,,,,,,
2026-03-19,Ousmane Dieng,MIL,PTS,UNDER,9.75,7.7,-2.0,63.0,7.5,-2.2,,0.0,False,,LOSS,13.0,,,,,,,,,,,,,,,,,,,,,,,,,,,,,,,,,,,,,,,,,,,,,,,,,,,,,,,,,,,,,,,,,,,,,,,,,,,,,,,,
2026-03-19,Dean Wade,CLE,PTS,UNDER,7.0,5.0,-2.0,62.7,5.8,-1.2,,0.0,False,,WIN,0.0,,,,,,,,,,,,,,,,,,,,,,,,,,,,,,,,,,,,,,,,,,,,,,,,,,,,,,,,,,,,,,,,,,,,,,,,,,,,,,,,
2026-03-19,James Harden,CLE,PTS,UNDER,22.0,20.0,-2.0,62.7,20.1,-1.9,,0.0,False,,LOSS,36.0,,,,,,,,,,,,,,,,,,,,,,,,,,,,,,,,,,,,,,,,,,,,,,,,,,,,,,,,,,,,,,,,,,,,,,,,,,,,,,,,
2026-03-19,Marcus Sasser,DET,PR,UNDER,11.5,9.5,-2.0,62.7,6.3,-5.2,,0.0,False,,WIN,3.0,,,,,,,,,,,,,,,,,,,,,,,,,,,,,,,,,,,,,,,,,,,,,,,,,,,,,,,,,,,,,,,,,,,,,,,,,,,,,,,,
2026-03-19,James Harden,CLE,PR,UNDER,27.5,25.5,-2.0,62.7,25.2,-2.3,,0.0,False,,LOSS,43.0,,,,,,,,,,,,,,,,,,,,,,,,,,,,,,,,,,,,,,,,,,,,,,,,,,,,,,,,,,,,,,,,,,,,,,,,,,,,,,,,
2026-03-19,Bub Carrington,WAS,PTS,UNDER,10.5,8.5,-2.0,62.7,8.1,-2.4,,0.0,False,,WIN,10.0,,,,,,,,,,,,,,,,,,,,,,,,,,,,,,,,,,,,,,,,,,,,,,,,,,,,,,,,,,,,,,,,,,,,,,,,,,,,,,,,
2026-03-19,Ausar Thompson,DET,AST,UNDER,5.0,3.0,-2.0,62.7,4.1,-0.9,,0.0,False,,WIN,3.0,,,,,,,,,,,,,,,,,,,,,,,,,,,,,,,,,,,,,,,,,,,,,,,,,,,,,,,,,,,,,,,,,,,,,,,,,,,,,,,,
2026-03-19,Ryan Kalkbrenner,CHA,PR,OVER,9.0,11.0,2.0,62.7,12.2,3.2,,0.0,False,,WIN,18.0,,,,,,,,,,,,,,,,,,,,,,,,,,,,,,,,,,,,,,,,,,,,,,,,,,,,,,,,,,,,,,,,,,,,,,,,,,,,,,,,
2026-03-19,Norman Powell,MIA,PA,UNDER,27.0,25.0,-2.0,62.7,20.9,-6.1,,0.0,False,,WIN,23.0,,,,,,,,,,,,,,,,,,,,,,,,,,,,,,,,,,,,,,,,,,,,,,,,,,,,,,,,,,,,,,,,,,,,,,,,,,,,,,,,
2026-03-19,Moussa Diabaté,CHA,PTS,UNDER,8.5,6.6,-1.9,62.2,6.9,-1.6,,0.0,False,,WIN,3.0,,,,,,,,,,,,,,,,,,,,,,,,,,,,,,,,,,,,,,,,,,,,,,,,,,,,,,,,,,,,,,,,,,,,,,,,,,,,,,,,
2026-03-19,Ausar Thompson,DET,TRB,UNDER,6.5,4.6,-1.9,62.2,5.3,-1.2,,0.0,False,,LOSS,9.0,,,,,,,,,,,,,,,,,,,,,,,,,,,,,,,,,,,,,,,,,,,,,,,,,,,,,,,,,,,,,,,,,,,,,,,,,,,,,,,,
2026-03-19,Caris LeVert,DET,PA,UNDER,12.5,10.6,-1.9,62.2,6.9,-5.6,,0.0,False,,LOSS,20.0,,,,,,,,,,,,,,,,,,,,,,,,,,,,,,,,,,,,,,,,,,,,,,,,,,,,,,,,,,,,,,,,,,,,,,,,,,,,,,,,
2026-03-19,Maxime Raynaud,SAC,TRB,UNDER,10.0,8.1,-1.9,62.2,8.8,-1.2,,0.0,False,,WIN,4.0,,,,,,,,,,,,,,,,,,,,,,,,,,,,,,,,,,,,,,,,,,,,,,,,,,,,,,,,,,,,,,,,,,,,,,,,,,,,,,,,
2026-03-19,Adem Bona,PHI,PTS,UNDER,7.5,5.6,-1.9,62.2,6.6,-0.9,,0.0,False,,LOSS,8.0,,,,,,,,,,,,,,,,,,,,,,,,,,,,,,,,,,,,,,,,,,,,,,,,,,,,,,,,,,,,,,,,,,,,,,,,,,,,,,,,
2026-03-19,Kasparas Jakučionis,MIA,PRA,OVER,13.0,14.9,1.9,62.2,13.9,0.9,,0.0,False,,LOSS,12.0,,,,,,,,,,,,,,,,,,,,,,,,,,,,,,,,,,,,,,,,,,,,,,,,,,,,,,,,,,,,,,,,,,,,,,,,,,,,,,,,
2026-03-19,Jevon Carter,ORL,PTS,UNDER,7.5,5.6,-1.9,62.2,6.7,-0.8,,0.0,False,,LOSS,11.0,,,,,,,,,,,,,,,,,,,,,,,,,,,,,,,,,,,,,,,,,,,,,,,,,,,,,,,,,,,,,,,,,,,,,,,,,,,,,,,,
2026-03-19,John Collins,LAC,PA,UNDER,19.5,17.6,-1.9,62.2,15.8,-3.7,,0.0,False,,WIN,19.0,,,,,,,,,,,,,,,,,,,,,,,,,,,,,,,,,,,,,,,,,,,,,,,,,,,,,,,,,,,,,,,,,,,,,,,,,,,,,,,,
2026-03-19,Jevon Carter,ORL,PR,UNDER,9.5,7.6,-1.9,62.2,8.9,-0.6,,0.0,False,,LOSS,15.0,,,,,,,,,,,,,,,,,,,,,,,,,,,,,,,,,,,,,,,,,,,,,,,,,,,,,,,,,,,,,,,,,,,,,,,,,,,,,,,,
2026-03-19,Duncan Robinson,DET,PR,UNDER,17.0,15.1,-1.9,62.2,13.6,-3.4,,0.0,False,,LOSS,19.0,,,,,,,,,,,,,,,,,,,,,,,,,,,,,,,,,,,,,,,,,,,,,,,,,,,,,,,,,,,,,,,,,,,,,,,,,,,,,,,,
2026-03-19,Victor Wembanyama,SAS,PA,OVER,27.0,28.8,1.8,61.6,27.9,0.9,,0.0,False,,WIN,35.0,,,,,,,,,,,,,,,,,,,,,,,,,,,,,,,,,,,,,,,,,,,,,,,,,,,,,,,,,,,,,,,,,,,,,,,,,,,,,,,,
2026-03-19,De'Aaron Fox,SAS,PTS,OVER,17.5,19.3,1.8,61.6,18.9,1.4,,0.0,False,,WIN,23.0,,,,,,,,,,,,,,,,,,,,,,,,,,,,,,,,,,,,,,,,,,,,,,,,,,,,,,,,,,,,,,,,,,,,,,,,,,,,,,,,
2026-03-19,Marcus Smart,LAL,AST,UNDER,4.5,2.7,-1.8,61.6,2.7,-1.8,,0.0,False,,WIN,4.0,,,,,,,,,,,,,,,,,,,,,,,,,,,,,,,,,,,,,,,,,,,,,,,,,,,,,,,,,,,,,,,,,,,,,,,,,,,,,,,,
2026-03-19,Kris Dunn,LAC,PR,UNDER,13.5,11.7,-1.8,61.6,12.0,-1.5,,0.0,False,,LOSS,15.0,,,,,,,,,,,,,,,,,,,,,,,,,,,,,,,,,,,,,,,,,,,,,,,,,,,,,,,,,,,,,,,,,,,,,,,,,,,,,,,,
2026-03-19,Justin Edwards,PHI,TRB,UNDER,4.0,2.2,-1.8,61.6,2.1,-1.9,,0.0,False,,WIN,0.0,,,,,,,,,,,,,,,,,,,,,,,,,,,,,,,,,,,,,,,,,,,,,,,,,,,,,,,,,,,,,,,,,,,,,,,,,,,,,,,,
2026-03-19,Kris Dunn,LAC,PRA,UNDER,17.5,15.7,-1.8,61.6,16.6,-0.9,,0.0,False,,LOSS,18.0,,,,,,,,,,,,,,,,,,,,,,,,,,,,,,,,,,,,,,,,,,,,,,,,,,,,,,,,,,,,,,,,,,,,,,,,,,,,,,,,
2026-03-19,Keon Ellis,CLE,PR,UNDER,12.5,10.7,-1.8,61.6,12.2,-0.3,,0.0,False,,WIN,10.0,,,,,,,,,,,,,,,,,,,,,,,,,,,,,,,,,,,,,,,,,,,,,,,,,,,,,,,,,,,,,,,,,,,,,,,,,,,,,,,,
2026-03-19,Taurean Prince,MIL,PTS,UNDER,6.0,4.2,-1.8,61.6,4.6,-1.4,,0.0,False,,PUSH,6.0,,,,,,,,,,,,,,,,,,,,,,,,,,,,,,,,,,,,,,,,,,,,,,,,,,,,,,,,,,,,,,,,,,,,,,,,,,,,,,,,
2026-03-19,Deandre Ayton,LAL,PRA,UNDER,21.5,19.7,-1.8,61.6,19.2,-2.3,,0.0,False,,WIN,10.0,,,,,,,,,,,,,,,,,,,,,,,,,,,,,,,,,,,,,,,,,,,,,,,,,,,,,,,,,,,,,,,,,,,,,,,,,,,,,,,,
2026-03-19,Moussa Diabaté,CHA,PA,UNDER,11.0,9.2,-1.8,61.6,9.8,-1.2,,0.0,False,,WIN,4.0,,,,,,,,,,,,,,,,,,,,,,,,,,,,,,,,,,,,,,,,,,,,,,,,,,,,,,,,,,,,,,,,,,,,,,,,,,,,,,,,
2026-03-19,Tristan Vukcevic,WAS,PR,OVER,15.5,17.2,1.7,61.0,16.7,1.2,,0.0,False,,WIN,25.0,,,,,,,,,,,,,,,,,,,,,,,,,,,,,,,,,,,,,,,,,,,,,,,,,,,,,,,,,,,,,,,,,,,,,,,,,,,,,,,,
2026-03-19,Adem Bona,PHI,PR,UNDER,13.0,11.3,-1.7,61.0,12.1,-0.9,,0.0,False,,LOSS,18.0,,,,,,,,,,,,,,,,,,,,,,,,,,,,,,,,,,,,,,,,,,,,,,,,,,,,,,,,,,,,,,,,,,,,,,,,,,,,,,,,
2026-03-19,Luka Dončić,LAL,TRB,UNDER,9.0,7.3,-1.7,61.0,8.9,-0.1,,0.0,False,,WIN,7.0,,,,,,,,,,,,,,,,,,,,,,,,,,,,,,,,,,,,,,,,,,,,,,,,,,,,,,,,,,,,,,,,,,,,,,,,,,,,,,,,
2026-03-19,Josh Giddey,CHI,PTS,UNDER,17.5,15.8,-1.7,61.0,17.3,-0.2,,0.0,False,,WIN,9.0,,,,,,,,,,,,,,,,,,,,,,,,,,,,,,,,,,,,,,,,,,,,,,,,,,,,,,,,,,,,,,,,,,,,,,,,,,,,,,,,
2026-03-19,Miles Bridges,CHA,PTS,UNDER,14.5,12.8,-1.7,61.0,12.8,-1.7,,0.0,False,,WIN,11.0,,,,,,,,,,,,,,,,,,,,,,,,,,,,,,,,,,,,,,,,,,,,,,,,,,,,,,,,,,,,,,,,,,,,,,,,,,,,,,,,
2026-03-19,Yves Missi,NOP,PR,UNDER,14.0,12.3,-1.7,61.0,9.9,-4.1,,0.0,False,,LOSS,22.0,,,,,,,,,,,,,,,,,,,,,,,,,,,,,,,,,,,,,,,,,,,,,,,,,,,,,,,,,,,,,,,,,,,,,,,,,,,,,,,,
2026-03-19,Ryan Rollins,MIL,PR,UNDER,22.5,20.8,-1.7,61.0,18.8,-3.7,,0.0,False,,WIN,18.0,,,,,,,,,,,,,,,,,,,,,,,,,,,,,,,,,,,,,,,,,,,,,,,,,,,,,,,,,,,,,,,,,,,,,,,,,,,,,,,,
2026-03-19,Oso Ighodaro,PHX,TRB,UNDER,6.5,4.8,-1.7,61.0,5.7,-0.8,,0.0,False,,LOSS,7.0,,,,,,,,,,,,,,,,,,,,,,,,,,,,,,,,,,,,,,,,,,,,,,,,,,,,,,,,,,,,,,,,,,,,,,,,,,,,,,,,
2026-03-19,Donovan Mitchell,CLE,TRB,UNDER,5.5,3.8,-1.7,61.0,3.9,-1.6,,0.0,False,,DNP,,,,,,,2026-04-01 11:16:38,,,,,,,,,,,,,,,,,,,,,,,,,,,,,,,,,,,,,,,,,,,,,,,,,,,,,,,,,,,,,,,,,,,,,,,,,,
2026-03-19,Norman Powell,MIA,PR,UNDER,27.5,25.8,-1.7,61.0,22.3,-5.2,,0.0,False,,WIN,22.0,,,,,,,,,,,,,,,,,,,,,,,,,,,,,,,,,,,,,,,,,,,,,,,,,,,,,,,,,,,,,,,,,,,,,,,,,,,,,,,,
2026-03-19,Russell Westbrook,SAC,AST,UNDER,8.0,6.3,-1.7,61.0,5.8,-2.2,,0.0,False,,PUSH,8.0,,,,,,,,,,,,,,,,,,,,,,,,,,,,,,,,,,,,,,,,,,,,,,,,,,,,,,,,,,,,,,,,,,,,,,,,,,,,,,,,
2026-03-19,Russell Westbrook,SAC,TRB,UNDER,5.75,4.1,-1.7,60.7,3.8,-2.0,,0.0,False,,WIN,3.0,,,,,,,,,,,,,,,,,,,,,,,,,,,,,,,,,,,,,,,,,,,,,,,,,,,,,,,,,,,,,,,,,,,,,,,,,,,,,,,,
2026-03-19,Myles Turner,MIL,PA,UNDER,13.75,12.1,-1.7,60.7,11.7,-2.1,,0.0,False,,WIN,4.0,,,,,,,,,,,,,,,,,,,,,,,,,,,,,,,,,,,,,,,,,,,,,,,,,,,,,,,,,,,,,,,,,,,,,,,,,,,,,,,,
2026-03-19,Keldon Johnson,SAS,PRA,UNDER,16.5,14.9,-1.6,60.5,14.9,-1.6,,0.0,False,,WIN,11.0,,,,,,,,,,,,,,,,,,,,,,,,,,,,,,,,,,,,,,,,,,,,,,,,,,,,,,,,,,,,,,,,,,,,,,,,,,,,,,,,
2026-03-19,Jeremiah Fears,NOP,TRB,UNDER,5.0,3.4,-1.6,60.5,3.3,-1.7,,0.0,False,,WIN,0.0,,,,,,,,,,,,,,,,,,,,,,,,,,,,,,,,,,,,,,,,,,,,,,,,,,,,,,,,,,,,,,,,,,,,,,,,,,,,,,,,
2026-03-19,Alex Sarr,WAS,PTS,OVER,13.0,14.6,1.6,60.5,17.1,4.1,,0.0,False,,LOSS,2.0,,,,,,,,,,,,,,,,,,,,,,,,,,,,,,,,,,,,,,,,,,,,,,,,,,,,,,,,,,,,,,,,,,,,,,,,,,,,,,,,
2026-03-19,LeBron James,LAL,PTS,OVER,16.5,18.1,1.6,60.5,18.7,2.2,,0.0,False,,WIN,19.0,,,,,,,,,,,,,,,,,,,,,,,,,,,,,,,,,,,,,,,,,,,,,,,,,,,,,,,,,,,,,,,,,,,,,,,,,,,,,,,,
2026-03-19,Rob Dillingham,CHI,PTS,UNDER,8.5,6.9,-1.6,60.5,6.8,-1.7,,0.0,False,,LOSS,17.0,,,,,,,,,,,,,,,,,,,,,,,,,,,,,,,,,,,,,,,,,,,,,,,,,,,,,,,,,,,,,,,,,,,,,,,,,,,,,,,,
2026-03-19,Sam Merrill,CLE,PTS,UNDER,11.5,9.9,-1.6,60.5,9.8,-1.7,,0.0,False,,LOSS,13.0,,,,,,,,,,,,,,,,,,,,,,,,,,,,,,,,,,,,,,,,,,,,,,,,,,,,,,,,,,,,,,,,,,,,,,,,,,,,,,,,
2026-03-19,AJ Green,MIL,TRB,UNDER,3.5,1.9,-1.6,60.5,1.6,-1.9,,0.0,False,,WIN,3.0,,,,,,,,,,,,,,,,,,,,,,,,,,,,,,,,,,,,,,,,,,,,,,,,,,,,,,,,,,,,,,,,,,,,,,,,,,,,,,,,
2026-03-19,Grayson Allen,PHX,PR,OVER,18.25,19.8,1.5,60.2,22.1,3.9,,0.0,False,,DNP,,,,,,,2026-04-01 11:16:38,,,,,,,,,,,,,,,,,,,,,,,,,,,,,,,,,,,,,,,,,,,,,,,,,,,,,,,,,,,,,,,,,,,,,,,,,,
2026-03-19,Miles Bridges,CHA,TRB,UNDER,6.0,4.5,-1.5,59.9,4.6,-1.4,,0.0,False,,WIN,3.0,,,,,,,,,,,,,,,,,,,,,,,,,,,,,,,,,,,,,,,,,,,,,,,,,,,,,,,,,,,,,,,,,,,,,,,,,,,,,,,,
2026-03-19,Kel'el Ware,MIA,TRB,UNDER,10.5,9.0,-1.5,59.9,10.3,-0.2,,0.0,False,,WIN,9.0,,,,,,,,,,,,,,,,,,,,,,,,,,,,,,,,,,,,,,,,,,,,,,,,,,,,,,,,,,,,,,,,,,,,,,,,,,,,,,,,
2026-03-19,Justin Champagnie,WAS,TRB,UNDER,7.5,6.0,-1.5,59.9,5.0,-2.5,,0.0,False,,DNP,,,,,,,2026-04-01 11:16:38,,,,,,,,,,,,,,,,,,,,,,,,,,,,,,,,,,,,,,,,,,,,,,,,,,,,,,,,,,,,,,,,,,,,,,,,,,
2026-03-19,Herbert Jones,NOP,PR,OVER,12.5,14.0,1.5,59.9,12.8,0.3,,0.0,False,,WIN,14.0,,,,,,,,,,,,,,,,,,,,,,,,,,,,,,,,,,,,,,,,,,,,,,,,,,,,,,,,,,,,,,,,,,,,,,,,,,,,,,,,
2026-03-19,John Collins,LAC,PR,UNDER,24.5,23.0,-1.5,59.9,21.0,-3.5,,0.0,False,,LOSS,26.0,,,,,,,,,,,,,,,,,,,,,,,,,,,,,,,,,,,,,,,,,,,,,,,,,,,,,,,,,,,,,,,,,,,,,,,,,,,,,,,,
2026-03-19,Harrison Barnes,SAS,PA,OVER,7.5,9.0,1.5,59.9,9.7,2.2,,0.0,False,,WIN,9.0,,,,,,,,,,,,,,,,,,,,,,,,,,,,,,,,,,,,,,,,,,,,,,,,,,,,,,,,,,,,,,,,,,,,,,,,,,,,,,,,
2026-03-19,Cody Williams,UTA,PR,UNDER,18.5,17.0,-1.5,59.9,12.9,-5.6,,0.0,False,,LOSS,26.0,,,,,,,,,,,,,,,,,,,,,,,,,,,,,,,,,,,,,,,,,,,,,,,,,,,,,,,,,,,,,,,,,,,,,,,,,,,,,,,,
2026-03-19,Derik Queen,NOP,PA,UNDER,13.5,12.0,-1.5,59.9,10.2,-3.3,,0.0,False,,WIN,5.0,,,,,,,,,,,,,,,,,,,,,,,,,,,,,,,,,,,,,,,,,,,,,,,,,,,,,,,,,,,,,,,,,,,,,,,,,,,,,,,,
2026-03-19,De'Aaron Fox,SAS,TRB,UNDER,5.0,3.5,-1.5,59.9,3.2,-1.8,,0.0,False,,LOSS,7.0,,,,,,,,,,,,,,,,,,,,,,,,,,,,,,,,,,,,,,,,,,,,,,,,,,,,,,,,,,,,,,,,,,,,,,,,,,,,,,,,
2026-03-19,Bub Carrington,WAS,PRA,UNDER,18.5,17.0,-1.5,59.9,17.4,-1.1,,0.0,False,,LOSS,20.0,,,,,,,,,,,,,,,,,,,,,,,,,,,,,,,,,,,,,,,,,,,,,,,,,,,,,,,,,,,,,,,,,,,,,,,,,,,,,,,,
2026-03-19,Saddiq Bey,NOP,PR,OVER,23.5,25.0,1.5,59.9,24.5,1.0,,0.0,False,,WIN,26.0,,,,,,,,,,,,,,,,,,,,,,,,,,,,,,,,,,,,,,,,,,,,,,,,,,,,,,,,,,,,,,,,,,,,,,,,,,,,,,,,
2026-03-20,Julius Randle,MIN,PA,UNDER,31.5,21.0,-10.5,88.9,17.6,-13.9,,0.0,False,,WIN,23.0,,,,,,,,,,,,,,,,,,,,,,,,,,,,,,,,,,,,,,,,,,,,,,,,,,,,,,,,,,,,,,,,,,,,,,,,,,,,,,,,
2026-03-20,Ayo Dosunmu,MIN,PA,UNDER,23.5,13.0,-10.5,88.9,12.9,-10.6,,0.0,False,,LOSS,25.0,,,,,,,,,,,,,,,,,,,,,,,,,,,,,,,,,,,,,,,,,,,,,,,,,,,,,,,,,,,,,,,,,,,,,,,,,,,,,,,,
2026-03-20,Daniss Jenkins,DET,PRA,UNDER,22.5,12.3,-10.2,88.4,10.2,-12.3,,0.0,False,,LOSS,37.0,,,,,,,,,,,,,,,,,,,,,,,,,,,,,,,,,,,,,,,,,,,,,,,,,,,,,,,,,,,,,,,,,,,,,,,,,,,,,,,,
2026-03-20,Ayo Dosunmu,MIN,PRA,UNDER,26.0,15.9,-10.1,88.2,15.7,-10.3,,0.0,False,,LOSS,35.0,,,,,,,,,,,,,,,,,,,,,,,,,,,,,,,,,,,,,,,,,,,,,,,,,,,,,,,,,,,,,,,,,,,,,,,,,,,,,,,,
2026-03-20,Ayo Dosunmu,MIN,PR,UNDER,23.0,13.0,-10.0,88.1,12.8,-10.2,,0.0,False,,LOSS,27.0,,,,,,,,,,,,,,,,,,,,,,,,,,,,,,,,,,,,,,,,,,,,,,,,,,,,,,,,,,,,,,,,,,,,,,,,,,,,,,,,
2026-03-20,Donovan Clingan,POR,PRA,OVER,25.5,33.8,8.3,84.9,28.8,3.3,,0.0,False,,WIN,37.0,,,,,,,,,,,,,,,,,,,,,,,,,,,,,,,,,,,,,,,,,,,,,,,,,,,,,,,,,,,,,,,,,,,,,,,,,,,,,,,,
2026-03-20,Bones Hyland,MIN,PA,UNDER,15.5,7.8,-7.7,83.6,9.8,-5.7,,0.0,False,,LOSS,17.0,,,,,,,,,,,,,,,,,,,,,,,,,,,,,,,,,,,,,,,,,,,,,,,,,,,,,,,,,,,,,,,,,,,,,,,,,,,,,,,,
2026-03-20,Tobias Harris,DET,PR,UNDER,22.0,14.3,-7.7,83.6,17.1,-4.9,,0.0,False,,WIN,19.0,,,,,,,,,,,,,,,,,,,,,,,,,,,,,,,,,,,,,,,,,,,,,,,,,,,,,,,,,,,,,,,,,,,,,,,,,,,,,,,,
2026-03-20,Rudy Gobert,MIN,PR,UNDER,27.0,19.4,-7.6,83.3,22.9,-4.1,,0.0,False,,LOSS,33.0,,,,,,,,,,,,,,,,,,,,,,,,,,,,,,,,,,,,,,,,,,,,,,,,,,,,,,,,,,,,,,,,,,,,,,,,,,,,,,,,
2026-03-20,Jaylen Wells,MEM,PR,OVER,13.5,21.0,7.5,83.1,17.9,4.4,,0.0,False,,LOSS,6.0,,,,,,,,,,,,,,,,,,,,,,,,,,,,,,,,,,,,,,,,,,,,,,,,,,,,,,,,,,,,,,,,,,,,,,,,,,,,,,,,
2026-03-20,Jalen Duren,DET,PR,UNDER,37.0,29.7,-7.3,82.6,32.8,-4.2,,0.0,False,,WIN,29.0,,,,,,,,,,,,,,,,,,,,,,,,,,,,,,,,,,,,,,,,,,,,,,,,,,,,,,,,,,,,,,,,,,,,,,,,,,,,,,,,
2026-03-20,Brandin Podziemski,GSW,PRA,OVER,23.5,30.6,7.1,82.1,30.3,6.8,,0.0,False,,WIN,24.0,,,,,,,,,,,,,,,,,,,,,,,,,,,,,,,,,,,,,,,,,,,,,,,,,,,,,,,,,,,,,,,,,,,,,,,,,,,,,,,,
2026-03-20,Jalen Duren,DET,PA,UNDER,27.5,20.5,-7.0,81.9,23.6,-3.9,,0.0,False,,WIN,24.0,,,,,,,,,,,,,,,,,,,,,,,,,,,,,,,,,,,,,,,,,,,,,,,,,,,,,,,,,,,,,,,,,,,,,,,,,,,,,,,,
2026-03-20,Jaylen Wells,MEM,PRA,OVER,16.0,23.0,7.0,81.9,19.5,3.5,,0.0,False,,LOSS,6.0,,,,,,,,,,,,,,,,,,,,,,,,,,,,,,,,,,,,,,,,,,,,,,,,,,,,,,,,,,,,,,,,,,,,,,,,,,,,,,,,
2026-03-20,Ayo Dosunmu,MIN,PTS,UNDER,17.0,10.1,-6.9,81.6,10.0,-7.0,,0.0,False,,PUSH,17.0,,,,,,,,,,,,,,,,,,,,,,,,,,,,,,,,,,,,,,,,,,,,,,,,,,,,,,,,,,,,,,,,,,,,,,,,,,,,,,,,
2026-03-20,Jaden McDaniels,MIN,PR,UNDER,22.0,15.2,-6.8,81.3,17.7,-4.3,,0.0,False,,PUSH,22.0,,,,,,,,,,,,,,,,,,,,,,,,,,,,,,,,,,,,,,,,,,,,,,,,,,,,,,,,,,,,,,,,,,,,,,,,,,,,,,,,
2026-03-20,Julius Randle,MIN,PR,UNDER,30.5,23.8,-6.7,81.1,20.5,-10.0,,0.0,False,,WIN,24.0,,,,,,,,,,,,,,,,,,,,,,,,,,,,,,,,,,,,,,,,,,,,,,,,,,,,,,,,,,,,,,,,,,,,,,,,,,,,,,,,
2026-03-20,Brandin Podziemski,GSW,PTS,OVER,12.0,18.7,6.7,81.1,18.2,6.2,,0.0,False,,WIN,15.0,,,,,,,,,,,,,,,,,,,,,,,,,,,,,,,,,,,,,,,,,,,,,,,,,,,,,,,,,,,,,,,,,,,,,,,,,,,,,,,,
2026-03-20,Daniss Jenkins,DET,PTS,UNDER,14.0,7.4,-6.6,80.8,6.1,-7.9,,0.0,False,,LOSS,22.0,,,,,,,,,,,,,,,,,,,,,,,,,,,,,,,,,,,,,,,,,,,,,,,,,,,,,,,,,,,,,,,,,,,,,,,,,,,,,,,,
2026-03-20,Donovan Clingan,POR,PA,OVER,14.5,20.8,6.3,80.0,16.2,1.7,,0.0,False,,WIN,25.0,,,,,,,,,,,,,,,,,,,,,,,,,,,,,,,,,,,,,,,,,,,,,,,,,,,,,,,,,,,,,,,,,,,,,,,,,,,,,,,,
2026-03-20,Jalen Duren,DET,PRA,UNDER,37.5,31.3,-6.2,79.7,34.4,-3.1,,0.0,False,,WIN,30.0,,,,,,,,,,,,,,,,,,,,,,,,,,,,,,,,,,,,,,,,,,,,,,,,,,,,,,,,,,,,,,,,,,,,,,,,,,,,,,,,
2026-03-20,Jalen Johnson,ATL,PRA,UNDER,41.0,34.8,-6.2,79.7,37.6,-3.4,,0.0,False,,WIN,22.0,,,,,,,,,,,,,,,,,,,,,,,,,,,,,,,,,,,,,,,,,,,,,,,,,,,,,,,,,,,,,,,,,,,,,,,,,,,,,,,,
2026-03-20,Brandin Podziemski,GSW,PR,OVER,19.5,25.7,6.2,79.7,25.9,6.4,,0.0,False,,WIN,21.0,,,,,,,,,,,,,,,,,,,,,,,,,,,,,,,,,,,,,,,,,,,,,,,,,,,,,,,,,,,,,,,,,,,,,,,,,,,,,,,,
2026-03-20,Jaylen Wells,MEM,PTS,OVER,11.5,17.6,6.1,79.4,15.2,3.7,,0.0,False,,LOSS,6.0,,,,,,,,,,,,,,,,,,,,,,,,,,,,,,,,,,,,,,,,,,,,,,,,,,,,,,,,,,,,,,,,,,,,,,,,,,,,,,,,
2026-03-20,Nickeil Alexander-Walker,ATL,PTS,OVER,17.5,23.6,6.1,79.4,19.6,2.1,,0.0,False,,WIN,21.0,,,,,,,,,,,,,,,,,,,,,,,,,,,,,,,,,,,,,,,,,,,,,,,,,,,,,,,,,,,,,,,,,,,,,,,,,,,,,,,,
2026-03-20,Aaron Gordon,DEN,PRA,OVER,21.5,27.6,6.1,79.4,24.2,2.7,,0.0,False,,WIN,24.0,,,,,,,,,,,,,,,,,,,,,,,,,,,,,,,,,,,,,,,,,,,,,,,,,,,,,,,,,,,,,,,,,,,,,,,,,,,,,,,,
2026-03-20,Julius Randle,MIN,PRA,UNDER,34.0,28.0,-6.0,79.1,24.3,-9.7,,0.0,False,,WIN,28.0,,,,,,,,,,,,,,,,,,,,,,,,,,,,,,,,,,,,,,,,,,,,,,,,,,,,,,,,,,,,,,,,,,,,,,,,,,,,,,,,
2026-03-20,Daniss Jenkins,DET,PR,UNDER,15.5,9.6,-5.9,78.8,7.9,-7.6,,0.0,False,,LOSS,29.0,,,,,,,,,,,,,,,,,,,,,,,,,,,,,,,,,,,,,,,,,,,,,,,,,,,,,,,,,,,,,,,,,,,,,,,,,,,,,,,,
2026-03-20,Mohamed Diawara,NYK,PR,UNDER,14.5,8.7,-5.8,78.5,9.6,-4.9,,0.0,False,,LOSS,15.0,,,,,,,,,,,,,,,,,,,,,,,,,,,,,,,,,,,,,,,,,,,,,,,,,,,,,,,,,,,,,,,,,,,,,,,,,,,,,,,,
2026-03-20,Jalen Johnson,ATL,PR,UNDER,33.0,27.3,-5.7,78.2,30.3,-2.7,,0.0,False,,WIN,19.0,,,,,,,,,,,,,,,,,,,,,,,,,,,,,,,,,,,,,,,,,,,,,,,,,,,,,,,,,,,,,,,,,,,,,,,,,,,,,,,,
2026-03-20,Bones Hyland,MIN,PTS,UNDER,11.5,5.8,-5.7,78.2,7.6,-3.9,,0.0,False,,LOSS,17.0,,,,,,,,,,,,,,,,,,,,,,,,,,,,,,,,,,,,,,,,,,,,,,,,,,,,,,,,,,,,,,,,,,,,,,,,,,,,,,,,
2026-03-20,Brandin Podziemski,GSW,PA,OVER,18.0,23.6,5.6,77.8,22.6,4.6,,0.0,False,,PUSH,18.0,,,,,,,,,,,,,,,,,,,,,,,,,,,,,,,,,,,,,,,,,,,,,,,,,,,,,,,,,,,,,,,,,,,,,,,,,,,,,,,,
2026-03-20,Nickeil Alexander-Walker,ATL,PRA,OVER,25.5,30.9,5.4,77.2,25.7,0.2,,0.0,False,,WIN,29.0,,,,,,,,,,,,,,,,,,,,,,,,,,,,,,,,,,,,,,,,,,,,,,,,,,,,,,,,,,,,,,,,,,,,,,,,,,,,,,,,
2026-03-20,Jaden McDaniels,MIN,PA,UNDER,19.0,13.6,-5.4,77.2,16.0,-3.0,,0.0,False,,PUSH,19.0,,,,,,,,,,,,,,,,,,,,,,,,,,,,,,,,,,,,,,,,,,,,,,,,,,,,,,,,,,,,,,,,,,,,,,,,,,,,,,,,
2026-03-20,Donte DiVincenzo,MIN,PRA,UNDER,22.5,17.2,-5.3,76.9,18.1,-4.4,,0.0,False,,WIN,19.0,,,,,,,,,,,,,,,,,,,,,,,,,,,,,,,,,,,,,,,,,,,,,,,,,,,,,,,,,,,,,,,,,,,,,,,,,,,,,,,,
2026-03-20,Mikal Bridges,NYK,PA,UNDER,18.0,12.9,-5.1,76.2,14.0,-4.0,,0.0,False,,WIN,11.0,,,,,,,,,,,,,,,,,,,,,,,,,,,,,,,,,,,,,,,,,,,,,,,,,,,,,,,,,,,,,,,,,,,,,,,,,,,,,,,,
2026-03-20,Scoot Henderson,POR,PRA,OVER,18.5,23.6,5.1,76.2,20.5,2.0,,0.0,False,,LOSS,16.0,,,,,,,,,,,,,,,,,,,,,,,,,,,,,,,,,,,,,,,,,,,,,,,,,,,,,,,,,,,,,,,,,,,,,,,,,,,,,,,,
2026-03-20,Jaylen Wells,MEM,PA,OVER,14.5,19.6,5.1,76.2,16.8,2.3,,0.0,False,,LOSS,6.0,,,,,,,,,,,,,,,,,,,,,,,,,,,,,,,,,,,,,,,,,,,,,,,,,,,,,,,,,,,,,,,,,,,,,,,,,,,,,,,,
2026-03-20,Gui Santos,GSW,PA,OVER,16.5,21.5,5.0,75.9,19.9,3.4,,0.0,False,,WIN,18.0,,,,,,,,,,,,,,,,,,,,,,,,,,,,,,,,,,,,,,,,,,,,,,,,,,,,,,,,,,,,,,,,,,,,,,,,,,,,,,,,
2026-03-20,Rudy Gobert,MIN,PRA,UNDER,26.5,21.5,-5.0,75.9,25.3,-1.2,,0.0,False,,LOSS,34.0,,,,,,,,,,,,,,,,,,,,,,,,,,,,,,,,,,,,,,,,,,,,,,,,,,,,,,,,,,,,,,,,,,,,,,,,,,,,,,,,
2026-03-20,Tobias Harris,DET,PRA,UNDER,20.5,15.7,-4.8,75.1,18.6,-1.9,,0.0,False,,LOSS,24.0,,,,,,,,,,,,,,,,,,,,,,,,,,,,,,,,,,,,,,,,,,,,,,,,,,,,,,,,,,,,,,,,,,,,,,,,,,,,,,,,
2026-03-20,Gui Santos,GSW,PR,OVER,18.5,23.3,4.8,75.1,22.5,4.0,,0.0,False,,LOSS,18.0,,,,,,,,,,,,,,,,,,,,,,,,,,,,,,,,,,,,,,,,,,,,,,,,,,,,,,,,,,,,,,,,,,,,,,,,,,,,,,,,
2026-03-20,Jalen Johnson,ATL,PA,UNDER,30.5,25.8,-4.7,74.8,28.6,-1.9,,0.0,False,,WIN,17.0,,,,,,,,,,,,,,,,,,,,,,,,,,,,,,,,,,,,,,,,,,,,,,,,,,,,,,,,,,,,,,,,,,,,,,,,,,,,,,,,
2026-03-20,Jaden McDaniels,MIN,PRA,UNDER,22.0,17.3,-4.7,74.8,19.8,-2.2,,0.0,False,,LOSS,25.0,,,,,,,,,,,,,,,,,,,,,,,,,,,,,,,,,,,,,,,,,,,,,,,,,,,,,,,,,,,,,,,,,,,,,,,,,,,,,,,,
2026-03-20,Tobias Harris,DET,PA,UNDER,15.5,10.8,-4.7,74.8,13.1,-2.4,,0.0,False,,LOSS,18.0,,,,,,,,,,,,,,,,,,,,,,,,,,,,,,,,,,,,,,,,,,,,,,,,,,,,,,,,,,,,,,,,,,,,,,,,,,,,,,,,
2026-03-20,Ausar Thompson,DET,PR,UNDER,16.5,11.8,-4.7,74.8,14.3,-2.2,,0.0,False,,WIN,11.0,,,,,,,,,,,,,,,,,,,,,,,,,,,,,,,,,,,,,,,,,,,,,,,,,,,,,,,,,,,,,,,,,,,,,,,,,,,,,,,,
2026-03-20,Donte DiVincenzo,MIN,PA,UNDER,18.0,13.4,-4.6,74.4,14.2,-3.8,,0.0,False,,WIN,15.0,,,,,,,,,,,,,,,,,,,,,,,,,,,,,,,,,,,,,,,,,,,,,,,,,,,,,,,,,,,,,,,,,,,,,,,,,,,,,,,,
2026-03-20,Brandon Ingram,TOR,PRA,OVER,30.0,34.6,4.6,74.4,30.2,0.2,,0.0,False,,LOSS,26.0,,,,,,,,,,,,,,,,,,,,,,,,,,,,,,,,,,,,,,,,,,,,,,,,,,,,,,,,,,,,,,,,,,,,,,,,,,,,,,,,
2026-03-20,Nickeil Alexander-Walker,ATL,PA,OVER,23.0,27.6,4.6,74.4,23.2,0.2,,0.0,False,,WIN,25.0,,,,,,,,,,,,,,,,,,,,,,,,,,,,,,,,,,,,,,,,,,,,,,,,,,,,,,,,,,,,,,,,,,,,,,,,,,,,,,,,
2026-03-20,De'Anthony Melton,GSW,PTS,OVER,13.5,17.9,4.4,73.7,16.7,3.2,,0.0,False,,WIN,14.0,,,,,,,,,,,,,,,,,,,,,,,,,,,,,,,,,,,,,,,,,,,,,,,,,,,,,,,,,,,,,,,,,,,,,,,,,,,,,,,,
2026-03-20,Mitchell Robinson,NYK,PR,UNDER,18.0,13.7,-4.3,73.3,15.3,-2.7,,0.0,False,,WIN,13.0,,,,,,,,,,,,,,,,,,,,,,,,,,,,,,,,,,,,,,,,,,,,,,,,,,,,,,,,,,,,,,,,,,,,,,,,,,,,,,,,
2026-03-20,Jamal Shead,TOR,PA,OVER,10.0,14.3,4.3,73.3,10.5,0.5,,0.0,False,,LOSS,9.0,,,,,,,,,,,,,,,,,,,,,,,,,,,,,,,,,,,,,,,,,,,,,,,,,,,,,,,,,,,,,,,,,,,,,,,,,,,,,,,,
2026-03-20,Jalen Johnson,ATL,PTS,UNDER,22.5,18.3,-4.2,72.9,21.3,-1.2,,0.0,False,,WIN,14.0,,,,,,,,,,,,,,,,,,,,,,,,,,,,,,,,,,,,,,,,,,,,,,,,,,,,,,,,,,,,,,,,,,,,,,,,,,,,,,,,
2026-03-20,Scoot Henderson,POR,PR,OVER,15.5,19.6,4.1,72.5,17.2,1.7,,0.0,False,,LOSS,14.0,,,,,,,,,,,,,,,,,,,,,,,,,,,,,,,,,,,,,,,,,,,,,,,,,,,,,,,,,,,,,,,,,,,,,,,,,,,,,,,,
2026-03-20,Jaden McDaniels,MIN,PTS,UNDER,15.5,11.5,-4.0,72.1,13.9,-1.6,,0.0,False,,LOSS,16.0,,,,,,,,,,,,,,,,,,,,,,,,,,,,,,,,,,,,,,,,,,,,,,,,,,,,,,,,,,,,,,,,,,,,,,,,,,,,,,,,
2026-03-20,Drake Powell,BKN,PR,UNDER,12.0,8.0,-4.0,72.1,8.8,-3.2,,0.0,False,,WIN,5.0,,,,,,,,,,,,,,,,,,,,,,,,,,,,,,,,,,,,,,,,,,,,,,,,,,,,,,,,,,,,,,,,,,,,,,,,,,,,,,,,
2026-03-20,Danny Wolf,BKN,PTS,UNDER,14.5,10.5,-4.0,72.1,12.2,-2.3,,0.0,False,,WIN,8.0,,,,,,,,,,,,,,,,,,,,,,,,,,,,,,,,,,,,,,,,,,,,,,,,,,,,,,,,,,,,,,,,,,,,,,,,,,,,,,,,
2026-03-20,Donte DiVincenzo,MIN,PR,UNDER,18.0,14.1,-3.9,71.7,14.8,-3.2,,0.0,False,,WIN,17.0,,,,,,,,,,,,,,,,,,,,,,,,,,,,,,,,,,,,,,,,,,,,,,,,,,,,,,,,,,,,,,,,,,,,,,,,,,,,,,,,
2026-03-20,Julius Randle,MIN,PTS,UNDER,20.5,16.8,-3.7,70.9,13.8,-6.7,,0.0,False,,WIN,19.0,,,,,,,,,,,,,,,,,,,,,,,,,,,,,,,,,,,,,,,,,,,,,,,,,,,,,,,,,,,,,,,,,,,,,,,,,,,,,,,,
2026-03-20,Onyeka Okongwu,ATL,PR,OVER,20.5,24.2,3.7,70.9,22.7,2.2,,0.0,False,,LOSS,14.0,,,,,,,,,,,,,,,,,,,,,,,,,,,,,,,,,,,,,,,,,,,,,,,,,,,,,,,,,,,,,,,,,,,,,,,,,,,,,,,,
2026-03-20,Ausar Thompson,DET,PRA,UNDER,18.5,14.8,-3.7,70.9,18.4,-0.1,,0.0,False,,WIN,15.0,,,,,,,,,,,,,,,,,,,,,,,,,,,,,,,,,,,,,,,,,,,,,,,,,,,,,,,,,,,,,,,,,,,,,,,,,,,,,,,,
2026-03-20,Gui Santos,GSW,PTS,OVER,13.5,17.1,3.6,70.4,15.6,2.1,,0.0,False,,LOSS,13.0,,,,,,,,,,,,,,,,,,,,,,,,,,,,,,,,,,,,,,,,,,,,,,,,,,,,,,,,,,,,,,,,,,,,,,,,,,,,,,,,
2026-03-20,Rudy Gobert,MIN,PTS,UNDER,12.5,9.1,-3.4,69.6,10.7,-1.8,,0.0,False,,LOSS,18.0,,,,,,,,,,,,,,,,,,,,,,,,,,,,,,,,,,,,,,,,,,,,,,,,,,,,,,,,,,,,,,,,,,,,,,,,,,,,,,,,
2026-03-20,Olivier-Maxence Prosper,MEM,PRA,OVER,15.0,18.4,3.4,69.6,18.0,3.0,,0.0,False,,WIN,23.0,,,,,,,,,,,,,,,,,,,,,,,,,,,,,,,,,,,,,,,,,,,,,,,,,,,,,,,,,,,,,,,,,,,,,,,,,,,,,,,,
2026-03-20,Neemias Queta,BOS,PRA,UNDER,23.5,20.2,-3.3,69.1,21.4,-2.1,,0.0,False,,LOSS,24.0,,,,,,,,,,,,,,,,,,,,,,,,,,,,,,,,,,,,,,,,,,,,,,,,,,,,,,,,,,,,,,,,,,,,,,,,,,,,,,,,
2026-03-20,Ausar Thompson,DET,PA,UNDER,13.5,10.2,-3.3,69.1,13.1,-0.4,,0.0,False,,WIN,12.0,,,,,,,,,,,,,,,,,,,,,,,,,,,,,,,,,,,,,,,,,,,,,,,,,,,,,,,,,,,,,,,,,,,,,,,,,,,,,,,,
2026-03-20,Ausar Thompson,DET,PTS,UNDER,10.5,7.2,-3.3,69.1,9.0,-1.5,,0.0,False,,WIN,8.0,,,,,,,,,,,,,,,,,,,,,,,,,,,,,,,,,,,,,,,,,,,,,,,,,,,,,,,,,,,,,,,,,,,,,,,,,,,,,,,,
2026-03-20,Rudy Gobert,MIN,PA,UNDER,14.5,11.2,-3.3,69.1,13.1,-1.4,,0.0,False,,LOSS,19.0,,,,,,,,,,,,,,,,,,,,,,,,,,,,,,,,,,,,,,,,,,,,,,,,,,,,,,,,,,,,,,,,,,,,,,,,,,,,,,,,
2026-03-20,Payton Pritchard,BOS,PA,UNDER,22.0,18.8,-3.2,68.7,16.0,-6.0,,0.0,False,,PUSH,22.0,,,,,,,,,,,,,,,,,,,,,,,,,,,,,,,,,,,,,,,,,,,,,,,,,,,,,,,,,,,,,,,,,,,,,,,,,,,,,,,,
2026-03-20,Gui Santos,GSW,PRA,OVER,24.5,27.7,3.2,68.7,26.8,2.3,,0.0,False,,LOSS,23.0,,,,,,,,,,,,,,,,,,,,,,,,,,,,,,,,,,,,,,,,,,,,,,,,,,,,,,,,,,,,,,,,,,,,,,,,,,,,,,,,
2026-03-20,Nic Claxton,BKN,PA,OVER,12.5,15.6,3.1,68.2,13.4,0.9,,0.0,False,,LOSS,8.0,,,,,,,,,,,,,,,,,,,,,,,,,,,,,,,,,,,,,,,,,,,,,,,,,,,,,,,,,,,,,,,,,,,,,,,,,,,,,,,,
2026-03-20,Scoot Henderson,POR,PTS,OVER,13.5,16.6,3.1,68.2,14.3,0.8,,0.0,False,,LOSS,11.0,,,,,,,,,,,,,,,,,,,,,,,,,,,,,,,,,,,,,,,,,,,,,,,,,,,,,,,,,,,,,,,,,,,,,,,,,,,,,,,,
2026-03-20,De'Anthony Melton,GSW,PA,OVER,18.0,21.1,3.1,68.2,19.5,1.5,,0.0,False,,LOSS,14.0,,,,,,,,,,,,,,,,,,,,,,,,,,,,,,,,,,,,,,,,,,,,,,,,,,,,,,,,,,,,,,,,,,,,,,,,,,,,,,,,
2026-03-20,Danny Wolf,BKN,PRA,UNDER,22.0,18.9,-3.1,68.2,21.1,-0.9,,0.0,False,,WIN,16.0,,,,,,,,,,,,,,,,,,,,,,,,,,,,,,,,,,,,,,,,,,,,,,,,,,,,,,,,,,,,,,,,,,,,,,,,,,,,,,,,
2026-03-20,Tobias Harris,DET,PTS,UNDER,12.5,9.4,-3.1,68.2,11.6,-0.9,,0.0,False,,LOSS,13.0,,,,,,,,,,,,,,,,,,,,,,,,,,,,,,,,,,,,,,,,,,,,,,,,,,,,,,,,,,,,,,,,,,,,,,,,,,,,,,,,
2026-03-20,Aaron Gordon,DEN,PA,OVER,17.5,20.5,3.0,67.8,18.1,0.6,,0.0,False,,WIN,19.0,,,,,,,,,,,,,,,,,,,,,,,,,,,,,,,,,,,,,,,,,,,,,,,,,,,,,,,,,,,,,,,,,,,,,,,,,,,,,,,,
2026-03-20,Ty Jerome,MEM,PR,UNDER,23.0,20.0,-3.0,67.8,22.9,-0.1,,0.0,False,,WIN,17.0,,,,,,,,,,,,,,,,,,,,,,,,,,,,,,,,,,,,,,,,,,,,,,,,,,,,,,,,,,,,,,,,,,,,,,,,,,,,,,,,
2026-03-20,Payton Pritchard,BOS,PRA,UNDER,25.5,22.6,-2.9,67.3,19.6,-5.9,,0.0,False,,LOSS,28.0,,,,,,,,,,,,,,,,,,,,,,,,,,,,,,,,,,,,,,,,,,,,,,,,,,,,,,,,,,,,,,,,,,,,,,,,,,,,,,,,
2026-03-20,Olivier-Maxence Prosper,MEM,PR,OVER,14.0,16.8,2.8,66.8,16.4,2.4,,0.0,False,,WIN,21.0,,,,,,,,,,,,,,,,,,,,,,,,,,,,,,,,,,,,,,,,,,,,,,,,,,,,,,,,,,,,,,,,,,,,,,,,,,,,,,,,
2026-03-20,Jock Landale,ATL,PRA,UNDER,15.5,12.7,-2.8,66.8,12.6,-2.9,,0.0,False,,WIN,10.0,,,,,,,,,,,,,,,,,,,,,,,,,,,,,,,,,,,,,,,,,,,,,,,,,,,,,,,,,,,,,,,,,,,,,,,,,,,,,,,,
2026-03-20,Neemias Queta,BOS,PA,UNDER,14.5,11.7,-2.8,66.8,12.6,-1.9,,0.0,False,,WIN,13.0,,,,,,,,,,,,,,,,,,,,,,,,,,,,,,,,,,,,,,,,,,,,,,,,,,,,,,,,,,,,,,,,,,,,,,,,,,,,,,,,
2026-03-20,Donte DiVincenzo,MIN,PTS,UNDER,13.0,10.3,-2.7,66.3,10.9,-2.1,,0.0,False,,PUSH,13.0,,,,,,,,,,,,,,,,,,,,,,,,,,,,,,,,,,,,,,,,,,,,,,,,,,,,,,,,,,,,,,,,,,,,,,,,,,,,,,,,
2026-03-20,Nolan Traore,BKN,PA,OVER,12.5,15.2,2.7,66.3,13.4,0.9,,0.0,False,,WIN,18.0,,,,,,,,,,,,,,,,,,,,,,,,,,,,,,,,,,,,,,,,,,,,,,,,,,,,,,,,,,,,,,,,,,,,,,,,,,,,,,,,
2026-03-20,Onyeka Okongwu,ATL,PA,OVER,16.5,19.2,2.7,66.3,17.8,1.3,,0.0,False,,LOSS,9.0,,,,,,,,,,,,,,,,,,,,,,,,,,,,,,,,,,,,,,,,,,,,,,,,,,,,,,,,,,,,,,,,,,,,,,,,,,,,,,,,
2026-03-20,Onyeka Okongwu,ATL,PRA,OVER,24.5,27.2,2.7,66.3,25.9,1.4,,0.0,False,,LOSS,17.0,,,,,,,,,,,,,,,,,,,,,,,,,,,,,,,,,,,,,,,,,,,,,,,,,,,,,,,,,,,,,,,,,,,,,,,,,,,,,,,,
2026-03-20,Ayo Dosunmu,MIN,AST,UNDER,5.5,2.9,-2.6,65.8,2.9,-2.6,,0.0,False,,LOSS,8.0,,,,,,,,,,,,,,,,,,,,,,,,,,,,,,,,,,,,,,,,,,,,,,,,,,,,,,,,,,,,,,,,,,,,,,,,,,,,,,,,
2026-03-20,Mikal Bridges,NYK,PR,UNDER,16.5,13.9,-2.6,65.8,15.0,-1.5,,0.0,False,,WIN,16.0,,,,,,,,,,,,,,,,,,,,,,,,,,,,,,,,,,,,,,,,,,,,,,,,,,,,,,,,,,,,,,,,,,,,,,,,,,,,,,,,
2026-03-20,Duncan Robinson,DET,PR,OVER,12.5,15.1,2.6,65.8,13.6,1.1,,0.0,False,,LOSS,12.0,,,,,,,,,,,,,,,,,,,,,,,,,,,,,,,,,,,,,,,,,,,,,,,,,,,,,,,,,,,,,,,,,,,,,,,,,,,,,,,,
2026-03-20,Rudy Gobert,MIN,TRB,UNDER,12.75,10.3,-2.4,65.1,12.2,-0.6,,0.0,False,,LOSS,15.0,,,,,,,,,,,,,,,,,,,,,,,,,,,,,,,,,,,,,,,,,,,,,,,,,,,,,,,,,,,,,,,,,,,,,,,,,,,,,,,,
2026-03-20,Reed Sheppard,HOU,PR,OVER,15.5,17.8,2.3,64.3,22.0,6.5,,0.0,False,,WIN,18.0,,,,,,,,,,,,,,,,,,,,,,,,,,,,,,,,,,,,,,,,,,,,,,,,,,,,,,,,,,,,,,,,,,,,,,,,,,,,,,,,
2026-03-20,Mikal Bridges,NYK,PRA,UNDER,19.0,16.7,-2.3,64.3,17.9,-1.1,,0.0,False,,WIN,18.0,,,,,,,,,,,,,,,,,,,,,,,,,,,,,,,,,,,,,,,,,,,,,,,,,,,,,,,,,,,,,,,,,,,,,,,,,,,,,,,,
2026-03-20,Kevin Huerter,DET,PTS,UNDER,8.5,6.3,-2.2,63.8,6.6,-1.9,,0.0,False,,DNP,,,,,,,2026-04-01 11:16:38,,,,,,,,,,,,,,,,,,,,,,,,,,,,,,,,,,,,,,,,,,,,,,,,,,,,,,,,,,,,,,,,,,,,,,,,,,
2026-03-20,Duncan Robinson,DET,PA,OVER,12.5,14.7,2.2,63.8,13.5,1.0,,0.0,False,,WIN,13.0,,,,,,,,,,,,,,,,,,,,,,,,,,,,,,,,,,,,,,,,,,,,,,,,,,,,,,,,,,,,,,,,,,,,,,,,,,,,,,,,
2026-03-20,Payton Pritchard,BOS,PR,UNDER,20.0,17.8,-2.2,63.8,14.8,-5.2,,0.0,False,,LOSS,25.0,,,,,,,,,,,,,,,,,,,,,,,,,,,,,,,,,,,,,,,,,,,,,,,,,,,,,,,,,,,,,,,,,,,,,,,,,,,,,,,,
2026-03-20,Reed Sheppard,HOU,PRA,OVER,19.5,21.7,2.2,63.8,26.3,6.8,,0.0,False,,WIN,22.0,,,,,,,,,,,,,,,,,,,,,,,,,,,,,,,,,,,,,,,,,,,,,,,,,,,,,,,,,,,,,,,,,,,,,,,,,,,,,,,,
2026-03-20,Draymond Green,GSW,PA,OVER,13.25,15.4,2.2,63.5,15.6,2.3,,0.0,False,,LOSS,6.0,,,,,,,,,,,,,,,,,,,,,,,,,,,,,,,,,,,,,,,,,,,,,,,,,,,,,,,,,,,,,,,,,,,,,,,,,,,,,,,,
2026-03-20,Ausar Thompson,DET,TRB,UNDER,6.75,4.6,-2.2,63.5,5.3,-1.5,,0.0,False,,WIN,3.0,,,,,,,,,,,,,,,,,,,,,,,,,,,,,,,,,,,,,,,,,,,,,,,,,,,,,,,,,,,,,,,,,,,,,,,,,,,,,,,,
2026-03-20,De'Anthony Melton,GSW,PR,OVER,19.5,21.6,2.1,63.2,20.4,0.9,,0.0,False,,LOSS,18.0,,,,,,,,,,,,,,,,,,,,,,,,,,,,,,,,,,,,,,,,,,,,,,,,,,,,,,,,,,,,,,,,,,,,,,,,,,,,,,,,
2026-03-20,Drake Powell,BKN,PRA,UNDER,11.5,9.4,-2.1,63.2,9.9,-1.6,,0.0,False,,WIN,7.0,,,,,,,,,,,,,,,,,,,,,,,,,,,,,,,,,,,,,,,,,,,,,,,,,,,,,,,,,,,,,,,,,,,,,,,,,,,,,,,,
2026-03-20,Immanuel Quickley,TOR,PR,OVER,19.5,21.5,2.0,62.7,22.5,3.0,,0.0,False,,LOSS,19.0,,,,,,,,,,,,,,,,,,,,,,,,,,,,,,,,,,,,,,,,,,,,,,,,,,,,,,,,,,,,,,,,,,,,,,,,,,,,,,,,
2026-03-20,Tari Eason,HOU,PTS,UNDER,12.5,10.5,-2.0,62.7,6.5,-6.0,,0.0,False,,WIN,10.0,,,,,,,,,,,,,,,,,,,,,,,,,,,,,,,,,,,,,,,,,,,,,,,,,,,,,,,,,,,,,,,,,,,,,,,,,,,,,,,,
2026-03-20,Neemias Queta,BOS,TRB,UNDER,10.5,8.5,-2.0,62.7,8.8,-1.7,,0.0,False,,LOSS,11.0,,,,,,,,,,,,,,,,,,,,,,,,,,,,,,,,,,,,,,,,,,,,,,,,,,,,,,,,,,,,,,,,,,,,,,,,,,,,,,,,
2026-03-20,Taylor Hendricks,MEM,PR,OVER,13.5,15.5,2.0,62.7,16.7,3.2,,0.0,False,,WIN,17.0,,,,,,,,,,,,,,,,,,,,,,,,,,,,,,,,,,,,,,,,,,,,,,,,,,,,,,,,,,,,,,,,,,,,,,,,,,,,,,,,
2026-03-20,Drake Powell,BKN,PTS,UNDER,7.5,5.6,-1.9,62.2,6.9,-0.6,,0.0,False,,WIN,2.0,,,,,,,,,,,,,,,,,,,,,,,,,,,,,,,,,,,,,,,,,,,,,,,,,,,,,,,,,,,,,,,,,,,,,,,,,,,,,,,,
2026-03-20,Neemias Queta,BOS,PR,UNDER,20.5,18.6,-1.9,62.2,20.2,-0.3,,0.0,False,,LOSS,23.0,,,,,,,,,,,,,,,,,,,,,,,,,,,,,,,,,,,,,,,,,,,,,,,,,,,,,,,,,,,,,,,,,,,,,,,,,,,,,,,,
2026-03-20,RJ Barrett,TOR,PA,UNDER,24.0,22.1,-1.9,62.2,22.6,-1.4,,0.0,False,,WIN,20.0,,,,,,,,,,,,,,,,,,,,,,,,,,,,,,,,,,,,,,,,,,,,,,,,,,,,,,,,,,,,,,,,,,,,,,,,,,,,,,,,
2026-03-20,Bruce Brown,DEN,PRA,UNDER,13.0,11.1,-1.9,62.2,11.7,-1.3,,0.0,False,,LOSS,15.0,,,,,,,,,,,,,,,,,,,,,,,,,,,,,,,,,,,,,,,,,,,,,,,,,,,,,,,,,,,,,,,,,,,,,,,,,,,,,,,,
2026-03-20,Jalen Brunson,NYK,PTS,UNDER,29.5,27.6,-1.9,62.2,23.1,-6.4,,0.0,False,,WIN,17.0,,,,,,,,,,,,,,,,,,,,,,,,,,,,,,,,,,,,,,,,,,,,,,,,,,,,,,,,,,,,,,,,,,,,,,,,,,,,,,,,
2026-03-20,Caris LeVert,DET,PA,UNDER,12.5,10.6,-1.9,62.2,6.9,-5.6,,0.0,False,,WIN,10.0,,,,,,,,,,,,,,,,,,,,,,,,,,,,,,,,,,,,,,,,,,,,,,,,,,,,,,,,,,,,,,,,,,,,,,,,,,,,,,,,
2026-03-20,Christian Braun,DEN,PR,OVER,16.5,18.4,1.9,62.2,19.2,2.7,,0.0,False,,LOSS,15.0,,,,,,,,,,,,,,,,,,,,,,,,,,,,,,,,,,,,,,,,,,,,,,,,,,,,,,,,,,,,,,,,,,,,,,,,,,,,,,,,
2026-03-20,Jakob Poeltl,TOR,PRA,UNDER,22.5,20.7,-1.8,61.6,18.1,-4.4,,0.0,False,,LOSS,36.0,,,,,,,,,,,,,,,,,,,,,,,,,,,,,,,,,,,,,,,,,,,,,,,,,,,,,,,,,,,,,,,,,,,,,,,,,,,,,,,,
2026-03-20,Mitchell Robinson,NYK,PRA,UNDER,16.5,14.7,-1.8,61.6,16.1,-0.4,,0.0,False,,WIN,13.0,,,,,,,,,,,,,,,,,,,,,,,,,,,,,,,,,,,,,,,,,,,,,,,,,,,,,,,,,,,,,,,,,,,,,,,,,,,,,,,,
2026-03-20,Olivier-Maxence Prosper,MEM,PTS,OVER,10.5,12.3,1.8,61.6,11.8,1.3,,0.0,False,,WIN,14.0,,,,,,,,,,,,,,,,,,,,,,,,,,,,,,,,,,,,,,,,,,,,,,,,,,,,,,,,,,,,,,,,,,,,,,,,,,,,,,,,
2026-03-20,Christian Braun,DEN,PRA,OVER,19.5,21.3,1.8,61.6,21.9,2.4,,0.0,False,,LOSS,17.0,,,,,,,,,,,,,,,,,,,,,,,,,,,,,,,,,,,,,,,,,,,,,,,,,,,,,,,,,,,,,,,,,,,,,,,,,,,,,,,,
2026-03-20,Julius Randle,MIN,AST,UNDER,6.0,4.2,-1.8,61.6,3.8,-2.2,,0.0,False,,WIN,4.0,,,,,,,,,,,,,,,,,,,,,,,,,,,,,,,,,,,,,,,,,,,,,,,,,,,,,,,,,,,,,,,,,,,,,,,,,,,,,,,,
2026-03-20,Jalen Duren,DET,TRB,UNDER,12.5,10.8,-1.7,61.0,10.8,-1.7,,0.0,False,,WIN,6.0,,,,,,,,,,,,,,,,,,,,,,,,,,,,,,,,,,,,,,,,,,,,,,,,,,,,,,,,,,,,,,,,,,,,,,,,,,,,,,,,
2026-03-20,Baylor Scheierman,BOS,PTS,OVER,6.5,8.2,1.7,61.0,9.1,2.6,,0.0,False,,LOSS,2.0,,,,,,,,,,,,,,,,,,,,,,,,,,,,,,,,,,,,,,,,,,,,,,,,,,,,,,,,,,,,,,,,,,,,,,,,,,,,,,,,
2026-03-20,OG Anunoby,NYK,PR,OVER,22.5,24.2,1.7,61.0,23.8,1.3,,0.0,False,,LOSS,19.0,,,,,,,,,,,,,,,,,,,,,,,,,,,,,,,,,,,,,,,,,,,,,,,,,,,,,,,,,,,,,,,,,,,,,,,,,,,,,,,,
2026-03-20,Scottie Barnes,TOR,AST,UNDER,6.0,4.3,-1.7,61.0,3.7,-2.3,,0.0,False,,LOSS,8.0,,,,,,,,,,,,,,,,,,,,,,,,,,,,,,,,,,,,,,,,,,,,,,,,,,,,,,,,,,,,,,,,,,,,,,,,,,,,,,,,
2026-03-20,Onyeka Okongwu,ATL,PTS,OVER,14.5,16.2,1.7,61.0,14.6,0.1,,0.0,False,,LOSS,6.0,,,,,,,,,,,,,,,,,,,,,,,,,,,,,,,,,,,,,,,,,,,,,,,,,,,,,,,,,,,,,,,,,,,,,,,,,,,,,,,,
2026-03-20,Christian Braun,DEN,PA,OVER,14.0,15.7,1.7,61.0,15.6,1.6,,0.0,False,,LOSS,13.0,,,,,,,,,,,,,,,,,,,,,,,,,,,,,,,,,,,,,,,,,,,,,,,,,,,,,,,,,,,,,,,,,,,,,,,,,,,,,,,,
2026-03-20,Jaylen Brown,BOS,TRB,OVER,6.25,7.9,1.7,60.7,7.3,1.0,,0.0,False,,LOSS,6.0,,,,,,,,,,,,,,,,,,,,,,,,,,,,,,,,,,,,,,,,,,,,,,,,,,,,,,,,,,,,,,,,,,,,,,,,,,,,,,,,
2026-03-20,Draymond Green,GSW,PR,OVER,13.25,14.9,1.6,60.7,14.8,1.6,,0.0,False,,LOSS,5.0,,,,,,,,,,,,,,,,,,,,,,,,,,,,,,,,,,,,,,,,,,,,,,,,,,,,,,,,,,,,,,,,,,,,,,,,,,,,,,,,
2026-03-20,Aaron Gordon,DEN,TRB,OVER,5.5,7.1,1.6,60.5,6.1,0.6,,0.0,False,,LOSS,5.0,,,,,,,,,,,,,,,,,,,,,,,,,,,,,,,,,,,,,,,,,,,,,,,,,,,,,,,,,,,,,,,,,,,,,,,,,,,,,,,,
2026-03-20,Deni Avdija,POR,PR,UNDER,32.0,30.4,-1.6,60.5,22.3,-9.7,,0.0,False,,LOSS,33.0,,,,,,,,,,,,,,,,,,,,,,,,,,,,,,,,,,,,,,,,,,,,,,,,,,,,,,,,,,,,,,,,,,,,,,,,,,,,,,,,
2026-03-20,Jakob Poeltl,TOR,PA,UNDER,14.5,12.9,-1.6,60.5,11.5,-3.0,,0.0,False,,LOSS,25.0,,,,,,,,,,,,,,,,,,,,,,,,,,,,,,,,,,,,,,,,,,,,,,,,,,,,,,,,,,,,,,,,,,,,,,,,,,,,,,,,
2026-03-20,Taylor Hendricks,MEM,PRA,OVER,15.5,17.1,1.6,60.5,18.2,2.7,,0.0,False,,WIN,19.0,,,,,,,,,,,,,,,,,,,,,,,,,,,,,,,,,,,,,,,,,,,,,,,,,,,,,,,,,,,,,,,,,,,,,,,,,,,,,,,,
2026-03-20,Jakob Poeltl,TOR,PTS,UNDER,12.5,10.9,-1.6,60.5,9.8,-2.7,,0.0,False,,LOSS,23.0,,,,,,,,,,,,,,,,,,,,,,,,,,,,,,,,,,,,,,,,,,,,,,,,,,,,,,,,,,,,,,,,,,,,,,,,,,,,,,,,
2026-03-20,Reed Sheppard,HOU,PTS,OVER,12.5,14.1,1.6,60.5,17.9,5.4,,0.0,False,,WIN,14.0,,,,,,,,,,,,,,,,,,,,,,,,,,,,,,,,,,,,,,,,,,,,,,,,,,,,,,,,,,,,,,,,,,,,,,,,,,,,,,,,
2026-03-20,Draymond Green,GSW,PTS,OVER,8.25,9.8,1.6,60.2,9.7,1.4,,0.0,False,,LOSS,0.0,,,,,,,,,,,,,,,,,,,,,,,,,,,,,,,,,,,,,,,,,,,,,,,,,,,,,,,,,,,,,,,,,,,,,,,,,,,,,,,,
2026-03-20,Sam Hauser,BOS,PA,UNDER,12.25,10.7,-1.6,60.2,10.8,-1.4,,0.0,False,,WIN,1.0,,,,,,,,,,,,,,,,,,,,,,,,,,,,,,,,,,,,,,,,,,,,,,,,,,,,,,,,,,,,,,,,,,,,,,,,,,,,,,,,
2026-03-20,Brandin Podziemski,GSW,TRB,OVER,5.5,7.0,1.5,59.9,7.7,2.2,,0.0,False,,WIN,6.0,,,,,,,,,,,,,,,,,,,,,,,,,,,,,,,,,,,,,,,,,,,,,,,,,,,,,,,,,,,,,,,,,,,,,,,,,,,,,,,,
2026-03-20,Baylor Scheierman,BOS,PR,OVER,12.0,13.5,1.5,59.9,14.6,2.6,,0.0,False,,LOSS,6.0,,,,,,,,,,,,,,,,,,,,,,,,,,,,,,,,,,,,,,,,,,,,,,,,,,,,,,,,,,,,,,,,,,,,,,,,,,,,,,,,
2026-03-20,Donovan Clingan,POR,TRB,OVER,11.5,13.0,1.5,59.9,12.6,1.1,,0.0,False,,WIN,12.0,,,,,,,,,,,,,,,,,,,,,,,,,,,,,,,,,,,,,,,,,,,,,,,,,,,,,,,,,,,,,,,,,,,,,,,,,,,,,,,,
2026-03-20,Drake Powell,BKN,PA,UNDER,8.5,7.0,-1.5,59.9,8.0,-0.5,,0.0,False,,WIN,4.0,,,,,,,,,,,,,,,,,,,,,,,,,,,,,,,,,,,,,,,,,,,,,,,,,,,,,,,,,,,,,,,,,,,,,,,,,,,,,,,,
2026-03-20,Onyeka Okongwu,ATL,TRB,OVER,6.5,8.0,1.5,59.9,8.1,1.6,,0.0,False,,WIN,8.0,,,,,,,,,,,,,,,,,,,,,,,,,,,,,,,,,,,,,,,,,,,,,,,,,,,,,,,,,,,,,,,,,,,,,,,,,,,,,,,,
2026-03-20,Sandro Mamukelashvili,TOR,PRA,OVER,12.5,14.0,1.5,59.9,13.8,1.3,,0.0,False,,LOSS,8.0,,,,,,,,,,,,,,,,,,,,,,,,,,,,,,,,,,,,,,,,,,,,,,,,,,,,,,,,,,,,,,,,,,,,,,,,,,,,,,,,
2026-03-21,Ace Bailey,UTA,PA,UNDER,26.5,15.5,-11.0,89.6,18.4,-8.1,,0.0,False,,LOSS,29.0,31.8,,,,,,,,,,,,,,,,,,,,,,,,,,,,,,,,,,,,,,,,,,,,,,,,,,,,,,,,,,,,,,,,,,,,,,,,,,,,,,,
2026-03-21,Oso Ighodaro,PHX,PRA,UNDER,22.5,12.7,-9.8,87.7,16.1,-6.4,,0.0,False,,WIN,20.0,25.7,,,,,,,,,,,,,,,,,,,,,,,,,,,,,,,,,,,,,,,,,,,,,,,,,,,,,,,,,,,,,,,,,,,,,,,,,,,,,,,
2026-03-21,Ace Bailey,UTA,PR,UNDER,28.0,18.3,-9.7,87.6,21.9,-6.1,,0.0,False,,LOSS,32.0,31.8,,,,,,,,,,,,,,,,,,,,,,,,,,,,,,,,,,,,,,,,,,,,,,,,,,,,,,,,,,,,,,,,,,,,,,,,,,,,,,,
2026-03-21,Justin Edwards,PHI,PR,UNDER,19.5,10.0,-9.5,87.2,9.3,-10.2,,0.0,False,,WIN,8.0,23.8,,,,,,,,,,,,,,,,,,,,,,,,,,,,,,,,,,,,,,,,,,,,,,,,,,,,,,,,,,,,,,,,,,,,,,,,,,,,,,,
2026-03-21,VJ Edgecombe,PHI,PA,UNDER,28.5,19.1,-9.4,87.0,20.4,-8.1,,0.0,False,,WIN,26.0,33.8,,,,,,,,,,,,,,,,,,,,,,,,,,,,,,,,,,,,,,,,,,,,,,,,,,,,,,,,,,,,,,,,,,,,,,,,,,,,,,,
2026-03-21,Pascal Siakam,IND,PTS,OVER,18.5,27.7,9.2,86.7,25.0,6.5,,0.0,False,,LOSS,14.0,32.4,,,,,,,,,,,,,,,,,,,,,,,,,,,,,,,,,,,,,,,,,,,,,,,,,,,,,,,,,,,,,,,,,,,,,,,,,,,,,,,
2026-03-21,VJ Edgecombe,PHI,PRA,UNDER,34.0,24.9,-9.1,86.5,26.3,-7.7,,0.0,False,,LOSS,39.0,33.8,,,,,,,,,,,,,,,,,,,,,,,,,,,,,,,,,,,,,,,,,,,,,,,,,,,,,,,,,,,,,,,,,,,,,,,,,,,,,,,
2026-03-21,Pascal Siakam,IND,PRA,OVER,29.0,37.9,8.9,86.1,33.8,4.8,,0.0,False,,LOSS,21.0,32.4,,,,,,,,,,,,,,,,,,,,,,,,,,,,,,,,,,,,,,,,,,,,,,,,,,,,,,,,,,,,,,,,,,,,,,,,,,,,,,,
2026-03-21,Ace Bailey,UTA,PRA,UNDER,29.0,20.2,-8.8,85.9,23.6,-5.4,,0.0,False,,LOSS,36.0,31.8,,,,,,,,,,,,,,,,,,,,,,,,,,,,,,,,,,,,,,,,,,,,,,,,,,,,,,,,,,,,,,,,,,,,,,,,,,,,,,,
2026-03-21,Justin Edwards,PHI,PA,UNDER,18.0,9.4,-8.6,85.5,9.2,-8.8,,0.0,False,,WIN,9.0,23.8,,,,,,,,,,,,,,,,,,,,,,,,,,,,,,,,,,,,,,,,,,,,,,,,,,,,,,,,,,,,,,,,,,,,,,,,,,,,,,,
2026-03-21,Pascal Siakam,IND,PA,OVER,23.0,31.5,8.5,85.3,28.2,5.2,,0.0,False,,LOSS,19.0,32.4,,,,,,,,,,,,,,,,,,,,,,,,,,,,,,,,,,,,,,,,,,,,,,,,,,,,,,,,,,,,,,,,,,,,,,,,,,,,,,,
2026-03-21,Luka Dončić,LAL,PRA,UNDER,52.5,44.5,-8.0,84.2,51.0,-1.5,,0.0,False,,WIN,46.0,36.7,,,,,,,,,,,,,,,,,,,,,,,,,,,,,,,,,,,,,,,,,,,,,,,,,,,,,,,,,,,,,,,,,,,,,,,,,,,,,,,
2026-03-21,Ace Bailey,UTA,PTS,UNDER,21.5,13.6,-7.9,84.0,16.7,-4.8,,0.0,False,,LOSS,25.0,31.8,,,,,,,,,,,,,,,,,,,,,,,,,,,,,,,,,,,,,,,,,,,,,,,,,,,,,,,,,,,,,,,,,,,,,,,,,,,,,,,
2026-03-21,VJ Edgecombe,PHI,PR,UNDER,29.5,21.7,-7.8,83.8,23.5,-6.0,,0.0,False,,LOSS,35.0,33.8,,,,,,,,,,,,,,,,,,,,,,,,,,,,,,,,,,,,,,,,,,,,,,,,,,,,,,,,,,,,,,,,,,,,,,,,,,,,,,,
2026-03-21,Justin Edwards,PHI,PRA,UNDER,19.75,12.0,-7.8,83.7,11.3,-8.4,,0.0,False,,WIN,9.0,23.8,,,,,,,,,,,,,,,,,,,,,,,,,,,,,,,,,,,,,,,,,,,,,,,,,,,,,,,,,,,,,,,,,,,,,,,,,,,,,,,
2026-03-21,Jared McCain,OKC,PRA,UNDER,16.5,8.9,-7.6,83.3,14.0,-2.5,,0.0,False,,LOSS,22.0,16.8,,,,,,,,,,,,,,,,,,,,,,,,,,,,,,,,,,,,,,,,,,,,,,,,,,,,,,,,,,,,,,,,,,,,,,,,,,,,,,,
2026-03-21,Tyler Herro,MIA,PRA,UNDER,32.5,24.9,-7.6,83.3,31.0,-1.5,,0.0,False,,LOSS,35.0,30.0,,,,,,,,,,,,,,,,,,,,,,,,,,,,,,,,,,,,,,,,,,,,,,,,,,,,,,,,,,,,,,,,,,,,,,,,,,,,,,,
2026-03-21,Nickeil Alexander-Walker,ATL,PTS,OVER,17.5,24.8,7.3,82.6,19.6,2.1,,0.0,False,,LOSS,17.0,34.2,,,,,,,,,,,,,,,,,,,,,,,,,,,,,,,,,,,,,,,,,,,,,,,,,,,,,,,,,,,,,,,,,,,,,,,,,,,,,,,
2026-03-21,Pascal Siakam,IND,PR,OVER,27.0,34.1,7.1,82.1,30.6,3.6,,0.0,False,,LOSS,16.0,32.4,,,,,,,,,,,,,,,,,,,,,,,,,,,,,,,,,,,,,,,,,,,,,,,,,,,,,,,,,,,,,,,,,,,,,,,,,,,,,,,
2026-03-21,Jordan Goodwin,PHX,PR,UNDER,18.0,11.3,-6.7,81.1,13.7,-4.3,,0.0,False,,PUSH,18.0,20.0,,,,,,,,,,,,,,,,,,,,,,,,,,,,,,,,,,,,,,,,,,,,,,,,,,,,,,,,,,,,,,,,,,,,,,,,,,,,,,,
2026-03-21,Bilal Coulibaly,WAS,PRA,OVER,18.5,25.2,6.7,81.1,20.7,2.2,,0.0,False,,WIN,29.0,29.5,,,,,,,,,,,,,,,,,,,,,,,,,,,,,,,,,,,,,,,,,,,,,,,,,,,,,,,,,,,,,,,,,,,,,,,,,,,,,,,
2026-03-21,Kyle Filipowski,UTA,PA,UNDER,21.5,14.9,-6.6,80.8,19.0,-2.5,,0.0,False,,WIN,16.0,27.5,,,,,,,,,,,,,,,,,,,,,,,,,,,,,,,,,,,,,,,,,,,,,,,,,,,,,,,,,,,,,,,,,,,,,,,,,,,,,,,
2026-03-21,Tyler Herro,MIA,PA,UNDER,27.5,20.9,-6.6,80.8,26.9,-0.6,,0.0,False,,LOSS,29.0,30.0,,,,,,,,,,,,,,,,,,,,,,,,,,,,,,,,,,,,,,,,,,,,,,,,,,,,,,,,,,,,,,,,,,,,,,,,,,,,,,,
2026-03-21,VJ Edgecombe,PHI,PTS,UNDER,22.5,15.9,-6.6,80.8,17.6,-4.9,,0.0,False,,WIN,22.0,33.8,,,,,,,,,,,,,,,,,,,,,,,,,,,,,,,,,,,,,,,,,,,,,,,,,,,,,,,,,,,,,,,,,,,,,,,,,,,,,,,
2026-03-21,Nickeil Alexander-Walker,ATL,PA,OVER,22.5,29.0,6.5,80.5,23.2,0.7,,0.0,False,,LOSS,18.0,34.2,,,,,,,,,,,,,,,,,,,,,,,,,,,,,,,,,,,,,,,,,,,,,,,,,,,,,,,,,,,,,,,,,,,,,,,,,,,,,,,
2026-03-21,Jaylen Wells,MEM,PR,OVER,14.5,20.9,6.4,80.2,17.9,3.4,,0.0,False,,LOSS,9.0,26.4,,,,,,,,,,,,,,,,,,,,,,,,,,,,,,,,,,,,,,,,,,,,,,,,,,,,,,,,,,,,,,,,,,,,,,,,,,,,,,,
2026-03-21,Chet Holmgren,OKC,PRA,OVER,24.5,30.8,6.3,80.0,28.6,4.1,,0.0,False,,WIN,28.0,29.6,,,,,,,,,,,,,,,,,,,,,,,,,,,,,,,,,,,,,,,,,,,,,,,,,,,,,,,,,,,,,,,,,,,,,,,,,,,,,,,
2026-03-21,Bam Adebayo,MIA,PTS,OVER,20.5,26.8,6.3,80.0,28.0,7.5,,0.0,False,,WIN,32.0,35.1,,,,,,,,,,,,,,,,,,,,,,,,,,,,,,,,,,,,,,,,,,,,,,,,,,,,,,,,,,,,,,,,,,,,,,,,,,,,,,,
2026-03-21,Oso Ighodaro,PHX,PR,UNDER,16.5,10.3,-6.2,79.7,13.1,-3.4,,0.0,False,,LOSS,17.0,25.7,,,,,,,,,,,,,,,,,,,,,,,,,,,,,,,,,,,,,,,,,,,,,,,,,,,,,,,,,,,,,,,,,,,,,,,,,,,,,,,
2026-03-21,Jaylen Wells,MEM,PA,OVER,13.5,19.6,6.1,79.4,16.8,3.3,,0.0,False,,LOSS,10.0,26.4,,,,,,,,,,,,,,,,,,,,,,,,,,,,,,,,,,,,,,,,,,,,,,,,,,,,,,,,,,,,,,,,,,,,,,,,,,,,,,,
2026-03-21,Daniel Gafford,DAL,PR,OVER,16.5,22.5,6.0,79.1,17.9,1.4,,0.0,False,,WIN,20.0,24.6,,,,,,,,,,,,,,,,,,,,,,,,,,,,,,,,,,,,,,,,,,,,,,,,,,,,,,,,,,,,,,,,,,,,,,,,,,,,,,,
2026-03-21,Luka Dončić,LAL,PR,UNDER,43.0,37.0,-6.0,79.1,42.9,-0.1,,0.0,False,,WIN,38.0,36.7,,,,,,,,,,,,,,,,,,,,,,,,,,,,,,,,,,,,,,,,,,,,,,,,,,,,,,,,,,,,,,,,,,,,,,,,,,,,,,,
2026-03-21,Jaylen Wells,MEM,PRA,OVER,17.0,23.0,6.0,79.1,19.5,2.5,,0.0,False,,LOSS,10.0,26.4,,,,,,,,,,,,,,,,,,,,,,,,,,,,,,,,,,,,,,,,,,,,,,,,,,,,,,,,,,,,,,,,,,,,,,,,,,,,,,,
2026-03-21,Collin Gillespie,PHX,PRA,UNDER,23.5,17.6,-5.9,78.8,22.3,-1.2,,0.0,False,,LOSS,28.0,28.9,,,,,,,,,,,,,,,,,,,,,,,,,,,,,,,,,,,,,,,,,,,,,,,,,,,,,,,,,,,,,,,,,,,,,,,,,,,,,,,
2026-03-21,Alex Caruso,OKC,PRA,OVER,9.0,14.9,5.9,78.8,11.8,2.8,,0.0,False,,WIN,10.0,18.4,,,,,,,,,,,,,,,,,,,,,,,,,,,,,,,,,,,,,,,,,,,,,,,,,,,,,,,,,,,,,,,,,,,,,,,,,,,,,,,
2026-03-21,Tyler Herro,MIA,PR,UNDER,26.5,20.7,-5.8,78.5,26.3,-0.2,,0.0,False,,LOSS,31.0,30.0,,,,,,,,,,,,,,,,,,,,,,,,,,,,,,,,,,,,,,,,,,,,,,,,,,,,,,,,,,,,,,,,,,,,,,,,,,,,,,,
2026-03-21,Bilal Coulibaly,WAS,PA,OVER,14.5,20.2,5.7,78.2,16.2,1.7,,0.0,False,,WIN,25.0,29.5,,,,,,,,,,,,,,,,,,,,,,,,,,,,,,,,,,,,,,,,,,,,,,,,,,,,,,,,,,,,,,,,,,,,,,,,,,,,,,,
2026-03-21,Jevon Carter,ORL,PA,UNDER,12.5,6.8,-5.7,78.2,9.6,-2.9,,0.0,False,,LOSS,14.0,18.6,,,,,,,,,,,,,,,,,,,,,,,,,,,,,,,,,,,,,,,,,,,,,,,,,,,,,,,,,,,,,,,,,,,,,,,,,,,,,,,
2026-03-21,Daniel Gafford,DAL,PRA,OVER,18.5,24.2,5.7,78.2,19.3,0.8,,0.0,False,,WIN,21.0,24.6,,,,,,,,,,,,,,,,,,,,,,,,,,,,,,,,,,,,,,,,,,,,,,,,,,,,,,,,,,,,,,,,,,,,,,,,,,,,,,,
2026-03-21,Oso Ighodaro,PHX,PA,UNDER,13.5,7.9,-5.6,77.8,10.4,-3.1,,0.0,False,,LOSS,15.0,25.7,,,,,,,,,,,,,,,,,,,,,,,,,,,,,,,,,,,,,,,,,,,,,,,,,,,,,,,,,,,,,,,,,,,,,,,,,,,,,,,
2026-03-21,Jordan Goodwin,PHX,PRA,UNDER,18.5,12.9,-5.6,77.8,15.4,-3.1,,0.0,False,,LOSS,22.0,20.0,,,,,,,,,,,,,,,,,,,,,,,,,,,,,,,,,,,,,,,,,,,,,,,,,,,,,,,,,,,,,,,,,,,,,,,,,,,,,,,
2026-03-21,Jevon Carter,ORL,PR,UNDER,12.0,6.6,-5.4,77.2,8.9,-3.1,,0.0,False,,LOSS,15.0,18.6,,,,,,,,,,,,,,,,,,,,,,,,,,,,,,,,,,,,,,,,,,,,,,,,,,,,,,,,,,,,,,,,,,,,,,,,,,,,,,,
2026-03-21,Coby White,CHA,PRA,UNDER,24.5,19.1,-5.4,77.2,20.7,-3.8,,0.0,False,,LOSS,27.0,20.6,,,,,,,,,,,,,,,,,,,,,,,,,,,,,,,,,,,,,,,,,,,,,,,,,,,,,,,,,,,,,,,,,,,,,,,,,,,,,,,
2026-03-21,Stephon Castle,SAS,PRA,OVER,28.5,33.7,5.2,76.5,28.9,0.4,,0.0,False,,DNP,,32.2,,,,,2026-04-01 11:16:38,,,,,,,,,,,,,,,,,,,,,,,,,,,,,,,,,,,,,,,,,,,,,,,,,,,,,,,,,,,,,,,,,,,,,,,,,,
2026-03-21,Jaylen Wells,MEM,PTS,OVER,12.5,17.5,5.0,75.9,15.2,2.7,,0.0,False,,LOSS,9.0,26.4,,,,,,,,,,,,,,,,,,,,,,,,,,,,,,,,,,,,,,,,,,,,,,,,,,,,,,,,,,,,,,,,,,,,,,,,,,,,,,,
2026-03-21,Jalen Green,PHX,PRA,UNDER,32.5,27.5,-5.0,75.9,27.4,-5.1,,0.0,False,,WIN,29.0,31.8,,,,,,,,,,,,,,,,,,,,,,,,,,,,,,,,,,,,,,,,,,,,,,,,,,,,,,,,,,,,,,,,,,,,,,,,,,,,,,,
2026-03-21,Jevon Carter,ORL,PRA,UNDER,13.5,8.5,-5.0,75.9,11.8,-1.7,,0.0,False,,LOSS,16.0,18.6,,,,,,,,,,,,,,,,,,,,,,,,,,,,,,,,,,,,,,,,,,,,,,,,,,,,,,,,,,,,,,,,,,,,,,,,,,,,,,,
2026-03-21,Pelle Larsson,MIA,PTS,OVER,10.5,15.5,5.0,75.9,12.7,2.2,,0.0,False,,WIN,19.0,31.7,,,,,,,,,,,,,,,,,,,,,,,,,,,,,,,,,,,,,,,,,,,,,,,,,,,,,,,,,,,,,,,,,,,,,,,,,,,,,,,
2026-03-21,Pelle Larsson,MIA,PRA,OVER,18.5,23.5,5.0,75.9,20.3,1.8,,0.0,False,,WIN,27.0,31.7,,,,,,,,,,,,,,,,,,,,,,,,,,,,,,,,,,,,,,,,,,,,,,,,,,,,,,,,,,,,,,,,,,,,,,,,,,,,,,,
2026-03-21,Chet Holmgren,OKC,PR,OVER,23.5,28.4,4.9,75.5,26.2,2.7,,0.0,False,,WIN,28.0,29.6,,,,,,,,,,,,,,,,,,,,,,,,,,,,,,,,,,,,,,,,,,,,,,,,,,,,,,,,,,,,,,,,,,,,,,,,,,,,,,,
2026-03-21,Grayson Allen,PHX,PA,OVER,17.0,21.9,4.9,75.5,24.0,7.0,,0.0,False,,DNP,,30.1,,,,,2026-04-01 11:16:38,,,,,,,,,,,,,,,,,,,,,,,,,,,,,,,,,,,,,,,,,,,,,,,,,,,,,,,,,,,,,,,,,,,,,,,,,,
2026-03-21,Paolo Banchero,ORL,PTS,OVER,21.5,26.4,4.9,75.5,26.0,4.5,,0.0,False,,LOSS,16.0,36.2,,,,,,,,,,,,,,,,,,,,,,,,,,,,,,,,,,,,,,,,,,,,,,,,,,,,,,,,,,,,,,,,,,,,,,,,,,,,,,,
2026-03-21,Luka Dončić,LAL,PTS,UNDER,34.0,29.2,-4.8,75.1,34.0,,,0.0,False,,WIN,33.0,36.7,,,,,,,,,,,,,,,,,,,,,,,,,,,,,,,,,,,,,,,,,,,,,,,,,,,,,,,,,,,,,,,,,,,,,,,,,,,,,,,
2026-03-21,Bilal Coulibaly,WAS,PR,OVER,17.0,21.8,4.8,75.1,17.9,0.9,,0.0,False,,WIN,25.0,29.5,,,,,,,,,,,,,,,,,,,,,,,,,,,,,,,,,,,,,,,,,,,,,,,,,,,,,,,,,,,,,,,,,,,,,,,,,,,,,,,
2026-03-21,Kon Knueppel,CHA,PTS,OVER,18.5,23.3,4.8,75.1,20.1,1.6,,0.0,False,,LOSS,9.0,31.6,,,,,,,,,,,,,,,,,,,,,,,,,,,,,,,,,,,,,,,,,,,,,,,,,,,,,,,,,,,,,,,,,,,,,,,,,,,,,,,
2026-03-21,GG Jackson,MEM,PR,OVER,19.5,24.1,4.6,74.4,23.4,3.9,,0.0,False,,WIN,22.0,26.3,,,,,,,,,,,,,,,,,,,,,,,,,,,,,,,,,,,,,,,,,,,,,,,,,,,,,,,,,,,,,,,,,,,,,,,,,,,,,,,
2026-03-21,Collin Gillespie,PHX,PR,UNDER,18.0,13.5,-4.5,74.1,17.4,-0.6,,0.0,False,,LOSS,22.0,28.9,,,,,,,,,,,,,,,,,,,,,,,,,,,,,,,,,,,,,,,,,,,,,,,,,,,,,,,,,,,,,,,,,,,,,,,,,,,,,,,
2026-03-21,Alperen Sengun,HOU,PA,UNDER,27.0,22.5,-4.5,74.1,24.6,-2.4,,0.0,False,,WIN,22.0,31.3,,,,,,,,,,,,,,,,,,,,,,,,,,,,,,,,,,,,,,,,,,,,,,,,,,,,,,,,,,,,,,,,,,,,,,,,,,,,,,,
2026-03-21,Klay Thompson,DAL,PRA,OVER,12.0,16.5,4.5,74.1,15.8,3.8,,0.0,False,,WIN,14.0,21.6,,,,,,,,,,,,,,,,,,,,,,,,,,,,,,,,,,,,,,,,,,,,,,,,,,,,,,,,,,,,,,,,,,,,,,,,,,,,,,,
2026-03-21,Alex Caruso,OKC,PTS,OVER,5.5,9.9,4.4,73.7,7.6,2.1,,0.0,False,,LOSS,4.0,18.4,,,,,,,,,,,,,,,,,,,,,,,,,,,,,,,,,,,,,,,,,,,,,,,,,,,,,,,,,,,,,,,,,,,,,,,,,,,,,,,
2026-03-21,Ajay Mitchell,OKC,PA,OVER,16.5,20.9,4.4,73.7,20.1,3.6,,0.0,False,,WIN,17.0,28.7,,,,,,,,,,,,,,,,,,,,,,,,,,,,,,,,,,,,,,,,,,,,,,,,,,,,,,,,,,,,,,,,,,,,,,,,,,,,,,,
2026-03-21,Jared McCain,OKC,PTS,UNDER,11.0,6.6,-4.4,73.7,11.0,,,0.0,False,,LOSS,18.0,16.8,,,,,,,,,,,,,,,,,,,,,,,,,,,,,,,,,,,,,,,,,,,,,,,,,,,,,,,,,,,,,,,,,,,,,,,,,,,,,,,
2026-03-21,Alex Caruso,OKC,PR,OVER,8.5,12.9,4.4,73.7,10.2,1.7,,0.0,False,,LOSS,5.0,18.4,,,,,,,,,,,,,,,,,,,,,,,,,,,,,,,,,,,,,,,,,,,,,,,,,,,,,,,,,,,,,,,,,,,,,,,,,,,,,,,
2026-03-21,Brandin Podziemski,GSW,PTS,OVER,14.5,18.8,4.3,73.3,18.2,3.7,,0.0,False,,LOSS,5.0,33.2,,,,,,,,,,,,,,,,,,,,,,,,,,,,,,,,,,,,,,,,,,,,,,,,,,,,,,,,,,,,,,,,,,,,,,,,,,,,,,,
2026-03-21,Deandre Ayton,LAL,PR,OVER,17.5,21.8,4.3,73.3,18.4,0.9,,0.0,False,,WIN,21.0,28.1,,,,,,,,,,,,,,,,,,,,,,,,,,,,,,,,,,,,,,,,,,,,,,,,,,,,,,,,,,,,,,,,,,,,,,,,,,,,,,,
2026-03-21,Jalen Johnson,ATL,PA,UNDER,32.5,28.3,-4.2,72.9,28.6,-3.9,,0.0,False,,DNP,,36.1,,,,,2026-04-01 11:16:38,,,,,,,,,,,,,,,,,,,,,,,,,,,,,,,,,,,,,,,,,,,,,,,,,,,,,,,,,,,,,,,,,,,,,,,,,,
2026-03-21,Bub Carrington,WAS,PR,UNDER,17.0,12.8,-4.2,72.9,12.3,-4.7,,0.0,False,,LOSS,22.0,27.0,,,,,,,,,,,,,,,,,,,,,,,,,,,,,,,,,,,,,,,,,,,,,,,,,,,,,,,,,,,,,,,,,,,,,,,,,,,,,,,
2026-03-21,Davion Mitchell,MIA,PA,UNDER,17.5,13.3,-4.2,72.9,13.5,-4.0,,0.0,False,,LOSS,24.0,25.3,,,,,,,,,,,,,,,,,,,,,,,,,,,,,,,,,,,,,,,,,,,,,,,,,,,,,,,,,,,,,,,,,,,,,,,,,,,,,,,
2026-03-21,Justin Edwards,PHI,PTS,UNDER,11.5,7.4,-4.1,72.5,7.2,-4.3,,0.0,False,,WIN,8.0,23.8,,,,,,,,,,,,,,,,,,,,,,,,,,,,,,,,,,,,,,,,,,,,,,,,,,,,,,,,,,,,,,,,,,,,,,,,,,,,,,,
2026-03-21,Dylan Harper,SAS,PA,UNDER,18.5,14.4,-4.1,72.5,16.1,-2.4,,0.0,False,,LOSS,27.0,23.9,,,,,,,,,,,,,,,,,,,,,,,,,,,,,,,,,,,,,,,,,,,,,,,,,,,,,,,,,,,,,,,,,,,,,,,,,,,,,,,
2026-03-21,Jonathan Kuminga,ATL,PA,UNDER,19.5,15.5,-4.0,72.1,14.2,-5.3,,0.0,False,,WIN,4.0,20.2,,,,,,,,,,,,,,,,,,,,,,,,,,,,,,,,,,,,,,,,,,,,,,,,,,,,,,,,,,,,,,,,,,,,,,,,,,,,,,,
2026-03-21,Dominick Barlow,PHI,PRA,UNDER,20.0,16.0,-4.0,72.1,11.9,-8.1,,0.0,False,,WIN,3.0,28.4,,,,,,,,,,,,,,,,,,,,,,,,,,,,,,,,,,,,,,,,,,,,,,,,,,,,,,,,,,,,,,,,,,,,,,,,,,,,,,,
2026-03-21,Brandin Podziemski,GSW,PR,OVER,21.5,25.5,4.0,72.1,25.9,4.4,,0.0,False,,LOSS,5.0,33.2,,,,,,,,,,,,,,,,,,,,,,,,,,,,,,,,,,,,,,,,,,,,,,,,,,,,,,,,,,,,,,,,,,,,,,,,,,,,,,,
2026-03-21,Ajay Mitchell,OKC,PRA,OVER,20.5,24.5,4.0,72.1,23.6,3.1,,0.0,False,,LOSS,18.0,28.7,,,,,,,,,,,,,,,,,,,,,,,,,,,,,,,,,,,,,,,,,,,,,,,,,,,,,,,,,,,,,,,,,,,,,,,,,,,,,,,
2026-03-21,Chet Holmgren,OKC,PA,OVER,16.5,20.5,4.0,72.1,18.0,1.5,,0.0,False,,WIN,18.0,29.6,,,,,,,,,,,,,,,,,,,,,,,,,,,,,,,,,,,,,,,,,,,,,,,,,,,,,,,,,,,,,,,,,,,,,,,,,,,,,,,
2026-03-21,Oso Ighodaro,PHX,PTS,UNDER,9.5,5.5,-4.0,72.1,7.4,-2.1,,0.0,False,,LOSS,12.0,25.7,,,,,,,,,,,,,,,,,,,,,,,,,,,,,,,,,,,,,,,,,,,,,,,,,,,,,,,,,,,,,,,,,,,,,,,,,,,,,,,
2026-03-21,Bam Adebayo,MIA,PRA,OVER,36.0,39.9,3.9,71.7,40.6,4.6,,0.0,False,,WIN,57.0,35.1,,,,,,,,,,,,,,,,,,,,,,,,,,,,,,,,,,,,,,,,,,,,,,,,,,,,,,,,,,,,,,,,,,,,,,,,,,,,,,,
2026-03-21,Brandin Podziemski,GSW,PRA,OVER,26.5,30.4,3.9,71.7,30.3,3.8,,0.0,False,,LOSS,6.0,33.2,,,,,,,,,,,,,,,,,,,,,,,,,,,,,,,,,,,,,,,,,,,,,,,,,,,,,,,,,,,,,,,,,,,,,,,,,,,,,,,
2026-03-21,Bam Adebayo,MIA,PR,OVER,32.5,36.4,3.9,71.7,37.4,4.9,,0.0,False,,WIN,53.0,35.1,,,,,,,,,,,,,,,,,,,,,,,,,,,,,,,,,,,,,,,,,,,,,,,,,,,,,,,,,,,,,,,,,,,,,,,,,,,,,,,
2026-03-21,Jalen Johnson,ATL,PRA,UNDER,42.0,38.1,-3.9,71.7,37.6,-4.4,,0.0,False,,DNP,,36.1,,,,,2026-04-01 11:16:38,,,,,,,,,,,,,,,,,,,,,,,,,,,,,,,,,,,,,,,,,,,,,,,,,,,,,,,,,,,,,,,,,,,,,,,,,,
2026-03-21,Keldon Johnson,SAS,PA,UNDER,14.5,10.6,-3.9,71.7,10.3,-4.2,,0.0,False,,LOSS,28.0,21.0,,,,,,,,,,,,,,,,,,,,,,,,,,,,,,,,,,,,,,,,,,,,,,,,,,,,,,,,,,,,,,,,,,,,,,,,,,,,,,,
2026-03-21,Kris Dunn,LAC,PRA,UNDER,19.5,15.6,-3.9,71.7,16.6,-2.9,,0.0,False,,WIN,11.0,26.3,,,,,,,,,,,,,,,,,,,,,,,,,,,,,,,,,,,,,,,,,,,,,,,,,,,,,,,,,,,,,,,,,,,,,,,,,,,,,,,
2026-03-21,Grayson Allen,PHX,PTS,OVER,13.5,17.4,3.9,71.7,19.2,5.7,,0.0,False,,DNP,,30.1,,,,,2026-04-01 11:16:38,,,,,,,,,,,,,,,,,,,,,,,,,,,,,,,,,,,,,,,,,,,,,,,,,,,,,,,,,,,,,,,,,,,,,,,,,,
2026-03-21,Bilal Coulibaly,WAS,PTS,OVER,13.0,16.8,3.8,71.3,13.4,0.4,,0.0,False,,WIN,21.0,29.5,,,,,,,,,,,,,,,,,,,,,,,,,,,,,,,,,,,,,,,,,,,,,,,,,,,,,,,,,,,,,,,,,,,,,,,,,,,,,,,
2026-03-21,Alperen Sengun,HOU,PR,UNDER,29.5,25.7,-3.8,71.3,27.8,-1.7,,0.0,False,,LOSS,31.0,31.3,,,,,,,,,,,,,,,,,,,,,,,,,,,,,,,,,,,,,,,,,,,,,,,,,,,,,,,,,,,,,,,,,,,,,,,,,,,,,,,
2026-03-21,Naji Marshall,DAL,PA,OVER,18.5,22.3,3.8,71.3,19.0,0.5,,0.0,False,,WIN,32.0,29.6,,,,,,,,,,,,,,,,,,,,,,,,,,,,,,,,,,,,,,,,,,,,,,,,,,,,,,,,,,,,,,,,,,,,,,,,,,,,,,,
2026-03-21,Myles Turner,MIL,PRA,OVER,14.5,18.3,3.8,71.3,16.0,1.5,,0.0,False,,LOSS,10.0,25.0,,,,,,,,,,,,,,,,,,,,,,,,,,,,,,,,,,,,,,,,,,,,,,,,,,,,,,,,,,,,,,,,,,,,,,,,,,,,,,,
2026-03-21,Bub Carrington,WAS,PA,UNDER,17.5,13.8,-3.7,70.9,13.2,-4.3,,0.0,False,,LOSS,22.0,27.0,,,,,,,,,,,,,,,,,,,,,,,,,,,,,,,,,,,,,,,,,,,,,,,,,,,,,,,,,,,,,,,,,,,,,,,,,,,,,,,
2026-03-21,Bub Carrington,WAS,PRA,UNDER,21.5,17.8,-3.7,70.9,17.4,-4.1,,0.0,False,,LOSS,25.0,27.0,,,,,,,,,,,,,,,,,,,,,,,,,,,,,,,,,,,,,,,,,,,,,,,,,,,,,,,,,,,,,,,,,,,,,,,,,,,,,,,
2026-03-21,Moussa Diabaté,CHA,PRA,UNDER,21.5,17.8,-3.7,70.9,18.7,-2.8,,0.0,False,,LOSS,28.0,28.2,,,,,,,,,,,,,,,,,,,,,,,,,,,,,,,,,,,,,,,,,,,,,,,,,,,,,,,,,,,,,,,,,,,,,,,,,,,,,,,
2026-03-21,Brandin Podziemski,GSW,PA,OVER,20.0,23.7,3.7,70.9,22.6,2.6,,0.0,False,,LOSS,6.0,33.2,,,,,,,,,,,,,,,,,,,,,,,,,,,,,,,,,,,,,,,,,,,,,,,,,,,,,,,,,,,,,,,,,,,,,,,,,,,,,,,
2026-03-21,Brandon Miller,CHA,PTS,UNDER,24.5,20.8,-3.7,70.9,21.5,-3.0,,0.0,False,,WIN,22.0,31.5,,,,,,,,,,,,,,,,,,,,,,,,,,,,,,,,,,,,,,,,,,,,,,,,,,,,,,,,,,,,,,,,,,,,,,,,,,,,,,,
2026-03-21,Oso Ighodaro,PHX,TRB,UNDER,8.5,4.8,-3.7,70.9,5.7,-2.8,,0.0,False,,WIN,5.0,25.7,,,,,,,,,,,,,,,,,,,,,,,,,,,,,,,,,,,,,,,,,,,,,,,,,,,,,,,,,,,,,,,,,,,,,,,,,,,,,,,
2026-03-21,Herbert Jones,NOP,PRA,OVER,14.0,17.7,3.7,70.9,15.9,1.9,,0.0,False,,WIN,18.0,29.7,,,,,,,,,,,,,,,,,,,,,,,,,,,,,,,,,,,,,,,,,,,,,,,,,,,,,,,,,,,,,,,,,,,,,,,,,,,,,,,
2026-03-21,James Harden,CLE,PA,UNDER,32.0,28.3,-3.7,70.9,27.6,-4.4,,0.0,False,,WIN,30.0,33.2,,,,,,,,,,,,,,,,,,,,,,,,,,,,,,,,,,,,,,,,,,,,,,,,,,,,,,,,,,,,,,,,,,,,,,,,,,,,,,,
2026-03-21,Dylan Harper,SAS,PRA,UNDER,21.5,17.8,-3.7,70.9,19.1,-2.4,,0.0,False,,LOSS,31.0,23.9,,,,,,,,,,,,,,,,,,,,,,,,,,,,,,,,,,,,,,,,,,,,,,,,,,,,,,,,,,,,,,,,,,,,,,,,,,,,,,,
2026-03-21,Saddiq Bey,NOP,PRA,OVER,24.5,28.2,3.7,70.9,27.1,2.6,,0.0,False,,WIN,28.0,32.0,,,,,,,,,,,,,,,,,,,,,,,,,,,,,,,,,,,,,,,,,,,,,,,,,,,,,,,,,,,,,,,,,,,,,,,,,,,,,,,
2026-03-21,Chet Holmgren,OKC,PTS,OVER,14.5,18.1,3.6,70.4,15.6,1.1,,0.0,False,,WIN,18.0,29.6,,,,,,,,,,,,,,,,,,,,,,,,,,,,,,,,,,,,,,,,,,,,,,,,,,,,,,,,,,,,,,,,,,,,,,,,,,,,,,,
2026-03-21,Jordan Goodwin,PHX,PA,UNDER,13.0,9.4,-3.6,70.4,11.3,-1.7,,0.0,False,,LOSS,15.0,20.0,,,,,,,,,,,,,,,,,,,,,,,,,,,,,,,,,,,,,,,,,,,,,,,,,,,,,,,,,,,,,,,,,,,,,,,,,,,,,,,
2026-03-21,Myles Turner,MIL,PA,OVER,9.5,13.0,3.5,70.0,11.7,2.2,,0.0,False,,LOSS,7.0,25.0,,,,,,,,,,,,,,,,,,,,,,,,,,,,,,,,,,,,,,,,,,,,,,,,,,,,,,,,,,,,,,,,,,,,,,,,,,,,,,,
2026-03-21,Naji Marshall,DAL,PTS,OVER,14.5,17.9,3.4,69.6,14.9,0.4,,0.0,False,,WIN,28.0,29.6,,,,,,,,,,,,,,,,,,,,,,,,,,,,,,,,,,,,,,,,,,,,,,,,,,,,,,,,,,,,,,,,,,,,,,,,,,,,,,,
2026-03-21,GG Jackson,MEM,PTS,OVER,14.5,17.9,3.4,69.6,17.0,2.5,,0.0,False,,WIN,19.0,26.3,,,,,,,,,,,,,,,,,,,,,,,,,,,,,,,,,,,,,,,,,,,,,,,,,,,,,,,,,,,,,,,,,,,,,,,,,,,,,,,
2026-03-21,Ryan Nembhard,DAL,PRA,UNDER,17.0,13.7,-3.3,69.1,11.4,-5.6,,0.0,False,,LOSS,27.0,21.0,,,,,,,,,,,,,,,,,,,,,,,,,,,,,,,,,,,,,,,,,,,,,,,,,,,,,,,,,,,,,,,,,,,,,,,,,,,,,,,
2026-03-21,Keldon Johnson,SAS,PRA,UNDER,18.5,15.2,-3.3,69.1,14.9,-3.6,,0.0,False,,LOSS,32.0,21.0,,,,,,,,,,,,,,,,,,,,,,,,,,,,,,,,,,,,,,,,,,,,,,,,,,,,,,,,,,,,,,,,,,,,,,,,,,,,,,,
2026-03-21,Bam Adebayo,MIA,PA,OVER,27.0,30.3,3.3,69.1,31.2,4.2,,0.0,False,,WIN,36.0,35.1,,,,,,,,,,,,,,,,,,,,,,,,,,,,,,,,,,,,,,,,,,,,,,,,,,,,,,,,,,,,,,,,,,,,,,,,,,,,,,,
2026-03-21,Dylan Harper,SAS,PTS,UNDER,13.5,10.3,-3.2,68.7,11.7,-1.8,,0.0,False,,LOSS,24.0,23.9,,,,,,,,,,,,,,,,,,,,,,,,,,,,,,,,,,,,,,,,,,,,,,,,,,,,,,,,,,,,,,,,,,,,,,,,,,,,,,,
2026-03-21,Kevin Durant,HOU,PR,UNDER,34.5,31.3,-3.2,68.7,32.2,-2.3,,0.0,False,,WIN,30.0,36.0,,,,,,,,,,,,,,,,,,,,,,,,,,,,,,,,,,,,,,,,,,,,,,,,,,,,,,,,,,,,,,,,,,,,,,,,,,,,,,,
2026-03-21,Jalen Green,PHX,PA,UNDER,26.5,23.3,-3.2,68.7,23.6,-2.9,,0.0,False,,WIN,26.0,31.8,,,,,,,,,,,,,,,,,,,,,,,,,,,,,,,,,,,,,,,,,,,,,,,,,,,,,,,,,,,,,,,,,,,,,,,,,,,,,,,
2026-03-21,Moussa Diabaté,CHA,PR,UNDER,18.5,15.3,-3.2,68.7,15.8,-2.7,,0.0,False,,LOSS,25.0,28.2,,,,,,,,,,,,,,,,,,,,,,,,,,,,,,,,,,,,,,,,,,,,,,,,,,,,,,,,,,,,,,,,,,,,,,,,,,,,,,,
2026-03-21,Myles Turner,MIL,PR,OVER,13.5,16.7,3.2,68.7,14.6,1.1,,0.0,False,,LOSS,10.0,25.0,,,,,,,,,,,,,,,,,,,,,,,,,,,,,,,,,,,,,,,,,,,,,,,,,,,,,,,,,,,,,,,,,,,,,,,,,,,,,,,
2026-03-21,Daniel Gafford,DAL,PTS,OVER,10.5,13.7,3.2,68.7,10.6,0.1,,0.0,False,,LOSS,7.0,24.6,,,,,,,,,,,,,,,,,,,,,,,,,,,,,,,,,,,,,,,,,,,,,,,,,,,,,,,,,,,,,,,,,,,,,,,,,,,,,,,
2026-03-21,Kevin Durant,HOU,PA,UNDER,33.0,29.8,-3.2,68.7,30.2,-2.8,,0.0,False,,WIN,30.0,36.0,,,,,,,,,,,,,,,,,,,,,,,,,,,,,,,,,,,,,,,,,,,,,,,,,,,,,,,,,,,,,,,,,,,,,,,,,,,,,,,
2026-03-21,Darius Garland,LAC,PRA,UNDER,33.5,30.3,-3.2,68.7,28.1,-5.4,,0.0,False,,LOSS,55.0,29.7,,,,,,,,,,,,,,,,,,,,,,,,,,,,,,,,,,,,,,,,,,,,,,,,,,,,,,,,,,,,,,,,,,,,,,,,,,,,,,,
2026-03-21,Kawhi Leonard,LAC,PR,OVER,34.5,37.6,3.1,68.2,36.4,1.9,,0.0,False,,WIN,37.0,32.2,,,,,,,,,,,,,,,,,,,,,,,,,,,,,,,,,,,,,,,,,,,,,,,,,,,,,,,,,,,,,,,,,,,,,,,,,,,,,,,
2026-03-21,Gui Santos,GSW,PTS,OVER,13.5,16.6,3.1,68.2,15.6,2.1,,0.0,False,,LOSS,2.0,33.5,,,,,,,,,,,,,,,,,,,,,,,,,,,,,,,,,,,,,,,,,,,,,,,,,,,,,,,,,,,,,,,,,,,,,,,,,,,,,,,
2026-03-21,Jalen Green,PHX,PR,UNDER,27.5,24.4,-3.1,68.2,24.9,-2.6,,0.0,False,,WIN,27.0,31.8,,,,,,,,,,,,,,,,,,,,,,,,,,,,,,,,,,,,,,,,,,,,,,,,,,,,,,,,,,,,,,,,,,,,,,,,,,,,,,,
2026-03-21,Onyeka Okongwu,ATL,PTS,OVER,13.0,16.1,3.1,68.2,14.6,1.6,,0.0,False,,LOSS,6.0,29.5,,,,,,,,,,,,,,,,,,,,,,,,,,,,,,,,,,,,,,,,,,,,,,,,,,,,,,,,,,,,,,,,,,,,,,,,,,,,,,,
2026-03-21,Kris Dunn,LAC,PTS,UNDER,10.25,7.2,-3.0,68.0,6.9,-3.3,,0.0,False,,WIN,4.0,26.3,,,,,,,,,,,,,,,,,,,,,,,,,,,,,,,,,,,,,,,,,,,,,,,,,,,,,,,,,,,,,,,,,,,,,,,,,,,,,,,
2026-03-21,Julian Champagnie,SAS,PR,UNDER,17.5,14.5,-3.0,67.8,16.9,-0.6,,0.0,False,,WIN,17.0,26.8,,,,,,,,,,,,,,,,,,,,,,,,,,,,,,,,,,,,,,,,,,,,,,,,,,,,,,,,,,,,,,,,,,,,,,,,,,,,,,,
2026-03-21,Ajay Mitchell,OKC,PR,OVER,17.5,20.5,3.0,67.8,19.5,2.0,,0.0,False,,LOSS,15.0,28.7,,,,,,,,,,,,,,,,,,,,,,,,,,,,,,,,,,,,,,,,,,,,,,,,,,,,,,,,,,,,,,,,,,,,,,,,,,,,,,,
2026-03-21,Jarace Walker,IND,PA,UNDER,19.5,16.5,-3.0,67.8,17.5,-2.0,,0.0,False,,LOSS,25.0,31.6,,,,,,,,,,,,,,,,,,,,,,,,,,,,,,,,,,,,,,,,,,,,,,,,,,,,,,,,,,,,,,,,,,,,,,,,,,,,,,,
2026-03-21,Jarace Walker,IND,PR,UNDER,22.5,19.6,-2.9,67.3,21.1,-1.4,,0.0,False,,LOSS,25.0,31.6,,,,,,,,,,,,,,,,,,,,,,,,,,,,,,,,,,,,,,,,,,,,,,,,,,,,,,,,,,,,,,,,,,,,,,,,,,,,,,,
2026-03-21,Myles Turner,MIL,PTS,OVER,8.5,11.4,2.9,67.3,10.3,1.8,,0.0,False,,LOSS,7.0,25.0,,,,,,,,,,,,,,,,,,,,,,,,,,,,,,,,,,,,,,,,,,,,,,,,,,,,,,,,,,,,,,,,,,,,,,,,,,,,,,,
2026-03-21,GG Jackson,MEM,PRA,OVER,23.5,26.4,2.9,67.3,25.3,1.8,,0.0,False,,LOSS,23.0,26.3,,,,,,,,,,,,,,,,,,,,,,,,,,,,,,,,,,,,,,,,,,,,,,,,,,,,,,,,,,,,,,,,,,,,,,,,,,,,,,,
2026-03-21,Grayson Allen,PHX,PR,OVER,17.5,20.4,2.9,67.3,22.1,4.6,,0.0,False,,DNP,,30.1,,,,,2026-04-01 11:16:38,,,,,,,,,,,,,,,,,,,,,,,,,,,,,,,,,,,,,,,,,,,,,,,,,,,,,,,,,,,,,,,,,,,,,,,,,,
2026-03-21,Saddiq Bey,NOP,PA,OVER,19.5,22.4,2.9,67.3,21.8,2.3,,0.0,False,,WIN,23.0,32.0,,,,,,,,,,,,,,,,,,,,,,,,,,,,,,,,,,,,,,,,,,,,,,,,,,,,,,,,,,,,,,,,,,,,,,,,,,,,,,,
2026-03-21,Kawhi Leonard,LAC,PA,OVER,32.5,35.4,2.9,67.3,34.4,1.9,,0.0,False,,WIN,39.0,32.2,,,,,,,,,,,,,,,,,,,,,,,,,,,,,,,,,,,,,,,,,,,,,,,,,,,,,,,,,,,,,,,,,,,,,,,,,,,,,,,
2026-03-21,Jonathan Kuminga,ATL,PRA,OVER,19.5,22.3,2.8,66.8,20.4,0.9,,0.0,False,,LOSS,8.0,20.2,,,,,,,,,,,,,,,,,,,,,,,,,,,,,,,,,,,,,,,,,,,,,,,,,,,,,,,,,,,,,,,,,,,,,,,,,,,,,,,
2026-03-21,Davion Mitchell,MIA,PRA,UNDER,19.5,16.7,-2.8,66.8,17.2,-2.3,,0.0,False,,LOSS,25.0,25.3,,,,,,,,,,,,,,,,,,,,,,,,,,,,,,,,,,,,,,,,,,,,,,,,,,,,,,,,,,,,,,,,,,,,,,,,,,,,,,,
2026-03-21,De'Anthony Melton,GSW,PRA,OVER,21.5,24.3,2.8,66.8,23.2,1.7,,0.0,False,,WIN,26.0,25.0,,,,,,,,,,,,,,,,,,,,,,,,,,,,,,,,,,,,,,,,,,,,,,,,,,,,,,,,,,,,,,,,,,,,,,,,,,,,,,,
2026-03-21,Kevin Durant,HOU,PTS,UNDER,28.0,25.2,-2.8,66.8,26.1,-1.9,,0.0,False,,WIN,27.0,36.0,,,,,,,,,,,,,,,,,,,,,,,,,,,,,,,,,,,,,,,,,,,,,,,,,,,,,,,,,,,,,,,,,,,,,,,,,,,,,,,
2026-03-21,Davion Mitchell,MIA,AST,UNDER,7.5,4.7,-2.8,66.8,5.1,-2.4,,0.0,False,,LOSS,9.0,25.3,,,,,,,,,,,,,,,,,,,,,,,,,,,,,,,,,,,,,,,,,,,,,,,,,,,,,,,,,,,,,,,,,,,,,,,,,,,,,,,
2026-03-21,Miles Bridges,CHA,PR,UNDER,21.5,18.7,-2.8,66.8,17.4,-4.1,,0.0,False,,WIN,17.0,29.8,,,,,,,,,,,,,,,,,,,,,,,,,,,,,,,,,,,,,,,,,,,,,,,,,,,,,,,,,,,,,,,,,,,,,,,,,,,,,,,
2026-03-21,Dylan Harper,SAS,PR,UNDER,16.5,13.7,-2.8,66.8,14.7,-1.8,,0.0,False,,LOSS,28.0,23.9,,,,,,,,,,,,,,,,,,,,,,,,,,,,,,,,,,,,,,,,,,,,,,,,,,,,,,,,,,,,,,,,,,,,,,,,,,,,,,,
2026-03-21,Norman Powell,MIA,PTS,UNDER,22.5,19.8,-2.7,66.3,18.6,-3.9,,0.0,False,,DNP,,22.7,,,,,2026-04-01 11:16:38,,,,,,,,,,,,,,,,,,,,,,,,,,,,,,,,,,,,,,,,,,,,,,,,,,,,,,,,,,,,,,,,,,,,,,,,,,
2026-03-21,Alex Sarr,WAS,PA,OVER,13.5,16.2,2.7,66.3,19.3,5.8,,0.0,False,,WIN,22.0,24.8,,,,,,,,,,,,,,,,,,,,,,,,,,,,,,,,,,,,,,,,,,,,,,,,,,,,,,,,,,,,,,,,,,,,,,,,,,,,,,,
2026-03-21,Donovan Mitchell,CLE,PR,UNDER,33.0,30.3,-2.7,66.3,28.9,-4.1,,0.0,False,,LOSS,34.0,32.3,,,,,,,,,,,,,,,,,,,,,,,,,,,,,,,,,,,,,,,,,,,,,,,,,,,,,,,,,,,,,,,,,,,,,,,,,,,,,,,
2026-03-21,Jordan Goodwin,PHX,PTS,UNDER,10.5,7.8,-2.7,66.3,9.6,-0.9,,0.0,False,,LOSS,11.0,20.0,,,,,,,,,,,,,,,,,,,,,,,,,,,,,,,,,,,,,,,,,,,,,,,,,,,,,,,,,,,,,,,,,,,,,,,,,,,,,,,
2026-03-21,Bub Carrington,WAS,PTS,UNDER,11.5,8.8,-2.7,66.3,8.1,-3.4,,0.0,False,,LOSS,19.0,27.0,,,,,,,,,,,,,,,,,,,,,,,,,,,,,,,,,,,,,,,,,,,,,,,,,,,,,,,,,,,,,,,,,,,,,,,,,,,,,,,
2026-03-21,Dominick Barlow,PHI,PA,UNDER,13.5,10.8,-2.7,66.3,8.2,-5.3,,0.0,False,,WIN,1.0,28.4,,,,,,,,,,,,,,,,,,,,,,,,,,,,,,,,,,,,,,,,,,,,,,,,,,,,,,,,,,,,,,,,,,,,,,,,,,,,,,,
2026-03-21,Alperen Sengun,HOU,PRA,UNDER,33.5,30.8,-2.7,66.3,33.0,-0.5,,0.0,False,,LOSS,34.0,31.3,,,,,,,,,,,,,,,,,,,,,,,,,,,,,,,,,,,,,,,,,,,,,,,,,,,,,,,,,,,,,,,,,,,,,,,,,,,,,,,
2026-03-21,GG Jackson,MEM,PA,OVER,17.5,20.2,2.7,66.3,18.9,1.4,,0.0,False,,WIN,20.0,26.3,,,,,,,,,,,,,,,,,,,,,,,,,,,,,,,,,,,,,,,,,,,,,,,,,,,,,,,,,,,,,,,,,,,,,,,,,,,,,,,
2026-03-21,CJ McCollum,ATL,PRA,OVER,24.5,27.1,2.6,65.8,25.9,1.4,,0.0,False,,WIN,31.0,29.2,,,,,,,,,,,,,,,,,,,,,,,,,,,,,,,,,,,,,,,,,,,,,,,,,,,,,,,,,,,,,,,,,,,,,,,,,,,,,,,
2026-03-21,Kel'el Ware,MIA,PRA,OVER,20.5,23.1,2.6,65.8,22.0,1.5,,0.0,False,,LOSS,1.0,26.2,,,,,,,,,,,,,,,,,,,,,,,,,,,,,,,,,,,,,,,,,,,,,,,,,,,,,,,,,,,,,,,,,,,,,,,,,,,,,,,
2026-03-21,Jevon Carter,ORL,PTS,UNDER,7.5,4.9,-2.6,65.8,6.7,-0.8,,0.0,False,,LOSS,13.0,18.6,,,,,,,,,,,,,,,,,,,,,,,,,,,,,,,,,,,,,,,,,,,,,,,,,,,,,,,,,,,,,,,,,,,,,,,,,,,,,,,
2026-03-21,Olivier-Maxence Prosper,MEM,PA,UNDER,16.5,13.9,-2.6,65.8,13.4,-3.1,,0.0,False,,WIN,11.0,24.3,,,,,,,,,,,,,,,,,,,,,,,,,,,,,,,,,,,,,,,,,,,,,,,,,,,,,,,,,,,,,,,,,,,,,,,,,,,,,,,
2026-03-21,Paolo Banchero,ORL,PR,OVER,32.5,35.1,2.6,65.8,35.2,2.7,,0.0,False,,LOSS,21.0,36.2,,,,,,,,,,,,,,,,,,,,,,,,,,,,,,,,,,,,,,,,,,,,,,,,,,,,,,,,,,,,,,,,,,,,,,,,,,,,,,,
2026-03-21,Gui Santos,GSW,PA,OVER,18.5,21.0,2.5,65.3,19.9,1.4,,0.0,False,,LOSS,8.0,33.5,,,,,,,,,,,,,,,,,,,,,,,,,,,,,,,,,,,,,,,,,,,,,,,,,,,,,,,,,,,,,,,,,,,,,,,,,,,,,,,
2026-03-21,Jonathan Kuminga,ATL,PTS,OVER,10.5,13.0,2.5,65.3,11.9,1.4,,0.0,False,,LOSS,2.0,20.2,,,,,,,,,,,,,,,,,,,,,,,,,,,,,,,,,,,,,,,,,,,,,,,,,,,,,,,,,,,,,,,,,,,,,,,,,,,,,,,
2026-03-21,Keldon Johnson,SAS,PR,UNDER,16.5,14.0,-2.5,65.3,14.0,-2.5,,0.0,False,,LOSS,28.0,21.0,,,,,,,,,,,,,,,,,,,,,,,,,,,,,,,,,,,,,,,,,,,,,,,,,,,,,,,,,,,,,,,,,,,,,,,,,,,,,,,
2026-03-21,Jordan Goodwin,PHX,TRB,UNDER,6.0,3.5,-2.5,65.3,4.1,-1.9,,0.0,False,,LOSS,7.0,20.0,,,,,,,,,,,,,,,,,,,,,,,,,,,,,,,,,,,,,,,,,,,,,,,,,,,,,,,,,,,,,,,,,,,,,,,,,,,,,,,
2026-03-21,Draymond Green,GSW,TRB,UNDER,7.5,5.0,-2.5,65.3,5.1,-2.4,,0.0,False,,WIN,6.0,27.7,,,,,,,,,,,,,,,,,,,,,,,,,,,,,,,,,,,,,,,,,,,,,,,,,,,,,,,,,,,,,,,,,,,,,,,,,,,,,,,
2026-03-21,Cason Wallace,OKC,PA,OVER,10.5,13.0,2.5,65.3,16.9,6.4,,0.0,False,,LOSS,7.0,27.3,,,,,,,,,,,,,,,,,,,,,,,,,,,,,,,,,,,,,,,,,,,,,,,,,,,,,,,,,,,,,,,,,,,,,,,,,,,,,,,
2026-03-21,Coby White,CHA,PTS,UNDER,15.5,13.0,-2.5,65.3,13.4,-2.1,,0.0,False,,WIN,12.0,20.6,,,,,,,,,,,,,,,,,,,,,,,,,,,,,,,,,,,,,,,,,,,,,,,,,,,,,,,,,,,,,,,,,,,,,,,,,,,,,,,
2026-03-21,Jalen Johnson,ATL,PR,UNDER,32.5,30.0,-2.5,65.3,30.3,-2.2,,0.0,False,,DNP,,36.1,,,,,2026-04-01 11:16:38,,,,,,,,,,,,,,,,,,,,,,,,,,,,,,,,,,,,,,,,,,,,,,,,,,,,,,,,,,,,,,,,,,,,,,,,,,
2026-03-21,Miles Bridges,CHA,PRA,UNDER,24.0,21.6,-2.4,64.8,20.1,-3.9,,0.0,False,,WIN,18.0,29.8,,,,,,,,,,,,,,,,,,,,,,,,,,,,,,,,,,,,,,,,,,,,,,,,,,,,,,,,,,,,,,,,,,,,,,,,,,,,,,,
2026-03-21,Herbert Jones,NOP,PR,OVER,12.0,14.4,2.4,64.8,12.8,0.8,,0.0,False,,WIN,15.0,29.7,,,,,,,,,,,,,,,,,,,,,,,,,,,,,,,,,,,,,,,,,,,,,,,,,,,,,,,,,,,,,,,,,,,,,,,,,,,,,,,
2026-03-21,Grayson Allen,PHX,PRA,OVER,22.5,24.9,2.4,64.8,26.9,4.4,,0.0,False,,DNP,,30.1,,,,,2026-04-01 11:16:38,,,,,,,,,,,,,,,,,,,,,,,,,,,,,,,,,,,,,,,,,,,,,,,,,,,,,,,,,,,,,,,,,,,,,,,,,,
2026-03-21,Ajay Mitchell,OKC,PTS,OVER,14.5,16.9,2.4,64.8,16.0,1.5,,0.0,False,,LOSS,14.0,28.7,,,,,,,,,,,,,,,,,,,,,,,,,,,,,,,,,,,,,,,,,,,,,,,,,,,,,,,,,,,,,,,,,,,,,,,,,,,,,,,
2026-03-21,Isaiah Hartenstein,OKC,TRB,UNDER,8.0,5.7,-2.3,64.3,7.3,-0.7,,0.0,False,,LOSS,20.0,20.0,,,,,,,,,,,,,,,,,,,,,,,,,,,,,,,,,,,,,,,,,,,,,,,,,,,,,,,,,,,,,,,,,,,,,,,,,,,,,,,
2026-03-21,CJ McCollum,ATL,PR,OVER,21.0,23.3,2.3,64.3,22.1,1.1,,0.0,False,,WIN,26.0,29.2,,,,,,,,,,,,,,,,,,,,,,,,,,,,,,,,,,,,,,,,,,,,,,,,,,,,,,,,,,,,,,,,,,,,,,,,,,,,,,,
2026-03-21,Cason Wallace,OKC,PTS,OVER,7.5,9.8,2.3,64.3,12.2,4.7,,0.0,False,,LOSS,4.0,27.3,,,,,,,,,,,,,,,,,,,,,,,,,,,,,,,,,,,,,,,,,,,,,,,,,,,,,,,,,,,,,,,,,,,,,,,,,,,,,,,
2026-03-21,James Harden,CLE,PR,UNDER,28.0,25.7,-2.3,64.3,25.2,-2.8,,0.0,False,,WIN,26.0,33.2,,,,,,,,,,,,,,,,,,,,,,,,,,,,,,,,,,,,,,,,,,,,,,,,,,,,,,,,,,,,,,,,,,,,,,,,,,,,,,,
2026-03-21,Cody Williams,UTA,PTS,UNDER,17.5,15.2,-2.3,64.3,9.1,-8.4,,0.0,False,,WIN,15.0,35.1,,,,,,,,,,,,,,,,,,,,,,,,,,,,,,,,,,,,,,,,,,,,,,,,,,,,,,,,,,,,,,,,,,,,,,,,,,,,,,,
2026-03-21,Chet Holmgren,OKC,TRB,OVER,8.0,10.3,2.3,64.3,10.6,2.6,,0.0,False,,WIN,10.0,29.6,,,,,,,,,,,,,,,,,,,,,,,,,,,,,,,,,,,,,,,,,,,,,,,,,,,,,,,,,,,,,,,,,,,,,,,,,,,,,,,
2026-03-21,Max Strus,CLE,PR,OVER,12.5,14.8,2.3,64.3,13.5,1.0,,0.0,False,,WIN,13.0,23.9,,,,,,,,,,,,,,,,,,,,,,,,,,,,,,,,,,,,,,,,,,,,,,,,,,,,,,,,,,,,,,,,,,,,,,,,,,,,,,,
2026-03-21,Jalen Johnson,ATL,PTS,UNDER,22.5,20.2,-2.3,64.3,21.3,-1.2,,0.0,False,,DNP,,36.1,,,,,2026-04-01 11:16:38,,,,,,,,,,,,,,,,,,,,,,,,,,,,,,,,,,,,,,,,,,,,,,,,,,,,,,,,,,,,,,,,,,,,,,,,,,
2026-03-21,Ryan Rollins,MIL,PRA,OVER,25.5,27.7,2.2,63.8,25.6,0.1,,0.0,False,,WIN,43.0,33.8,,,,,,,,,,,,,,,,,,,,,,,,,,,,,,,,,,,,,,,,,,,,,,,,,,,,,,,,,,,,,,,,,,,,,,,,,,,,,,,
2026-03-21,Kris Dunn,LAC,PA,UNDER,13.5,11.3,-2.2,63.8,11.5,-2.0,,0.0,False,,WIN,9.0,26.3,,,,,,,,,,,,,,,,,,,,,,,,,,,,,,,,,,,,,,,,,,,,,,,,,,,,,,,,,,,,,,,,,,,,,,,,,,,,,,,
2026-03-21,Klay Thompson,DAL,PTS,OVER,10.5,12.7,2.2,63.8,13.0,2.5,,0.0,False,,WIN,12.0,21.6,,,,,,,,,,,,,,,,,,,,,,,,,,,,,,,,,,,,,,,,,,,,,,,,,,,,,,,,,,,,,,,,,,,,,,,,,,,,,,,
2026-03-21,Ryan Nembhard,DAL,PR,UNDER,11.0,8.8,-2.2,63.8,7.2,-3.8,,0.0,False,,LOSS,18.0,21.0,,,,,,,,,,,,,,,,,,,,,,,,,,,,,,,,,,,,,,,,,,,,,,,,,,,,,,,,,,,,,,,,,,,,,,,,,,,,,,,
2026-03-21,Khris Middleton,DAL,PTS,OVER,8.5,10.7,2.2,63.8,11.5,3.0,,0.0,False,,LOSS,8.0,24.1,,,,,,,,,,,,,,,,,,,,,,,,,,,,,,,,,,,,,,,,,,,,,,,,,,,,,,,,,,,,,,,,,,,,,,,,,,,,,,,
2026-03-21,Sam Merrill,CLE,PR,UNDER,14.0,11.8,-2.2,63.8,12.2,-1.8,,0.0,False,,LOSS,25.0,25.6,,,,,,,,,,,,,,,,,,,,,,,,,,,,,,,,,,,,,,,,,,,,,,,,,,,,,,,,,,,,,,,,,,,,,,,,,,,,,,,
2026-03-21,Austin Reaves,LAL,PTS,OVER,19.5,21.6,2.1,63.2,21.2,1.7,,0.0,False,,WIN,26.0,36.4,,,,,,,,,,,,,,,,,,,,,,,,,,,,,,,,,,,,,,,,,,,,,,,,,,,,,,,,,,,,,,,,,,,,,,,,,,,,,,,
2026-03-21,Keldon Johnson,SAS,PTS,UNDER,11.5,9.4,-2.1,63.2,9.4,-2.1,,0.0,False,,LOSS,24.0,21.0,,,,,,,,,,,,,,,,,,,,,,,,,,,,,,,,,,,,,,,,,,,,,,,,,,,,,,,,,,,,,,,,,,,,,,,,,,,,,,,
2026-03-21,De'Anthony Melton,GSW,PA,OVER,18.5,20.6,2.1,63.2,19.5,1.0,,0.0,False,,WIN,24.0,25.0,,,,,,,,,,,,,,,,,,,,,,,,,,,,,,,,,,,,,,,,,,,,,,,,,,,,,,,,,,,,,,,,,,,,,,,,,,,,,,,
2026-03-21,Oso Ighodaro,PHX,AST,UNDER,4.5,2.4,-2.1,63.2,3.0,-1.5,,0.0,False,,WIN,3.0,25.7,,,,,,,,,,,,,,,,,,,,,,,,,,,,,,,,,,,,,,,,,,,,,,,,,,,,,,,,,,,,,,,,,,,,,,,,,,,,,,,
2026-03-21,De'Aaron Fox,SAS,PR,OVER,21.5,23.6,2.1,63.2,22.1,0.6,,0.0,False,,LOSS,17.0,32.1,,,,,,,,,,,,,,,,,,,,,,,,,,,,,,,,,,,,,,,,,,,,,,,,,,,,,,,,,,,,,,,,,,,,,,,,,,,,,,,
2026-03-21,Sam Merrill,CLE,PA,UNDER,13.5,11.4,-2.1,63.2,12.2,-1.3,,0.0,False,,LOSS,17.0,25.6,,,,,,,,,,,,,,,,,,,,,,,,,,,,,,,,,,,,,,,,,,,,,,,,,,,,,,,,,,,,,,,,,,,,,,,,,,,,,,,
2026-03-21,Herbert Jones,NOP,PA,OVER,11.5,13.6,2.1,63.2,11.9,0.4,,0.0,False,,WIN,15.0,29.7,,,,,,,,,,,,,,,,,,,,,,,,,,,,,,,,,,,,,,,,,,,,,,,,,,,,,,,,,,,,,,,,,,,,,,,,,,,,,,,
2026-03-21,Kawhi Leonard,LAC,PTS,OVER,29.0,31.1,2.1,63.2,30.3,1.3,,0.0,False,,WIN,34.0,32.2,,,,,,,,,,,,,,,,,,,,,,,,,,,,,,,,,,,,,,,,,,,,,,,,,,,,,,,,,,,,,,,,,,,,,,,,,,,,,,,
2026-03-21,VJ Edgecombe,PHI,AST,UNDER,5.25,3.2,-2.0,63.0,2.8,-2.5,,0.0,False,,WIN,4.0,33.8,,,,,,,,,,,,,,,,,,,,,,,,,,,,,,,,,,,,,,,,,,,,,,,,,,,,,,,,,,,,,,,,,,,,,,,,,,,,,,,
2026-03-21,Brandon Miller,CHA,PA,UNDER,26.5,24.5,-2.0,62.7,25.0,-1.5,,0.0,False,,WIN,25.0,31.5,,,,,,,,,,,,,,,,,,,,,,,,,,,,,,,,,,,,,,,,,,,,,,,,,,,,,,,,,,,,,,,,,,,,,,,,,,,,,,,
2026-03-21,De'Anthony Melton,GSW,PTS,OVER,15.5,17.5,2.0,62.7,16.7,1.2,,0.0,False,,WIN,20.0,25.0,,,,,,,,,,,,,,,,,,,,,,,,,,,,,,,,,,,,,,,,,,,,,,,,,,,,,,,,,,,,,,,,,,,,,,,,,,,,,,,
2026-03-21,Alex Sarr,WAS,PR,OVER,18.5,20.5,2.0,62.7,25.1,6.6,,0.0,False,,WIN,19.0,24.8,,,,,,,,,,,,,,,,,,,,,,,,,,,,,,,,,,,,,,,,,,,,,,,,,,,,,,,,,,,,,,,,,,,,,,,,,,,,,,,
2026-03-21,Austin Reaves,LAL,PR,OVER,24.0,26.0,2.0,62.7,25.4,1.4,,0.0,False,,WIN,33.0,36.4,,,,,,,,,,,,,,,,,,,,,,,,,,,,,,,,,,,,,,,,,,,,,,,,,,,,,,,,,,,,,,,,,,,,,,,,,,,,,,,
2026-03-21,Dominick Barlow,PHI,PTS,UNDER,11.5,9.5,-2.0,62.7,7.4,-4.1,,0.0,False,,WIN,1.0,28.4,,,,,,,,,,,,,,,,,,,,,,,,,,,,,,,,,,,,,,,,,,,,,,,,,,,,,,,,,,,,,,,,,,,,,,,,,,,,,,,
2026-03-21,Saddiq Bey,NOP,PR,OVER,23.5,25.4,1.9,62.2,24.5,1.0,,0.0,False,,WIN,24.0,32.0,,,,,,,,,,,,,,,,,,,,,,,,,,,,,,,,,,,,,,,,,,,,,,,,,,,,,,,,,,,,,,,,,,,,,,,,,,,,,,,
2026-03-21,Justin Edwards,PHI,TRB,UNDER,4.5,2.6,-1.9,62.2,2.1,-2.4,,0.0,False,,WIN,0.0,23.8,,,,,,,,,,,,,,,,,,,,,,,,,,,,,,,,,,,,,,,,,,,,,,,,,,,,,,,,,,,,,,,,,,,,,,,,,,,,,,,
2026-03-21,Dyson Daniels,ATL,PTS,OVER,10.5,12.4,1.9,62.2,10.8,0.3,,0.0,False,,WIN,28.0,31.2,,,,,,,,,,,,,,,,,,,,,,,,,,,,,,,,,,,,,,,,,,,,,,,,,,,,,,,,,,,,,,,,,,,,,,,,,,,,,,,
2026-03-21,Deandre Ayton,LAL,PTS,OVER,10.0,11.9,1.9,62.2,10.4,0.4,,0.0,False,,LOSS,9.0,28.1,,,,,,,,,,,,,,,,,,,,,,,,,,,,,,,,,,,,,,,,,,,,,,,,,,,,,,,,,,,,,,,,,,,,,,,,,,,,,,,
2026-03-21,Davion Mitchell,MIA,PTS,UNDER,10.5,8.6,-1.9,62.2,8.4,-2.1,,0.0,False,,LOSS,15.0,25.3,,,,,,,,,,,,,,,,,,,,,,,,,,,,,,,,,,,,,,,,,,,,,,,,,,,,,,,,,,,,,,,,,,,,,,,,,,,,,,,
2026-03-21,Jay Huff,IND,PR,OVER,13.0,14.9,1.9,62.2,15.8,2.8,,0.0,False,,LOSS,8.0,22.3,,,,,,,,,,,,,,,,,,,,,,,,,,,,,,,,,,,,,,,,,,,,,,,,,,,,,,,,,,,,,,,,,,,,,,,,,,,,,,,
2026-03-21,Austin Reaves,LAL,PRA,OVER,29.5,31.4,1.9,62.2,30.5,1.0,,0.0,False,,WIN,38.0,36.4,,,,,,,,,,,,,,,,,,,,,,,,,,,,,,,,,,,,,,,,,,,,,,,,,,,,,,,,,,,,,,,,,,,,,,,,,,,,,,,
2026-03-21,Onyeka Okongwu,ATL,PRA,OVER,25.5,27.4,1.9,62.2,25.9,0.4,,0.0,False,,LOSS,16.0,29.5,,,,,,,,,,,,,,,,,,,,,,,,,,,,,,,,,,,,,,,,,,,,,,,,,,,,,,,,,,,,,,,,,,,,,,,,,,,,,,,
2026-03-21,Norman Powell,MIA,PA,UNDER,24.0,22.1,-1.9,62.2,20.9,-3.1,,0.0,False,,DNP,,22.7,,,,,2026-04-01 11:16:38,,,,,,,,,,,,,,,,,,,,,,,,,,,,,,,,,,,,,,,,,,,,,,,,,,,,,,,,,,,,,,,,,,,,,,,,,,
2026-03-21,P.J. Washington,DAL,PA,UNDER,16.5,14.6,-1.9,62.2,15.1,-1.4,,0.0,False,,LOSS,21.0,31.7,,,,,,,,,,,,,,,,,,,,,,,,,,,,,,,,,,,,,,,,,,,,,,,,,,,,,,,,,,,,,,,,,,,,,,,,,,,,,,,
2026-03-21,Brook Lopez,LAC,PA,UNDER,12.5,10.6,-1.9,62.2,12.5,,,0.0,False,,WIN,12.0,25.0,,,,,,,,,,,,,,,,,,,,,,,,,,,,,,,,,,,,,,,,,,,,,,,,,,,,,,,,,,,,,,,,,,,,,,,,,,,,,,,
2026-03-21,Rui Hachimura,LAL,PTS,OVER,7.5,9.4,1.9,62.2,9.7,2.2,,0.0,False,,LOSS,2.0,28.0,,,,,,,,,,,,,,,,,,,,,,,,,,,,,,,,,,,,,,,,,,,,,,,,,,,,,,,,,,,,,,,,,,,,,,,,,,,,,,,
2026-03-21,P.J. Washington,DAL,PTS,UNDER,14.5,12.6,-1.9,62.2,13.2,-1.3,,0.0,False,,LOSS,21.0,31.7,,,,,,,,,,,,,,,,,,,,,,,,,,,,,,,,,,,,,,,,,,,,,,,,,,,,,,,,,,,,,,,,,,,,,,,,,,,,,,,
2026-03-21,Brandon Miller,CHA,PRA,OVER,29.5,31.4,1.9,62.2,31.8,2.3,,0.0,False,,WIN,30.0,31.5,,,,,,,,,,,,,,,,,,,,,,,,,,,,,,,,,,,,,,,,,,,,,,,,,,,,,,,,,,,,,,,,,,,,,,,,,,,,,,,
2026-03-21,Ryan Nembhard,DAL,AST,UNDER,6.75,4.9,-1.8,61.9,4.2,-2.5,,0.0,False,,LOSS,9.0,21.0,,,,,,,,,,,,,,,,,,,,,,,,,,,,,,,,,,,,,,,,,,,,,,,,,,,,,,,,,,,,,,,,,,,,,,,,,,,,,,,
2026-03-21,Ryan Nembhard,DAL,PA,UNDER,12.5,10.7,-1.8,61.6,9.2,-3.3,,0.0,False,,LOSS,22.0,21.0,,,,,,,,,,,,,,,,,,,,,,,,,,,,,,,,,,,,,,,,,,,,,,,,,,,,,,,,,,,,,,,,,,,,,,,,,,,,,,,
2026-03-21,Jalen Green,PHX,PTS,UNDER,22.0,20.2,-1.8,61.6,21.1,-0.9,,0.0,False,,LOSS,24.0,31.8,,,,,,,,,,,,,,,,,,,,,,,,,,,,,,,,,,,,,,,,,,,,,,,,,,,,,,,,,,,,,,,,,,,,,,,,,,,,,,,
2026-03-21,Onyeka Okongwu,ATL,PR,OVER,22.5,24.3,1.8,61.6,22.7,0.2,,0.0,False,,LOSS,11.0,29.5,,,,,,,,,,,,,,,,,,,,,,,,,,,,,,,,,,,,,,,,,,,,,,,,,,,,,,,,,,,,,,,,,,,,,,,,,,,,,,,
2026-03-21,Ryan Kalkbrenner,CHA,PRA,UNDER,13.5,11.7,-1.8,61.6,13.2,-0.3,,0.0,False,,WIN,12.0,17.7,,,,,,,,,,,,,,,,,,,,,,,,,,,,,,,,,,,,,,,,,,,,,,,,,,,,,,,,,,,,,,,,,,,,,,,,,,,,,,,
2026-03-21,CJ McCollum,ATL,PTS,OVER,17.5,19.3,1.8,61.6,18.0,0.5,,0.0,False,,WIN,23.0,29.2,,,,,,,,,,,,,,,,,,,,,,,,,,,,,,,,,,,,,,,,,,,,,,,,,,,,,,,,,,,,,,,,,,,,,,,,,,,,,,,
2026-03-21,Donovan Mitchell,CLE,PTS,OVER,24.5,26.3,1.8,61.6,25.0,0.5,,0.0,False,,WIN,27.0,32.3,,,,,,,,,,,,,,,,,,,,,,,,,,,,,,,,,,,,,,,,,,,,,,,,,,,,,,,,,,,,,,,,,,,,,,,,,,,,,,,
2026-03-21,Dominick Barlow,PHI,PR,UNDER,16.5,14.7,-1.8,61.6,11.1,-5.4,,0.0,False,,WIN,3.0,28.4,,,,,,,,,,,,,,,,,,,,,,,,,,,,,,,,,,,,,,,,,,,,,,,,,,,,,,,,,,,,,,,,,,,,,,,,,,,,,,,
2026-03-21,Taylor Hendricks,MEM,PRA,UNDER,18.5,16.7,-1.8,61.6,18.2,-0.3,,0.0,False,,LOSS,19.0,25.2,,,,,,,,,,,,,,,,,,,,,,,,,,,,,,,,,,,,,,,,,,,,,,,,,,,,,,,,,,,,,,,,,,,,,,,,,,,,,,,
2026-03-21,Herbert Jones,NOP,PTS,OVER,8.5,10.3,1.8,61.6,8.8,0.3,,0.0,False,,WIN,12.0,29.7,,,,,,,,,,,,,,,,,,,,,,,,,,,,,,,,,,,,,,,,,,,,,,,,,,,,,,,,,,,,,,,,,,,,,,,,,,,,,,,
2026-03-21,Brandon Miller,CHA,PR,UNDER,29.5,27.7,-1.8,61.6,28.3,-1.2,,0.0,False,,WIN,27.0,31.5,,,,,,,,,,,,,,,,,,,,,,,,,,,,,,,,,,,,,,,,,,,,,,,,,,,,,,,,,,,,,,,,,,,,,,,,,,,,,,,
2026-03-21,Derik Queen,NOP,PRA,OVER,14.5,16.3,1.8,61.6,15.5,1.0,,0.0,False,,WIN,16.0,18.2,,,,,,,,,,,,,,,,,,,,,,,,,,,,,,,,,,,,,,,,,,,,,,,,,,,,,,,,,,,,,,,,,,,,,,,,,,,,,,,
2026-03-21,Victor Wembanyama,SAS,PA,UNDER,32.0,30.3,-1.7,61.0,27.9,-4.1,,0.0,False,,WIN,26.0,32.6,,,,,,,,,,,,,,,,,,,,,,,,,,,,,,,,,,,,,,,,,,,,,,,,,,,,,,,,,,,,,,,,,,,,,,,,,,,,,,,
2026-03-21,Gui Santos,GSW,PRA,OVER,25.5,27.2,1.7,61.0,26.8,1.3,,0.0,False,,LOSS,10.0,33.5,,,,,,,,,,,,,,,,,,,,,,,,,,,,,,,,,,,,,,,,,,,,,,,,,,,,,,,,,,,,,,,,,,,,,,,,,,,,,,,
2026-03-21,Amen Thompson,HOU,PR,OVER,25.5,27.2,1.7,61.0,27.9,2.4,,0.0,False,,WIN,42.0,35.7,,,,,,,,,,,,,,,,,,,,,,,,,,,,,,,,,,,,,,,,,,,,,,,,,,,,,,,,,,,,,,,,,,,,,,,,,,,,,,,
2026-03-21,Ryan Nembhard,DAL,PTS,UNDER,7.5,5.8,-1.7,61.0,5.0,-2.5,,0.0,False,,LOSS,13.0,21.0,,,,,,,,,,,,,,,,,,,,,,,,,,,,,,,,,,,,,,,,,,,,,,,,,,,,,,,,,,,,,,,,,,,,,,,,,,,,,,,
2026-03-21,Khris Middleton,DAL,PRA,OVER,14.5,16.2,1.7,61.0,17.1,2.6,,0.0,False,,LOSS,8.0,24.1,,,,,,,,,,,,,,,,,,,,,,,,,,,,,,,,,,,,,,,,,,,,,,,,,,,,,,,,,,,,,,,,,,,,,,,,,,,,,,,
2026-03-21,De'Anthony Melton,GSW,PR,OVER,19.5,21.2,1.7,61.0,20.4,0.9,,0.0,False,,WIN,22.0,25.0,,,,,,,,,,,,,,,,,,,,,,,,,,,,,,,,,,,,,,,,,,,,,,,,,,,,,,,,,,,,,,,,,,,,,,,,,,,,,,,
2026-03-21,Jarace Walker,IND,PRA,UNDER,24.5,22.8,-1.7,61.0,24.4,-0.1,,0.0,False,,LOSS,29.0,31.6,,,,,,,,,,,,,,,,,,,,,,,,,,,,,,,,,,,,,,,,,,,,,,,,,,,,,,,,,,,,,,,,,,,,,,,,,,,,,,,
2026-03-21,Ousmane Dieng,MIL,PTS,UNDER,10.5,8.8,-1.7,61.0,7.5,-3.0,,0.0,False,,LOSS,11.0,28.6,,,,,,,,,,,,,,,,,,,,,,,,,,,,,,,,,,,,,,,,,,,,,,,,,,,,,,,,,,,,,,,,,,,,,,,,,,,,,,,
2026-03-21,Onyeka Okongwu,ATL,PA,OVER,17.5,19.2,1.7,61.0,17.8,0.3,,0.0,False,,LOSS,11.0,29.5,,,,,,,,,,,,,,,,,,,,,,,,,,,,,,,,,,,,,,,,,,,,,,,,,,,,,,,,,,,,,,,,,,,,,,,,,,,,,,,
2026-03-21,Miles Bridges,CHA,PTS,UNDER,15.5,13.8,-1.7,61.0,12.8,-2.7,,0.0,False,,WIN,13.0,29.8,,,,,,,,,,,,,,,,,,,,,,,,,,,,,,,,,,,,,,,,,,,,,,,,,,,,,,,,,,,,,,,,,,,,,,,,,,,,,,,
2026-03-21,Collin Gillespie,PHX,TRB,UNDER,5.5,3.8,-1.7,61.0,4.6,-0.9,,0.0,False,,WIN,4.0,28.9,,,,,,,,,,,,,,,,,,,,,,,,,,,,,,,,,,,,,,,,,,,,,,,,,,,,,,,,,,,,,,,,,,,,,,,,,,,,,,,
2026-03-21,Paolo Banchero,ORL,PRA,OVER,38.5,40.2,1.7,61.0,40.6,2.1,,0.0,False,,LOSS,27.0,36.2,,,,,,,,,,,,,,,,,,,,,,,,,,,,,,,,,,,,,,,,,,,,,,,,,,,,,,,,,,,,,,,,,,,,,,,,,,,,,,,
2026-03-21,Brandon Miller,CHA,TRB,OVER,5.25,6.9,1.7,60.7,6.8,1.5,,0.0,False,,LOSS,5.0,31.5,,,,,,,,,,,,,,,,,,,,,,,,,,,,,,,,,,,,,,,,,,,,,,,,,,,,,,,,,,,,,,,,,,,,,,,,,,,,,,,
2026-03-21,Saddiq Bey,NOP,PTS,OVER,18.0,19.6,1.6,60.5,19.2,1.2,,0.0,False,,WIN,19.0,32.0,,,,,,,,,,,,,,,,,,,,,,,,,,,,,,,,,,,,,,,,,,,,,,,,,,,,,,,,,,,,,,,,,,,,,,,,,,,,,,,
2026-03-21,Ace Bailey,UTA,AST,UNDER,3.5,1.9,-1.6,60.5,1.7,-1.8,,0.0,False,,LOSS,4.0,31.8,,,,,,,,,,,,,,,,,,,,,,,,,,,,,,,,,,,,,,,,,,,,,,,,,,,,,,,,,,,,,,,,,,,,,,,,,,,,,,,
2026-03-21,Sam Merrill,CLE,PRA,UNDER,15.5,13.9,-1.6,60.5,14.6,-0.9,,0.0,False,,LOSS,27.0,25.6,,,,,,,,,,,,,,,,,,,,,,,,,,,,,,,,,,,,,,,,,,,,,,,,,,,,,,,,,,,,,,,,,,,,,,,,,,,,,,,
2026-03-21,Devin Vassell,SAS,PR,OVER,17.5,19.1,1.6,60.5,18.4,0.9,,0.0,False,,DNP,,30.5,,,,,2026-04-01 11:16:38,,,,,,,,,,,,,,,,,,,,,,,,,,,,,,,,,,,,,,,,,,,,,,,,,,,,,,,,,,,,,,,,,,,,,,,,,,
2026-03-21,CJ McCollum,ATL,PA,OVER,21.5,23.1,1.6,60.5,21.8,0.3,,0.0,False,,WIN,28.0,29.2,,,,,,,,,,,,,,,,,,,,,,,,,,,,,,,,,,,,,,,,,,,,,,,,,,,,,,,,,,,,,,,,,,,,,,,,,,,,,,,
2026-03-21,Bobby Portis,MIL,PR,UNDER,23.5,21.9,-1.6,60.5,19.5,-4.0,,0.0,False,,DNP,,26.1,,,,,2026-04-01 11:16:38,,,,,,,,,,,,,,,,,,,,,,,,,,,,,,,,,,,,,,,,,,,,,,,,,,,,,,,,,,,,,,,,,,,,,,,,,,
2026-03-21,Olivier-Maxence Prosper,MEM,TRB,UNDER,6.0,4.4,-1.6,60.5,4.6,-1.4,,0.0,False,,LOSS,7.0,24.3,,,,,,,,,,,,,,,,,,,,,,,,,,,,,,,,,,,,,,,,,,,,,,,,,,,,,,,,,,,,,,,,,,,,,,,,,,,,,,,
2026-03-21,Kyle Kuzma,MIL,PA,OVER,13.5,15.1,1.6,60.5,17.3,3.8,,0.0,False,,WIN,21.0,27.2,,,,,,,,,,,,,,,,,,,,,,,,,,,,,,,,,,,,,,,,,,,,,,,,,,,,,,,,,,,,,,,,,,,,,,,,,,,,,,,
2026-03-21,Dylan Harper,SAS,TRB,UNDER,5.0,3.4,-1.6,60.5,3.0,-2.0,,0.0,False,,WIN,4.0,23.9,,,,,,,,,,,,,,,,,,,,,,,,,,,,,,,,,,,,,,,,,,,,,,,,,,,,,,,,,,,,,,,,,,,,,,,,,,,,,,,
2026-03-21,Coby White,CHA,PR,UNDER,17.5,15.9,-1.6,60.5,16.8,-0.7,,0.0,False,,LOSS,20.0,20.6,,,,,,,,,,,,,,,,,,,,,,,,,,,,,,,,,,,,,,,,,,,,,,,,,,,,,,,,,,,,,,,,,,,,,,,,,,,,,,,
2026-03-21,Marcus Smart,LAL,PA,OVER,12.0,13.6,1.6,60.5,12.4,0.4,,0.0,False,,LOSS,3.0,31.0,,,,,,,,,,,,,,,,,,,,,,,,,,,,,,,,,,,,,,,,,,,,,,,,,,,,,,,,,,,,,,,,,,,,,,,,,,,,,,,
2026-03-21,Jonathan Kuminga,ATL,TRB,OVER,5.25,6.8,1.6,60.2,6.2,1.0,,0.0,False,,LOSS,4.0,20.2,,,,,,,,,,,,,,,,,,,,,,,,,,,,,,,,,,,,,,,,,,,,,,,,,,,,,,,,,,,,,,,,,,,,,,,,,,,,,,,
2026-03-21,Tyler Herro,MIA,TRB,UNDER,5.5,4.0,-1.5,59.9,4.1,-1.4,,0.0,False,,LOSS,6.0,30.0,,,,,,,,,,,,,,,,,,,,,,,,,,,,,,,,,,,,,,,,,,,,,,,,,,,,,,,,,,,,,,,,,,,,,,,,,,,,,,,
2026-03-21,Jalen Suggs,ORL,PA,UNDER,24.5,23.0,-1.5,59.9,18.8,-5.7,,0.0,False,,WIN,20.0,30.0,,,,,,,,,,,,,,,,,,,,,,,,,,,,,,,,,,,,,,,,,,,,,,,,,,,,,,,,,,,,,,,,,,,,,,,,,,,,,,,
2026-03-21,Justin Edwards,PHI,AST,UNDER,3.5,2.0,-1.5,59.9,2.0,-1.5,,0.0,False,,WIN,1.0,23.8,,,,,,,,,,,,,,,,,,,,,,,,,,,,,,,,,,,,,,,,,,,,,,,,,,,,,,,,,,,,,,,,,,,,,,,,,,,,,,,
2026-03-21,Donovan Mitchell,CLE,TRB,UNDER,5.5,4.0,-1.5,59.9,3.9,-1.6,,0.0,False,,LOSS,7.0,32.3,,,,,,,,,,,,,,,,,,,,,,,,,,,,,,,,,,,,,,,,,,,,,,,,,,,,,,,,,,,,,,,,,,,,,,,,,,,,,,,
2026-03-21,Jay Huff,IND,PTS,OVER,9.5,11.0,1.5,59.9,11.5,2.0,,0.0,False,,LOSS,6.0,22.3,,,,,,,,,,,,,,,,,,,,,,,,,,,,,,,,,,,,,,,,,,,,,,,,,,,,,,,,,,,,,,,,,,,,,,,,,,,,,,,
2026-03-21,LaMelo Ball,CHA,PR,OVER,24.0,25.5,1.5,59.9,25.8,1.8,,0.0,False,,WIN,32.0,28.9,,,,,,,,,,,,,,,,,,,,,,,,,,,,,,,,,,,,,,,,,,,,,,,,,,,,,,,,,,,,,,,,,,,,,,,,,,,,,,,
2026-03-21,Luka Dončić,LAL,AST,UNDER,9.0,7.5,-1.5,59.9,8.1,-0.9,,0.0,False,,WIN,8.0,36.7,,,,,,,,,,,,,,,,,,,,,,,,,,,,,,,,,,,,,,,,,,,,,,,,,,,,,,,,,,,,,,,,,,,,,,,,,,,,,,,
2026-03-21,LeBron James,LAL,PRA,UNDER,33.0,31.5,-1.5,59.9,30.5,-2.5,,0.0,False,,WIN,22.0,34.3,,,,,,,,,,,,,,,,,,,,,,,,,,,,,,,,,,,,,,,,,,,,,,,,,,,,,,,,,,,,,,,,,,,,,,,,,,,,,,,
2026-03-21,Cooper Flagg,DAL,PTS,UNDER,22.5,21.0,-1.5,59.9,20.3,-2.2,,0.0,False,,WIN,18.0,32.2,,,,,,,,,,,,,,,,,,,,,,,,,,,,,,,,,,,,,,,,,,,,,,,,,,,,,,,,,,,,,,,,,,,,,,,,,,,,,,,
2026-03-21,Cason Wallace,OKC,PRA,OVER,14.5,16.0,1.5,59.9,20.3,5.8,,0.0,False,,LOSS,9.0,27.3,,,,,,,,,,,,,,,,,,,,,,,,,,,,,,,,,,,,,,,,,,,,,,,,,,,,,,,,,,,,,,,,,,,,,,,,,,,,,,,
2026-03-21,Austin Reaves,LAL,PA,OVER,25.5,27.0,1.5,59.9,26.3,0.8,,0.0,False,,WIN,31.0,36.4,,,,,,,,,,,,,,,,,,,,,,,,,,,,,,,,,,,,,,,,,,,,,,,,,,,,,,,,,,,,,,,,,,,,,,,,,,,,,,,
2026-03-21,Bobby Portis,MIL,PTS,UNDER,17.5,16.0,-1.5,59.9,15.1,-2.4,,0.0,False,,DNP,,26.1,,,,,2026-04-01 11:16:38,,,,,,,,,,,,,,,,,,,,,,,,,,,,,,,,,,,,,,,,,,,,,,,,,,,,,,,,,,,,,,,,,,,,,,,,,,
2026-03-25,Darius Garland,LAC,PRA,OVER,27.5,35.5,11.3,88.0,30.7,3.2,46.2,-1.0,False,,WIN,34.0,30.6,,,,,,,,,,,,,,,,,,,,,,,,,,,,,,,,,,,,,,,,,,,,,,,,,,,,,,,,,,,,,,,,,,,,,,,,,,,,,,,
2026-03-25,Evan Mobley,CLE,PRA,OVER,31.5,36.2,7.3,84.1,33.8,2.3,46.2,1.0,False,,LOSS,17.0,32.2,,,,,,,,,,,,,,,,,,,,,,,,,,,,,,,,,,,,,,,,,,,,,,,,,,,,,,,,,,,,,,,,,,,,,,,,,,,,,,,
2026-03-25,Darius Garland,LAC,PR,OVER,22.5,27.4,7.7,83.6,23.7,1.2,46.2,0.0,False,,WIN,28.0,30.6,,,,,,,,,,,,,,,,,,,,,,,,,,,,,,,,,,,,,,,,,,,,,,,,,,,,,,,,,,,,,,,,,,,,,,,,,,,,,,,
2026-03-25,Evan Mobley,CLE,PR,OVER,28.0,32.8,7.5,82.1,31.2,3.2,46.2,-0.5,False,,LOSS,13.0,32.2,,,,,,,,,,,,,,,,,,,,,,,,,,,,,,,,,,,,,,,,,,,,,,,,,,,,,,,,,,,,,,,,,,,,,,,,,,,,,,,
2026-03-25,Victor Wembanyama,SAS,PR,UNDER,42.0,35.2,-6.9,81.6,37.4,-4.6,46.2,0.0,False,,WIN,34.0,30.9,,,,,,,,,,,,,,,,,,,,,,,,,,,,,,,,,,,,,,,,,,,,,,,,,,,,,,,,,,,,,,,,,,,,,,,,,,,,,,,
2026-03-25,Darius Garland,LAC,PTS,OVER,19.5,24.2,7.7,81.6,21.3,1.8,46.2,-1.0,False,,WIN,24.0,30.6,,,,,,,,,,,,,,,,,,,,,,,,,,,,,,,,,,,,,,,,,,,,,,,,,,,,,,,,,,,,,,,,,,,,,,,,,,,,,,,
2026-03-25,Kawhi Leonard,LAC,PRA,OVER,37.5,40.6,5.6,80.8,39.8,2.3,46.2,2.0,False,,LOSS,35.0,31.8,,,,,,,,,,,,,,,,,,,,,,,,,,,,,,,,,,,,,,,,,,,,,,,,,,,,,,,,,,,,,,,,,,,,,,,,,,,,,,,
2026-03-25,Jared McCain,OKC,PR,OVER,11.5,18.4,6.2,80.4,14.3,2.8,46.2,0.5,False,,LOSS,7.0,21.9,,,,,,,,,,,,,,,,,,,,,,,,,,,,,,,,,,,,,,,,,,,,,,,,,,,,,,,,,,,,,,,,,,,,,,,,,,,,,,,
2026-03-25,Evan Mobley,CLE,PTS,OVER,19.0,22.8,6.1,80.1,21.0,2.0,46.2,0.5,False,,LOSS,8.0,32.2,,,,,,,,,,,,,,,,,,,,,,,,,,,,,,,,,,,,,,,,,,,,,,,,,,,,,,,,,,,,,,,,,,,,,,,,,,,,,,,
2026-03-25,Chet Holmgren,OKC,PRA,OVER,24.5,31.6,10.0,80.1,28.1,3.6,39.2,0.0,False,,LOSS,15.0,30.3,,,,,,,,,,,,,,,,,,,,,,,,,,,,,,,,,,,,,,,,,,,,,,,,,,,,,,,,,,,,,,,,,,,,,,,,,,,,,,,
2026-03-25,Austin Reaves,LAL,PA,UNDER,31.5,26.3,-6.3,80.0,28.6,-2.9,46.2,0.0,False,,LOSS,33.0,37.6,,,,,,,,,,,,,,,,,,,,,,,,,,,,,,,,,,,,,,,,,,,,,,,,,,,,,,,,,,,,,,,,,,,,,,,,,,,,,,,
2026-03-25,Cameron Johnson,DEN,PR,OVER,15.5,21.2,4.8,79.6,16.5,1.0,46.2,3.0,False,,LOSS,13.0,30.8,,,,,,,,,,,,,,,,,,,,,,,,,,,,,,,,,,,,,,,,,,,,,,,,,,,,,,,,,,,,,,,,,,,,,,,,,,,,,,,
2026-03-25,Will Riley,WAS,PRA,UNDER,25.5,19.2,-6.0,79.1,20.9,-4.6,46.2,0.0,False,,LOSS,34.0,33.7,,,,,,,,,,,,,,,,,,,,,,,,,,,,,,,,,,,,,,,,,,,,,,,,,,,,,,,,,,,,,,,,,,,,,,,,,,,,,,,
2026-03-25,Will Riley,WAS,PA,UNDER,22.5,15.9,-6.3,79.0,17.6,-4.9,46.2,0.5,False,,LOSS,24.0,33.7,,,,,,,,,,,,,,,,,,,,,,,,,,,,,,,,,,,,,,,,,,,,,,,,,,,,,,,,,,,,,,,,,,,,,,,,,,,,,,,
2026-03-25,Evan Mobley,CLE,PA,OVER,21.0,26.2,7.4,78.9,23.6,2.6,46.2,-2.0,False,,LOSS,12.0,32.2,,,,,,,,,,,,,,,,,,,,,,,,,,,,,,,,,,,,,,,,,,,,,,,,,,,,,,,,,,,,,,,,,,,,,,,,,,,,,,,
2026-03-25,Nikola Jokić,DEN,PR,UNDER,42.5,38.7,-5.8,78.5,37.5,-5.0,46.2,0.0,False,,LOSS,44.0,35.8,,,,,,,,,,,,,,,,,,,,,,,,,,,,,,,,,,,,,,,,,,,,,,,,,,,,,,,,,,,,,,,,,,,,,,,,,,,,,,,
2026-03-25,Cameron Johnson,DEN,PRA,OVER,17.5,24.6,5.7,78.2,19.1,1.6,46.2,,False,,LOSS,16.0,30.8,,,,,,,,,,,,,,,,,,,,,,,,,,,,,,,,,,,,,,,,,,,,,,,,,,,,,,,,,,,,,,,,,,,,,,,,,,,,,,,
2026-03-25,Chet Holmgren,OKC,PR,OVER,23.5,29.6,9.1,78.0,26.5,3.0,39.2,-0.25,False,,LOSS,15.0,30.3,,,,,,,,,,,,,,,,,,,,,,,,,,,,,,,,,,,,,,,,,,,,,,,,,,,,,,,,,,,,,,,,,,,,,,,,,,,,,,,
2026-03-25,Nick Richards,CHI,PR,UNDER,19.75,15.3,-6.4,77.6,18.6,-1.1,46.2,1.25,False,,WIN,7.0,21.7,,,,,,,,,,,,,,,,,,,,,,,,,,,,,,,,,,,,,,,,,,,,,,,,,,,,,,,,,,,,,,,,,,,,,,,,,,,,,,,
2026-03-25,Jalen Duren,DET,PR,UNDER,37.0,28.9,-5.6,77.3,31.3,-5.7,46.2,0.25,False,,LOSS,40.0,26.2,,,,,,,,,,,,,,,,,,,,,,,,,,,,,,,,,,,,,,,,,,,,,,,,,,,,,,,,,,,,,,,,,,,,,,,,,,,,,,,
2026-03-25,Kawhi Leonard,LAC,PTS,OVER,27.5,30.0,4.9,77.0,30.2,2.7,46.2,1.0,False,,LOSS,27.0,31.8,,,,,,,,,,,,,,,,,,,,,,,,,,,,,,,,,,,,,,,,,,,,,,,,,,,,,,,,,,,,,,,,,,,,,,,,,,,,,,,
2026-03-25,Daniel Gafford,DAL,PR,OVER,17.5,22.8,5.3,76.9,23.2,5.7,46.2,0.0,False,,DNP,,24.0,,,,,,,,,,,,,,,,,,,,,,,,,,,,,,,,,,,,,,,,,,,,,,,,,,,,,,,,,,,,,,,,,,,,,,,,,,,,,,,
2026-03-25,Cameron Johnson,DEN,PTS,OVER,10.5,16.5,5.2,76.5,12.9,2.4,46.2,0.0,False,,WIN,12.0,30.8,,,,,,,,,,,,,,,,,,,,,,,,,,,,,,,,,,,,,,,,,,,,,,,,,,,,,,,,,,,,,,,,,,,,,,,,,,,,,,,
2026-03-25,Will Riley,WAS,PR,UNDER,21.5,16.8,-4.5,76.3,18.5,-3.0,46.2,-1.5,False,,LOSS,29.0,33.7,,,,,,,,,,,,,,,,,,,,,,,,,,,,,,,,,,,,,,,,,,,,,,,,,,,,,,,,,,,,,,,,,,,,,,,,,,,,,,,
2026-03-25,Bennedict Mathurin,LAC,PR,OVER,22.5,24.9,5.1,76.2,25.2,2.7,46.2,0.0,False,,WIN,27.0,29.8,,,,,,,,,,,,,,,,,,,,,,,,,,,,,,,,,,,,,,,,,,,,,,,,,,,,,,,,,,,,,,,,,,,,,,,,,,,,,,,
2026-03-25,Cameron Johnson,DEN,PA,OVER,13.5,19.9,5.1,76.2,15.5,2.0,46.2,,False,,WIN,15.0,30.8,,,,,,,,,,,,,,,,,,,,,,,,,,,,,,,,,,,,,,,,,,,,,,,,,,,,,,,,,,,,,,,,,,,,,,,,,,,,,,,
2026-03-25,Tyler Herro,MIA,PRA,OVER,29.5,35.2,6.6,75.8,32.8,3.3,46.2,-2.5,False,,LOSS,24.0,33.2,,,,,,,,,,,,,,,,,,,,,,,,,,,,,,,,,,,,,,,,,,,,,,,,,,,,,,,,,,,,,,,,,,,,,,,,,,,,,,,
2026-03-25,Shai Gilgeous-Alexander,OKC,PRA,OVER,40.5,45.0,4.5,75.6,42.9,2.4,46.2,1.0,False,,WIN,43.0,34.1,,,,,,,,,,,,,,,,,,,,,,,,,,,,,,,,,,,,,,,,,,,,,,,,,,,,,,,,,,,,,,,,,,,,,,,,,,,,,,,
2026-03-25,RJ Barrett,TOR,PA,UNDER,27.0,22.9,-5.2,75.5,24.2,-2.8,46.2,0.5,False,,WIN,16.0,31.0,,,,,,,,,,,,,,,,,,,,,,,,,,,,,,,,,,,,,,,,,,,,,,,,,,,,,,,,,,,,,,,,,,,,,,,,,,,,,,,
2026-03-25,Ajay Mitchell,OKC,PRA,OVER,18.5,18.7,4.9,75.5,21.9,3.4,46.2,0.0,False,,LOSS,13.0,26.4,,,,,,,,,,,,,,,,,,,,,,,,,,,,,,,,,,,,,,,,,,,,,,,,,,,,,,,,,,,,,,,,,,,,,,,,,,,,,,,
2026-03-25,James Harden,CLE,PR,OVER,27.5,32.6,6.1,75.4,28.1,0.6,46.2,-2.0,False,,LOSS,27.0,35.2,,,,,,,,,,,,,,,,,,,,,,,,,,,,,,,,,,,,,,,,,,,,,,,,,,,,,,,,,,,,,,,,,,,,,,,,,,,,,,,
2026-03-25,Jalen Duren,DET,PA,UNDER,27.5,20.5,-4.8,75.1,23.3,-4.2,46.2,0.0,False,,LOSS,29.0,26.2,,,,,,,,,,,,,,,,,,,,,,,,,,,,,,,,,,,,,,,,,,,,,,,,,,,,,,,,,,,,,,,,,,,,,,,,,,,,,,,
2026-03-25,Tyler Herro,MIA,PTS,OVER,20.0,25.3,6.0,75.1,22.4,2.4,46.2,-2.0,False,,LOSS,18.0,33.2,,,,,,,,,,,,,,,,,,,,,,,,,,,,,,,,,,,,,,,,,,,,,,,,,,,,,,,,,,,,,,,,,,,,,,,,,,,,,,,
2026-03-25,Tyler Herro,MIA,PR,OVER,25.5,30.5,5.9,74.8,28.0,2.5,46.2,-2.0,False,,LOSS,20.0,33.2,,,,,,,,,,,,,,,,,,,,,,,,,,,,,,,,,,,,,,,,,,,,,,,,,,,,,,,,,,,,,,,,,,,,,,,,,,,,,,,
2026-03-25,Tyler Herro,MIA,PA,OVER,24.5,30.0,6.2,74.7,27.2,2.7,46.2,-2.5,False,,LOSS,22.0,33.2,,,,,,,,,,,,,,,,,,,,,,,,,,,,,,,,,,,,,,,,,,,,,,,,,,,,,,,,,,,,,,,,,,,,,,,,,,,,,,,
2026-03-25,Ajay Mitchell,OKC,PR,OVER,14.5,15.8,5.2,74.5,18.2,3.7,46.2,-1.0,False,,LOSS,11.0,26.4,,,,,,,,,,,,,,,,,,,,,,,,,,,,,,,,,,,,,,,,,,,,,,,,,,,,,,,,,,,,,,,,,,,,,,,,,,,,,,,
2026-03-25,Pelle Larsson,MIA,PA,OVER,12.0,13.9,5.5,74.5,16.9,4.9,46.2,-1.5,False,,WIN,16.0,30.4,,,,,,,,,,,,,,,,,,,,,,,,,,,,,,,,,,,,,,,,,,,,,,,,,,,,,,,,,,,,,,,,,,,,,,,,,,,,,,,
2026-03-25,Bennedict Mathurin,LAC,PRA,OVER,24.0,27.0,5.8,74.5,26.8,2.8,46.2,-2.0,False,,WIN,33.0,29.8,,,,,,,,,,,,,,,,,,,,,,,,,,,,,,,,,,,,,,,,,,,,,,,,,,,,,,,,,,,,,,,,,,,,,,,,,,,,,,,
2026-03-25,Nikola Jokić,DEN,PTS,UNDER,28.5,25.9,-4.6,74.4,25.0,-3.5,46.2,0.0,False,,WIN,23.0,35.8,,,,,,,,,,,,,,,,,,,,,,,,,,,,,,,,,,,,,,,,,,,,,,,,,,,,,,,,,,,,,,,,,,,,,,,,,,,,,,,
2026-03-25,Pascal Siakam,IND,PRA,OVER,31.0,33.2,4.3,74.0,32.5,1.5,46.2,0.5,False,,LOSS,29.0,31.9,,,,,,,,,,,,,,,,,,,,,,,,,,,,,,,,,,,,,,,,,,,,,,,,,,,,,,,,,,,,,,,,,,,,,,,,,,,,,,,
2026-03-25,Ajay Mitchell,OKC,PTS,OVER,11.5,12.6,4.4,73.7,14.2,2.7,46.2,0.0,False,,LOSS,8.0,26.4,,,,,,,,,,,,,,,,,,,,,,,,,,,,,,,,,,,,,,,,,,,,,,,,,,,,,,,,,,,,,,,,,,,,,,,,,,,,,,,
2026-03-25,Tari Eason,HOU,PR,OVER,11.5,16.7,4.4,73.7,13.1,1.6,46.2,0.0,False,,LOSS,11.0,25.8,,,,,,,,,,,,,,,,,,,,,,,,,,,,,,,,,,,,,,,,,,,,,,,,,,,,,,,,,,,,,,,,,,,,,,,,,,,,,,,
2026-03-25,Nikola Jokić,DEN,PRA,UNDER,54.5,50.0,-6.1,73.4,49.1,-5.4,46.2,3.0,False,,LOSS,63.0,35.8,,,,,,,,,,,,,,,,,,,,,,,,,,,,,,,,,,,,,,,,,,,,,,,,,,,,,,,,,,,,,,,,,,,,,,,,,,,,,,,
2026-03-25,Bub Carrington,WAS,PA,UNDER,22.5,18.0,-4.3,73.3,15.6,-6.9,46.2,0.0,False,,WIN,15.0,31.3,,,,,,,,,,,,,,,,,,,,,,,,,,,,,,,,,,,,,,,,,,,,,,,,,,,,,,,,,,,,,,,,,,,,,,,,,,,,,,,
2026-03-25,John Collins,LAC,PRA,OVER,17.0,26.0,6.8,73.3,21.8,4.8,46.2,-4.5,False,,LOSS,5.0,26.8,,,,,,,,,,,,,,,,,,,,,,,,,,,,,,,,,,,,,,,,,,,,,,,,,,,,,,,,,,,,,,,,,,,,,,,,,,,,,,,
2026-03-25,Zaccharie Risacher,ATL,PRA,OVER,11.5,16.7,4.3,73.3,15.3,3.8,46.2,,False,,LOSS,5.0,20.5,,,,,,,,,,,,,,,,,,,,,,,,,,,,,,,,,,,,,,,,,,,,,,,,,,,,,,,,,,,,,,,,,,,,,,,,,,,,,,,
2026-03-25,Sam Hauser,BOS,PRA,OVER,11.5,15.4,4.3,73.3,13.3,1.8,46.2,0.0,False,,WIN,14.0,24.0,,,,,,,,,,,,,,,,,,,,,,,,,,,,,,,,,,,,,,,,,,,,,,,,,,,,,,,,,,,,,,,,,,,,,,,,,,,,,,,
2026-03-25,Bub Carrington,WAS,PRA,UNDER,27.5,22.4,-5.1,73.2,18.8,-8.7,46.2,1.5,False,,WIN,17.0,31.3,,,,,,,,,,,,,,,,,,,,,,,,,,,,,,,,,,,,,,,,,,,,,,,,,,,,,,,,,,,,,,,,,,,,,,,,,,,,,,,
2026-03-25,John Collins,LAC,PR,OVER,17.5,24.6,4.8,73.1,20.4,2.9,46.2,-1.0,False,,LOSS,5.0,26.8,,,,,,,,,,,,,,,,,,,,,,,,,,,,,,,,,,,,,,,,,,,,,,,,,,,,,,,,,,,,,,,,,,,,,,,,,,,,,,,
2026-03-25,Pelle Larsson,MIA,PR,OVER,12.5,13.7,4.7,72.8,16.9,4.4,46.2,-1.0,False,,WIN,19.0,30.4,,,,,,,,,,,,,,,,,,,,,,,,,,,,,,,,,,,,,,,,,,,,,,,,,,,,,,,,,,,,,,,,,,,,,,,,,,,,,,,
2026-03-25,Tari Eason,HOU,PRA,OVER,13.5,18.5,4.1,72.5,14.4,0.9,46.2,0.0,False,,LOSS,11.0,25.8,,,,,,,,,,,,,,,,,,,,,,,,,,,,,,,,,,,,,,,,,,,,,,,,,,,,,,,,,,,,,,,,,,,,,,,,,,,,,,,
2026-03-25,Paul George,PHI,PA,UNDER,27.0,20.4,-6.4,72.2,20.4,-6.6,46.2,6.5,False,,LOSS,32.0,33.1,,,,,,,,,,,,,,,,,,,,,,,,,,,,,,,,,,,,,,,,,,,,,,,,,,,,,,,,,,,,,,,,,,,,,,,,,,,,,,,
2026-03-25,Jalen Williams,OKC,PRA,OVER,19.5,27.2,4.5,72.1,27.6,8.1,48.5,-1.0,False,,LOSS,13.0,24.6,,,,,,,,,,,,,,,,,,,,,,,,,,,,,,,,,,,,,,,,,,,,,,,,,,,,,,,,,,,,,,,,,,,,,,,,,,,,,,,
2026-03-25,Nick Richards,CHI,TRB,UNDER,8.5,6.5,-2.8,71.8,8.4,-0.1,35.3,0.0,False,,DNP,,21.7,,,,,,,,,,,,,,,,,,,,,,,,,,,,,,,,,,,,,,,,,,,,,,,,,,,,,,,,,,,,,,,,,,,,,,,,,,,,,,,
2026-03-25,Payton Pritchard,BOS,PA,OVER,18.5,21.5,4.4,71.7,18.7,0.2,46.2,-1.0,False,,LOSS,15.0,32.7,,,,,,,,,,,,,,,,,,,,,,,,,,,,,,,,,,,,,,,,,,,,,,,,,,,,,,,,,,,,,,,,,,,,,,,,,,,,,,,
2026-03-25,Nick Richards,CHI,PTS,UNDER,12.5,8.8,-4.8,71.1,10.2,-2.3,46.2,2.0,False,,WIN,2.0,21.7,,,,,,,,,,,,,,,,,,,,,,,,,,,,,,,,,,,,,,,,,,,,,,,,,,,,,,,,,,,,,,,,,,,,,,,,,,,,,,,
2026-03-25,Stephon Castle,SAS,PA,UNDER,27.5,24.3,-3.6,70.8,24.2,-3.3,46.2,-0.25,False,,WIN,24.0,27.6,,,,,,,,,,,,,,,,,,,,,,,,,,,,,,,,,,,,,,,,,,,,,,,,,,,,,,,,,,,,,,,,,,,,,,,,,,,,,,,
2026-03-25,RJ Barrett,TOR,PRA,UNDER,30.5,28.2,-3.6,70.4,29.5,-1.0,46.2,0.0,False,,WIN,22.0,31.0,,,,,,,,,,,,,,,,,,,,,,,,,,,,,,,,,,,,,,,,,,,,,,,,,,,,,,,,,,,,,,,,,,,,,,,,,,,,,,,
2026-03-25,Pascal Siakam,IND,PR,OVER,27.5,29.4,3.9,70.2,29.2,1.7,46.2,-0.75,False,,WIN,28.0,31.9,,,,,,,,,,,,,,,,,,,,,,,,,,,,,,,,,,,,,,,,,,,,,,,,,,,,,,,,,,,,,,,,,,,,,,,,,,,,,,,
2026-03-25,Davion Mitchell,MIA,PA,OVER,13.5,16.8,3.5,70.0,15.8,2.3,46.2,,False,,WIN,14.0,28.0,,,,,,,,,,,,,,,,,,,,,,,,,,,,,,,,,,,,,,,,,,,,,,,,,,,,,,,,,,,,,,,,,,,,,,,,,,,,,,,
2026-03-25,Nikola Jokić,DEN,PA,UNDER,39.5,37.2,-3.9,69.7,36.6,-2.9,46.2,1.0,False,,LOSS,42.0,35.8,,,,,,,,,,,,,,,,,,,,,,,,,,,,,,,,,,,,,,,,,,,,,,,,,,,,,,,,,,,,,,,,,,,,,,,,,,,,,,,
2026-03-25,Shai Gilgeous-Alexander,OKC,PTS,OVER,29.5,33.2,3.4,69.6,30.9,1.4,46.2,0.0,False,,WIN,33.0,34.1,,,,,,,,,,,,,,,,,,,,,,,,,,,,,,,,,,,,,,,,,,,,,,,,,,,,,,,,,,,,,,,,,,,,,,,,,,,,,,,
2026-03-25,Paul George,PHI,PR,UNDER,27.0,21.5,-5.5,69.5,21.3,-5.7,46.2,4.5,False,,LOSS,34.0,33.1,,,,,,,,,,,,,,,,,,,,,,,,,,,,,,,,,,,,,,,,,,,,,,,,,,,,,,,,,,,,,,,,,,,,,,,,,,,,,,,
2026-03-25,Matas Buzelis,CHI,PRA,UNDER,30.5,23.7,-4.2,69.4,30.3,-0.2,46.2,1.75,False,,WIN,28.0,33.0,,,,,,,,,,,,,,,,,,,,,,,,,,,,,,,,,,,,,,,,,,,,,,,,,,,,,,,,,,,,,,,,,,,,,,,,,,,,,,,
2026-03-25,CJ McCollum,ATL,PRA,OVER,23.0,28.6,4.5,69.1,25.9,2.9,46.2,-2.5,False,,WIN,33.0,29.4,,,,,,,,,,,,,,,,,,,,,,,,,,,,,,,,,,,,,,,,,,,,,,,,,,,,,,,,,,,,,,,,,,,,,,,,,,,,,,,
2026-03-25,Andrew Nembhard,IND,PTS,OVER,15.5,15.6,3.3,69.1,16.2,0.7,46.2,0.0,False,,LOSS,14.0,28.5,,,,,,,,,,,,,,,,,,,,,,,,,,,,,,,,,,,,,,,,,,,,,,,,,,,,,,,,,,,,,,,,,,,,,,,,,,,,,,,
2026-03-25,Chet Holmgren,OKC,PA,OVER,18.0,21.2,5.1,68.9,18.1,0.1,39.2,0.5,False,,LOSS,10.0,30.3,,,,,,,,,,,,,,,,,,,,,,,,,,,,,,,,,,,,,,,,,,,,,,,,,,,,,,,,,,,,,,,,,,,,,,,,,,,,,,,
2026-03-25,Pelle Larsson,MIA,PRA,OVER,16.5,16.9,4.7,68.8,20.1,3.6,46.2,-3.0,False,,WIN,21.0,30.4,,,,,,,,,,,,,,,,,,,,,,,,,,,,,,,,,,,,,,,,,,,,,,,,,,,,,,,,,,,,,,,,,,,,,,,,,,,,,,,
2026-03-25,Davion Mitchell,MIA,PR,OVER,10.5,13.7,3.2,68.7,13.5,3.0,46.2,0.0,False,,WIN,13.0,28.0,,,,,,,,,,,,,,,,,,,,,,,,,,,,,,,,,,,,,,,,,,,,,,,,,,,,,,,,,,,,,,,,,,,,,,,,,,,,,,,
2026-03-25,Jalen Williams,OKC,PTS,OVER,12.5,18.5,3.4,68.6,18.5,6.0,48.5,-0.5,False,,LOSS,7.0,24.6,,,,,,,,,,,,,,,,,,,,,,,,,,,,,,,,,,,,,,,,,,,,,,,,,,,,,,,,,,,,,,,,,,,,,,,,,,,,,,,
2026-03-25,Chet Holmgren,OKC,PTS,OVER,16.0,19.2,5.2,68.5,16.5,0.5,39.2,0.0,False,,LOSS,10.0,30.3,,,,,,,,,,,,,,,,,,,,,,,,,,,,,,,,,,,,,,,,,,,,,,,,,,,,,,,,,,,,,,,,,,,,,,,,,,,,,,,
2026-03-25,Will Riley,WAS,PTS,UNDER,16.5,13.5,-2.8,68.3,15.2,-1.3,46.2,-1.0,False,,LOSS,19.0,33.7,,,,,,,,,,,,,,,,,,,,,,,,,,,,,,,,,,,,,,,,,,,,,,,,,,,,,,,,,,,,,,,,,,,,,,,,,,,,,,,
2026-03-25,Kristaps Porziņģis,GSW,PA,UNDER,22.5,21.0,-2.5,68.3,15.1,-7.4,46.2,-2.0,False,,WIN,19.0,20.6,,,,,,,,,,,,,,,,,,,,,,,,,,,,,,,,,,,,,,,,,,,,,,,,,,,,,,,,,,,,,,,,,,,,,,,,,,,,,,,
2026-03-25,Josh Giddey,CHI,PA,UNDER,31.5,29.0,-3.1,68.2,28.1,-3.4,46.2,0.0,False,,LOSS,35.0,33.3,,,,,,,,,,,,,,,,,,,,,,,,,,,,,,,,,,,,,,,,,,,,,,,,,,,,,,,,,,,,,,,,,,,,,,,,,,,,,,,
2026-03-25,Daniel Gafford,DAL,PTS,OVER,10.0,14.0,4.0,68.1,14.1,4.1,46.2,-2.0,False,,DNP,,24.0,,,,,,,,,,,,,,,,,,,,,,,,,,,,,,,,,,,,,,,,,,,,,,,,,,,,,,,,,,,,,,,,,,,,,,,,,,,,,,,
2026-03-25,John Collins,LAC,PTS,OVER,12.5,17.6,3.5,68.0,13.9,1.4,46.2,-1.0,False,,LOSS,0.0,26.8,,,,,,,,,,,,,,,,,,,,,,,,,,,,,,,,,,,,,,,,,,,,,,,,,,,,,,,,,,,,,,,,,,,,,,,,,,,,,,,
2026-03-25,Jalen Williams,OKC,PA,OVER,17.5,23.2,2.9,68.0,24.0,6.5,48.5,0.5,False,,LOSS,10.0,24.6,,,,,,,,,,,,,,,,,,,,,,,,,,,,,,,,,,,,,,,,,,,,,,,,,,,,,,,,,,,,,,,,,,,,,,,,,,,,,,,
2026-03-25,Davion Mitchell,MIA,PRA,OVER,16.5,20.0,3.7,67.9,18.8,2.3,46.2,-1.5,False,,LOSS,16.0,28.0,,,,,,,,,,,,,,,,,,,,,,,,,,,,,,,,,,,,,,,,,,,,,,,,,,,,,,,,,,,,,,,,,,,,,,,,,,,,,,,
2026-03-25,Peyton Watson,DEN,PA,OVER,14.5,14.7,3.0,67.8,21.8,7.3,46.2,,False,,WIN,24.0,33.3,,,,,,,,,,,,,,,,,,,,,,,,,,,,,,,,,,,,,,,,,,,,,,,,,,,,,,,,,,,,,,,,,,,,,,,,,,,,,,,
2026-03-25,Pelle Larsson,MIA,PTS,OVER,10.5,10.7,3.0,67.8,13.7,3.2,46.2,0.0,False,,WIN,14.0,30.4,,,,,,,,,,,,,,,,,,,,,,,,,,,,,,,,,,,,,,,,,,,,,,,,,,,,,,,,,,,,,,,,,,,,,,,,,,,,,,,
2026-03-25,Jalen Williams,OKC,PR,OVER,16.5,22.5,3.0,67.8,22.1,5.6,48.5,0.0,False,,LOSS,10.0,24.6,,,,,,,,,,,,,,,,,,,,,,,,,,,,,,,,,,,,,,,,,,,,,,,,,,,,,,,,,,,,,,,,,,,,,,,,,,,,,,,
2026-03-25,CJ McCollum,ATL,PTS,OVER,16.5,20.4,3.2,67.7,18.4,1.9,46.2,-0.5,False,,WIN,27.0,29.4,,,,,,,,,,,,,,,,,,,,,,,,,,,,,,,,,,,,,,,,,,,,,,,,,,,,,,,,,,,,,,,,,,,,,,,,,,,,,,,
2026-03-25,Isaiah Hartenstein,OKC,PRA,OVER,16.5,21.9,4.0,67.6,19.8,3.3,46.2,-2.25,False,,LOSS,13.0,22.2,,,,,,,,,,,,,,,,,,,,,,,,,,,,,,,,,,,,,,,,,,,,,,,,,,,,,,,,,,,,,,,,,,,,,,,,,,,,,,,
2026-03-25,Kawhi Leonard,LAC,PA,OVER,32.5,33.7,3.8,67.3,33.5,1.0,46.2,-2.0,False,,LOSS,29.0,31.8,,,,,,,,,,,,,,,,,,,,,,,,,,,,,,,,,,,,,,,,,,,,,,,,,,,,,,,,,,,,,,,,,,,,,,,,,,,,,,,
2026-03-25,Cam Spencer,MEM,PR,OVER,11.0,10.8,3.1,67.2,13.7,2.7,46.2,-0.5,False,,LOSS,3.0,22.5,,,,,,,,,,,,,,,,,,,,,,,,,,,,,,,,,,,,,,,,,,,,,,,,,,,,,,,,,,,,,,,,,,,,,,,,,,,,,,,
2026-03-25,Jalen Smith,CHI,PR,UNDER,21.5,17.2,-2.7,67.1,18.2,-3.3,39.2,-0.5,False,,WIN,1.0,23.3,,,,,,,,,,,,,,,,,,,,,,,,,,,,,,,,,,,,,,,,,,,,,,,,,,,,,,,,,,,,,,,,,,,,,,,,,,,,,,,
2026-03-25,Sam Hauser,BOS,PR,OVER,10.5,14.1,3.7,66.9,12.2,1.7,46.2,-2.0,False,,WIN,14.0,24.0,,,,,,,,,,,,,,,,,,,,,,,,,,,,,,,,,,,,,,,,,,,,,,,,,,,,,,,,,,,,,,,,,,,,,,,,,,,,,,,
2026-03-25,Aaron Gordon,DEN,TRB,UNDER,7.5,5.5,-1.7,66.8,5.0,-2.5,35.3,-0.5,False,,DNP,,25.9,,,,,,,,,,,,,,,,,,,,,,,,,,,,,,,,,,,,,,,,,,,,,,,,,,,,,,,,,,,,,,,,,,,,,,,,,,,,,,,
2026-03-25,Drake Powell,BKN,PR,UNDER,11.0,7.9,-3.0,66.8,6.9,-4.1,46.2,0.5,False,,LOSS,12.0,20.8,,,,,,,,,,,,,,,,,,,,,,,,,,,,,,,,,,,,,,,,,,,,,,,,,,,,,,,,,,,,,,,,,,,,,,,,,,,,,,,
2026-03-25,Gui Santos,GSW,TRB,UNDER,6.5,4.1,-1.8,66.6,5.6,-0.9,36.9,0.0,False,,DNP,,31.7,,,,,,,,,,,,,,,,,,,,,,,,,,,,,,,,,,,,,,,,,,,,,,,,,,,,,,,,,,,,,,,,,,,,,,,,,,,,,,,
2026-03-25,Shai Gilgeous-Alexander,OKC,PR,OVER,33.5,37.9,4.2,66.4,35.3,1.8,46.2,-3.25,False,,WIN,35.0,34.1,,,,,,,,,,,,,,,,,,,,,,,,,,,,,,,,,,,,,,,,,,,,,,,,,,,,,,,,,,,,,,,,,,,,,,,,,,,,,,,
2026-03-25,Donovan Clingan,POR,PA,OVER,16.5,16.6,3.6,66.4,18.1,1.6,46.2,-2.0,False,,WIN,17.0,26.4,,,,,,,,,,,,,,,,,,,,,,,,,,,,,,,,,,,,,,,,,,,,,,,,,,,,,,,,,,,,,,,,,,,,,,,,,,,,,,,
2026-03-25,Aaron Gordon,DEN,PA,UNDER,22.0,20.5,-2.7,66.3,17.1,-4.9,46.2,0.0,False,,DNP,,25.9,,,,,,,,,,,,,,,,,,,,,,,,,,,,,,,,,,,,,,,,,,,,,,,,,,,,,,,,,,,,,,,,,,,,,,,,,,,,,,,
2026-03-25,T.J. McConnell,IND,PRA,OVER,15.5,16.8,2.7,66.3,17.3,1.8,46.2,0.0,False,,WIN,22.0,18.0,,,,,,,,,,,,,,,,,,,,,,,,,,,,,,,,,,,,,,,,,,,,,,,,,,,,,,,,,,,,,,,,,,,,,,,,,,,,,,,
2026-03-25,Joel Embiid,PHI,PRA,OVER,32.5,37.0,5.1,66.2,46.6,14.1,39.2,-1.0,False,,WIN,48.0,34.5,,,,,,,,,,,,,,,,,,,,,,,,,,,,,,,,,,,,,,,,,,,,,,,,,,,,,,,,,,,,,,,,,,,,,,,,,,,,,,,
2026-03-25,Collin Sexton,CHI,PA,UNDER,21.0,19.3,-3.3,66.1,17.7,-3.3,46.2,1.5,False,,WIN,20.0,19.9,,,,,,,,,,,,,,,,,,,,,,,,,,,,,,,,,,,,,,,,,,,,,,,,,,,,,,,,,,,,,,,,,,,,,,,,,,,,,,,
2026-03-25,Daniel Gafford,DAL,PA,OVER,13.0,15.7,2.5,66.1,15.3,2.3,46.2,0.5,False,,DNP,,24.0,,,,,,,,,,,,,,,,,,,,,,,,,,,,,,,,,,,,,,,,,,,,,,,,,,,,,,,,,,,,,,,,,,,,,,,,,,,,,,,
2026-03-25,Daniel Gafford,DAL,PRA,OVER,21.0,24.5,3.3,66.1,24.4,3.4,46.2,-1.5,False,,DNP,,24.0,,,,,,,,,,,,,,,,,,,,,,,,,,,,,,,,,,,,,,,,,,,,,,,,,,,,,,,,,,,,,,,,,,,,,,,,,,,,,,,
2026-03-25,Ousmane Dieng,MIL,PA,UNDER,15.0,9.7,-2.5,66.1,12.9,-2.1,39.2,-0.5,False,,LOSS,20.0,28.7,,,,,,,,,,,,,,,,,,,,,,,,,,,,,,,,,,,,,,,,,,,,,,,,,,,,,,,,,,,,,,,,,,,,,,,,,,,,,,,
2026-03-25,Drake Powell,BKN,PRA,UNDER,12.5,9.3,-3.0,65.8,8.0,-4.5,46.2,1.0,False,,WIN,12.0,20.8,,,,,,,,,,,,,,,,,,,,,,,,,,,,,,,,,,,,,,,,,,,,,,,,,,,,,,,,,,,,,,,,,,,,,,,,,,,,,,,
2026-03-25,Pascal Siakam,IND,PTS,OVER,22.5,23.2,2.6,65.8,24.0,1.5,46.2,0.0,False,,LOSS,20.0,31.9,,,,,,,,,,,,,,,,,,,,,,,,,,,,,,,,,,,,,,,,,,,,,,,,,,,,,,,,,,,,,,,,,,,,,,,,,,,,,,,
2026-03-25,Ajay Mitchell,OKC,PA,OVER,17.0,15.5,2.6,65.8,17.9,0.9,46.2,0.0,False,,LOSS,10.0,26.4,,,,,,,,,,,,,,,,,,,,,,,,,,,,,,,,,,,,,,,,,,,,,,,,,,,,,,,,,,,,,,,,,,,,,,,,,,,,,,,
2026-03-25,Donovan Mitchell,CLE,PA,UNDER,39.5,33.9,-3.6,65.4,29.7,-9.8,46.2,2.5,False,,WIN,32.0,34.4,,,,,,,,,,,,,,,,,,,,,,,,,,,,,,,,,,,,,,,,,,,,,,,,,,,,,,,,,,,,,,,,,,,,,,,,,,,,,,,
2026-03-25,Donovan Clingan,POR,PTS,OVER,14.0,14.3,3.6,65.4,15.8,1.8,46.2,-2.5,False,,LOSS,14.0,26.4,,,,,,,,,,,,,,,,,,,,,,,,,,,,,,,,,,,,,,,,,,,,,,,,,,,,,,,,,,,,,,,,,,,,,,,,,,,,,,,
2026-03-25,Jamal Murray,DEN,PTS,OVER,20.5,24.4,3.8,65.3,21.9,1.4,46.2,-3.0,False,,WIN,53.0,35.2,,,,,,,,,,,,,,,,,,,,,,,,,,,,,,,,,,,,,,,,,,,,,,,,,,,,,,,,,,,,,,,,,,,,,,,,,,,,,,,
2026-03-25,Bobby Portis,MIL,PA,OVER,16.5,18.0,2.5,65.3,18.2,1.7,46.2,,False,,DNP,,26.3,,,,,,,,,,,,,,,,,,,,,,,,,,,,,,,,,,,,,,,,,,,,,,,,,,,,,,,,,,,,,,,,,,,,,,,,,,,,,,,
2026-03-25,Brandin Podziemski,GSW,AST,UNDER,5.5,3.8,-1.5,64.9,3.8,-1.7,31.3,0.0,False,,WIN,5.0,31.5,,,,,,,,,,,,,,,,,,,,,,,,,,,,,,,,,,,,,,,,,,,,,,,,,,,,,,,,,,,,,,,,,,,,,,,,,,,,,,,
2026-03-25,Derrick White,BOS,PTS,OVER,15.25,17.6,2.6,64.6,18.9,3.6,46.2,-0.75,False,,LOSS,12.0,33.2,,,,,,,,,,,,,,,,,,,,,,,,,,,,,,,,,,,,,,,,,,,,,,,,,,,,,,,,,,,,,,,,,,,,,,,,,,,,,,,
2026-03-25,Baylor Scheierman,BOS,PRA,OVER,13.0,13.1,2.3,64.3,16.0,3.0,46.2,,False,,WIN,17.0,25.5,,,,,,,,,,,,,,,,,,,,,,,,,,,,,,,,,,,,,,,,,,,,,,,,,,,,,,,,,,,,,,,,,,,,,,,,,,,,,,,
2026-03-25,Josh Giddey,CHI,PR,UNDER,28.0,27.8,-2.3,64.3,26.0,-2.0,46.2,0.0,False,,LOSS,32.0,33.3,,,,,,,,,,,,,,,,,,,,,,,,,,,,,,,,,,,,,,,,,,,,,,,,,,,,,,,,,,,,,,,,,,,,,,,,,,,,,,,
2026-03-25,Onyeka Okongwu,ATL,PRA,OVER,21.0,25.5,2.6,63.8,23.9,2.9,44.4,-1.0,False,,LOSS,14.0,28.5,,,,,,,,,,,,,,,,,,,,,,,,,,,,,,,,,,,,,,,,,,,,,,,,,,,,,,,,,,,,,,,,,,,,,,,,,,,,,,,
2026-03-25,Donovan Clingan,POR,PR,OVER,28.0,26.5,2.8,63.8,28.1,0.1,46.2,-1.5,False,,WIN,29.0,26.4,,,,,,,,,,,,,,,,,,,,,,,,,,,,,,,,,,,,,,,,,,,,,,,,,,,,,,,,,,,,,,,,,,,,,,,,,,,,,,,
2026-03-25,Bobby Portis,MIL,PRA,OVER,23.5,25.7,2.2,63.8,24.2,0.7,46.2,,False,,DNP,,26.3,,,,,,,,,,,,,,,,,,,,,,,,,,,,,,,,,,,,,,,,,,,,,,,,,,,,,,,,,,,,,,,,,,,,,,,,,,,,,,,
2026-03-25,Cam Spencer,MEM,PA,OVER,14.5,12.3,1.9,63.7,15.9,1.4,46.2,1.0,False,,LOSS,8.0,22.5,,,,,,,,,,,,,,,,,,,,,,,,,,,,,,,,,,,,,,,,,,,,,,,,,,,,,,,,,,,,,,,,,,,,,,,,,,,,,,,
2026-03-25,Cam Spencer,MEM,PRA,OVER,16.5,14.4,2.5,63.3,18.4,1.9,46.2,-1.0,False,,LOSS,10.0,22.5,,,,,,,,,,,,,,,,,,,,,,,,,,,,,,,,,,,,,,,,,,,,,,,,,,,,,,,,,,,,,,,,,,,,,,,,,,,,,,,
2026-03-25,Pascal Siakam,IND,PA,OVER,26.5,27.0,2.5,63.3,27.3,0.8,46.2,-1.0,False,,LOSS,21.0,31.9,,,,,,,,,,,,,,,,,,,,,,,,,,,,,,,,,,,,,,,,,,,,,,,,,,,,,,,,,,,,,,,,,,,,,,,,,,,,,,,
2026-03-25,Ryan Rollins,MIL,PA,UNDER,26.5,20.3,-1.7,63.3,24.2,-2.3,39.2,-1.5,False,,LOSS,40.0,33.1,,,,,,,,,,,,,,,,,,,,,,,,,,,,,,,,,,,,,,,,,,,,,,,,,,,,,,,,,,,,,,,,,,,,,,,,,,,,,,,
2026-03-25,Bruce Brown,DEN,PTS,OVER,6.5,8.7,2.1,63.2,8.2,1.7,46.2,0.0,False,,LOSS,6.0,22.1,,,,,,,,,,,,,,,,,,,,,,,,,,,,,,,,,,,,,,,,,,,,,,,,,,,,,,,,,,,,,,,,,,,,,,,,,,,,,,,
2026-03-25,Bennedict Mathurin,LAC,PTS,OVER,19.0,19.0,2.1,63.2,19.2,0.2,46.2,0.0,False,,WIN,23.0,29.8,,,,,,,,,,,,,,,,,,,,,,,,,,,,,,,,,,,,,,,,,,,,,,,,,,,,,,,,,,,,,,,,,,,,,,,,,,,,,,,
2026-03-25,Jamir Watkins,WAS,PR,UNDER,17.5,13.8,-3.3,63.1,13.1,-4.4,48.5,3.0,False,,WIN,14.0,23.2,,,,,,,,,,,,,,,,,,,,,,,,,,,,,,,,,,,,,,,,,,,,,,,,,,,,,,,,,,,,,,,,,,,,,,,,,,,,,,,
2026-03-25,Bruce Brown,DEN,PR,OVER,10.0,12.7,2.2,62.8,10.9,0.9,46.2,-0.5,False,,LOSS,8.0,22.1,,,,,,,,,,,,,,,,,,,,,,,,,,,,,,,,,,,,,,,,,,,,,,,,,,,,,,,,,,,,,,,,,,,,,,,,,,,,,,,
2026-03-25,Ousmane Dieng,MIL,PR,UNDER,16.0,10.8,-2.2,62.8,13.8,-2.2,39.2,0.5,False,,LOSS,20.0,28.7,,,,,,,,,,,,,,,,,,,,,,,,,,,,,,,,,,,,,,,,,,,,,,,,,,,,,,,,,,,,,,,,,,,,,,,,,,,,,,,
2026-03-25,Dyson Daniels,ATL,PRA,OVER,23.0,25.8,2.2,62.8,26.5,3.5,46.2,-0.5,False,,WIN,33.0,31.0,,,,,,,,,,,,,,,,,,,,,,,,,,,,,,,,,,,,,,,,,,,,,,,,,,,,,,,,,,,,,,,,,,,,,,,,,,,,,,,
2026-03-25,Derrick White,BOS,PR,OVER,20.5,22.3,2.0,62.7,23.5,3.0,46.2,0.0,False,,LOSS,14.0,33.2,,,,,,,,,,,,,,,,,,,,,,,,,,,,,,,,,,,,,,,,,,,,,,,,,,,,,,,,,,,,,,,,,,,,,,,,,,,,,,,
2026-03-25,Christian Braun,DEN,PTS,OVER,11.25,14.6,2.1,62.5,14.2,2.9,46.2,-0.25,False,,LOSS,11.0,33.2,,,,,,,,,,,,,,,,,,,,,,,,,,,,,,,,,,,,,,,,,,,,,,,,,,,,,,,,,,,,,,,,,,,,,,,,,,,,,,,
2026-03-25,Ben Sheppard,IND,PTS,UNDER,9.5,6.2,-1.9,62.2,7.1,-2.4,46.2,,False,,LOSS,13.0,19.9,,,,,,,,,,,,,,,,,,,,,,,,,,,,,,,,,,,,,,,,,,,,,,,,,,,,,,,,,,,,,,,,,,,,,,,,,,,,,,,
2026-03-25,Andrew Wiggins,MIA,PRA,OVER,19.0,23.6,2.1,62.2,25.8,6.8,46.2,-0.5,False,,LOSS,17.0,26.9,,,,,,,,,,,,,,,,,,,,,,,,,,,,,,,,,,,,,,,,,,,,,,,,,,,,,,,,,,,,,,,,,,,,,,,,,,,,,,,
2026-03-25,Klay Thompson,DAL,PR,OVER,13.5,16.2,1.9,62.2,14.8,1.3,46.2,,False,,LOSS,8.0,21.5,,,,,,,,,,,,,,,,,,,,,,,,,,,,,,,,,,,,,,,,,,,,,,,,,,,,,,,,,,,,,,,,,,,,,,,,,,,,,,,
2026-03-25,Ziaire Williams,BKN,PRA,OVER,15.5,17.3,2.2,61.8,16.6,1.1,46.2,-1.0,False,,WIN,22.0,24.2,,,,,,,,,,,,,,,,,,,,,,,,,,,,,,,,,,,,,,,,,,,,,,,,,,,,,,,,,,,,,,,,,,,,,,,,,,,,,,,
2026-03-25,Isaiah Hartenstein,OKC,PA,OVER,10.0,13.3,2.0,61.7,11.3,1.3,46.2,-0.5,False,,LOSS,8.0,22.2,,,,,,,,,,,,,,,,,,,,,,,,,,,,,,,,,,,,,,,,,,,,,,,,,,,,,,,,,,,,,,,,,,,,,,,,,,,,,,,
2026-03-25,Cason Wallace,OKC,PRA,OVER,10.5,14.1,2.0,61.7,13.0,2.5,48.5,-0.5,False,,WIN,11.0,23.8,,,,,,,,,,,,,,,,,,,,,,,,,,,,,,,,,,,,,,,,,,,,,,,,,,,,,,,,,,,,,,,,,,,,,,,,,,,,,,,
2026-03-25,Brandon Ingram,TOR,PRA,OVER,29.5,32.1,1.8,61.6,29.8,0.3,46.2,0.0,False,,LOSS,28.0,34.2,,,,,,,,,,,,,,,,,,,,,,,,,,,,,,,,,,,,,,,,,,,,,,,,,,,,,,,,,,,,,,,,,,,,,,,,,,,,,,,
2026-03-25,Bobby Portis,MIL,PTS,OVER,15.5,15.9,1.5,61.4,16.5,1.0,46.2,1.0,False,,DNP,,26.3,,,,,,,,,,,,,,,,,,,,,,,,,,,,,,,,,,,,,,,,,,,,,,,,,,,,,,,,,,,,,,,,,,,,,,,,,,,,,,,
2026-03-25,Isaiah Hartenstein,OKC,PR,OVER,14.5,17.7,1.7,61.0,15.2,0.7,46.2,0.0,False,,LOSS,11.0,22.2,,,,,,,,,,,,,,,,,,,,,,,,,,,,,,,,,,,,,,,,,,,,,,,,,,,,,,,,,,,,,,,,,,,,,,,,,,,,,,,
2026-03-25,Reed Sheppard,HOU,PTS,OVER,14.0,12.0,1.7,61.0,15.7,1.7,46.2,0.0,False,,LOSS,10.0,31.6,,,,,,,,,,,,,,,,,,,,,,,,,,,,,,,,,,,,,,,,,,,,,,,,,,,,,,,,,,,,,,,,,,,,,,,,,,,,,,,
2026-03-25,Dyson Daniels,ATL,PTS,OVER,10.5,13.5,2.4,60.8,14.1,3.6,46.2,-2.0,False,,WIN,16.0,31.0,,,,,,,,,,,,,,,,,,,,,,,,,,,,,,,,,,,,,,,,,,,,,,,,,,,,,,,,,,,,,,,,,,,,,,,,,,,,,,,
2026-03-25,P.J. Washington,DAL,PRA,OVER,22.5,26.1,2.8,60.8,23.0,0.5,46.2,-3.0,False,,WIN,35.0,32.3,,,,,,,,,,,,,,,,,,,,,,,,,,,,,,,,,,,,,,,,,,,,,,,,,,,,,,,,,,,,,,,,,,,,,,,,,,,,,,,
2026-03-25,Shai Gilgeous-Alexander,OKC,PA,OVER,38.0,40.3,2.2,60.8,38.5,0.5,46.2,-1.5,False,,WIN,41.0,34.1,,,,,,,,,,,,,,,,,,,,,,,,,,,,,,,,,,,,,,,,,,,,,,,,,,,,,,,,,,,,,,,,,,,,,,,,,,,,,,,
2026-03-25,CJ McCollum,ATL,PA,OVER,22.0,24.8,2.0,60.7,22.9,0.9,46.2,-1.0,False,,WIN,32.0,29.4,,,,,,,,,,,,,,,,,,,,,,,,,,,,,,,,,,,,,,,,,,,,,,,,,,,,,,,,,,,,,,,,,,,,,,,,,,,,,,,
2026-03-25,Jay Huff,IND,PTS,OVER,10.5,9.0,1.6,60.5,12.0,1.5,46.2,0.0,False,,WIN,18.0,21.6,,,,,,,,,,,,,,,,,,,,,,,,,,,,,,,,,,,,,,,,,,,,,,,,,,,,,,,,,,,,,,,,,,,,,,,,,,,,,,,
2026-03-25,Klay Thompson,DAL,PA,OVER,13.5,15.7,1.6,60.5,15.0,1.5,46.2,,False,,LOSS,8.0,21.5,,,,,,,,,,,,,,,,,,,,,,,,,,,,,,,,,,,,,,,,,,,,,,,,,,,,,,,,,,,,,,,,,,,,,,,,,,,,,,,
2026-03-25,Jay Huff,IND,PR,OVER,14.5,12.0,1.6,60.5,15.6,1.1,46.2,0.0,False,,WIN,24.0,21.6,,,,,,,,,,,,,,,,,,,,,,,,,,,,,,,,,,,,,,,,,,,,,,,,,,,,,,,,,,,,,,,,,,,,,,,,,,,,,,,
2026-03-25,Deandre Ayton,LAL,PR,UNDER,22.5,22.5,-1.6,60.5,18.3,-4.2,46.2,0.0,False,,WIN,16.0,28.4,,,,,,,,,,,,,,,,,,,,,,,,,,,,,,,,,,,,,,,,,,,,,,,,,,,,,,,,,,,,,,,,,,,,,,,,,,,,,,,
2026-03-25,Jayson Tatum,BOS,PRA,UNDER,34.0,36.0,-1.8,60.1,33.6,-0.4,46.2,0.75,False,,LOSS,38.0,32.8,,,,,,,,,,,,,,,,,,,,,,,,,,,,,,,,,,,,,,,,,,,,,,,,,,,,,,,,,,,,,,,,,,,,,,,,,,,,,,,
2026-03-25,Duncan Robinson,DET,PRA,OVER,16.5,17.2,1.7,60.0,16.6,0.1,46.2,-0.5,False,,WIN,28.0,25.6,,,,,,,,,,,,,,,,,,,,,,,,,,,,,,,,,,,,,,,,,,,,,,,,,,,,,,,,,,,,,,,,,,,,,,,,,,,,,,,
2026-03-25,Dominick Barlow,PHI,PRA,OVER,13.0,12.7,1.7,60.0,14.3,1.3,46.2,-0.5,False,,WIN,19.0,22.3,,,,,,,,,,,,,,,,,,,,,,,,,,,,,,,,,,,,,,,,,,,,,,,,,,,,,,,,,,,,,,,,,,,,,,,,,,,,,,,
2026-03-25,Ziaire Williams,BKN,PA,OVER,13.5,14.1,1.5,59.9,14.5,1.0,46.2,0.0,False,,WIN,21.0,24.2,,,,,,,,,,,,,,,,,,,,,,,,,,,,,,,,,,,,,,,,,,,,,,,,,,,,,,,,,,,,,,,,,,,,,,,,,,,,,,,
2026-03-25,Stephon Castle,SAS,PTS,UNDER,18.5,17.6,-1.5,59.9,15.7,-2.8,46.2,0.0,False,,WIN,15.0,27.6,,,,,,,,,,,,,,,,,,,,,,,,,,,,,,,,,,,,,,,,,,,,,,,,,,,,,,,,,,,,,,,,,,,,,,,,,,,,,,,
2026-03-25,Dyson Daniels,ATL,PR,OVER,18.0,20.3,1.6,59.5,21.2,3.2,46.2,-0.5,False,,WIN,29.0,31.0,,,,,,,,,,,,,,,,,,,,,,,,,,,,,,,,,,,,,,,,,,,,,,,,,,,,,,,,,,,,,,,,,,,,,,,,,,,,,,,
2026-03-25,Brandon Ingram,TOR,PR,OVER,25.5,27.9,2.1,59.2,26.4,0.9,46.2,-2.0,False,,LOSS,24.0,34.2,,,,,,,,,,,,,,,,,,,,,,,,,,,,,,,,,,,,,,,,,,,,,,,,,,,,,,,,,,,,,,,,,,,,,,,,,,,,,,,
2026-03-25,Amen Thompson,HOU,PA,OVER,23.0,23.1,1.9,59.2,26.5,3.5,46.2,-1.5,False,,LOSS,21.0,37.2,,,,,,,,,,,,,,,,,,,,,,,,,,,,,,,,,,,,,,,,,,,,,,,,,,,,,,,,,,,,,,,,,,,,,,,,,,,,,,,
2026-03-25,Onyeka Okongwu,ATL,PTS,OVER,11.5,14.1,1.7,59.0,13.0,1.5,44.4,-1.0,False,,LOSS,11.0,28.5,,,,,,,,,,,,,,,,,,,,,,,,,,,,,,,,,,,,,,,,,,,,,,,,,,,,,,,,,,,,,,,,,,,,,,,,,,,,,,,
2026-03-25,Max Christie,DAL,PR,UNDER,17.0,14.7,-2.2,58.8,11.7,-5.3,46.2,2.5,False,,WIN,10.0,26.9,,,,,,,,,,,,,,,,,,,,,,,,,,,,,,,,,,,,,,,,,,,,,,,,,,,,,,,,,,,,,,,,,,,,,,,,,,,,,,,
2026-03-25,Quentin Grimes,PHI,PTS,OVER,15.0,20.5,2.4,58.8,19.6,4.6,46.2,-3.0,False,,LOSS,13.0,32.9,,,,,,,,,,,,,,,,,,,,,,,,,,,,,,,,,,,,,,,,,,,,,,,,,,,,,,,,,,,,,,,,,,,,,,,,,,,,,,,
2026-03-25,Tre Jones,CHI,PTS,OVER,13.5,14.7,2.8,58.8,16.5,3.0,39.2,0.0,False,,WIN,15.0,28.8,,,,,,,,,,,,,,,,,,,,,,,,,,,,,,,,,,,,,,,,,,,,,,,,,,,,,,,,,,,,,,,,,,,,,,,,,,,,,,,
2026-03-25,Kristaps Porziņģis,GSW,PRA,UNDER,27.0,26.7,-1.8,58.6,19.0,-8.0,46.2,1.5,False,,WIN,24.0,20.6,,,,,,,,,,,,,,,,,,,,,,,,,,,,,,,,,,,,,,,,,,,,,,,,,,,,,,,,,,,,,,,,,,,,,,,,,,,,,,,
2026-03-25,Brandon Ingram,TOR,PTS,OVER,20.5,22.6,1.9,58.2,21.8,1.3,46.2,-2.0,False,,LOSS,18.0,34.2,,,,,,,,,,,,,,,,,,,,,,,,,,,,,,,,,,,,,,,,,,,,,,,,,,,,,,,,,,,,,,,,,,,,,,,,,,,,,,,
2026-03-25,Klay Thompson,DAL,PTS,OVER,12.0,13.9,1.5,57.9,13.6,1.6,46.2,-1.0,False,,LOSS,8.0,21.5,,,,,,,,,,,,,,,,,,,,,,,,,,,,,,,,,,,,,,,,,,,,,,,,,,,,,,,,,,,,,,,,,,,,,,,,,,,,,,,
2026-03-25,Scoot Henderson,POR,PTS,OVER,13.5,14.4,1.5,57.9,14.2,0.7,46.2,-1.0,False,,WIN,23.0,25.2,,,,,,,,,,,,,,,,,,,,,,,,,,,,,,,,,,,,,,,,,,,,,,,,,,,,,,,,,,,,,,,,,,,,,,,,,,,,,,,
2026-03-25,P.J. Washington,DAL,PTS,OVER,14.5,16.4,1.5,56.9,14.6,0.1,46.2,-1.5,False,,WIN,19.0,32.3,,,,,,,,,,,,,,,,,,,,,,,,,,,,,,,,,,,,,,,,,,,,,,,,,,,,,,,,,,,,,,,,,,,,,,,,,,,,,,,
2026-03-25,Olivier-Maxence Prosper,MEM,PRA,OVER,17.5,15.6,1.6,56.5,19.4,1.9,46.2,-2.0,False,,WIN,22.0,26.8,,,,,,,,,,,,,,,,,,,,,,,,,,,,,,,,,,,,,,,,,,,,,,,,,,,,,,,,,,,,,,,,,,,,,,,,,,,,,,,
2026-03-25,Cam Spencer,MEM,PTS,OVER,10.0,8.7,1.5,55.9,11.2,1.2,46.2,-2.0,False,,LOSS,1.0,22.5,,,,,,,,,,,,,,,,,,,,,,,,,,,,,,,,,,,,,,,,,,,,,,,,,,,,,,,,,,,,,,,,,,,,,,,,,,,,,,,
2026-03-25,Joel Embiid,PHI,PTS,OVER,23.5,24.7,1.8,55.8,32.5,9.0,39.2,1.5,False,,WIN,35.0,34.5,,,,,,,,,,,,,,,,,,,,,,,,,,,,,,,,,,,,,,,,,,,,,,,,,,,,,,,,,,,,,,,,,,,,,,,,,,,,,,,
2026-03-25,Brandon Ingram,TOR,PA,OVER,24.5,26.8,1.6,55.5,25.2,0.7,46.2,-2.5,False,,LOSS,22.0,34.2,,,,,,,,,,,,,,,,,,,,,,,,,,,,,,,,,,,,,,,,,,,,,,,,,,,,,,,,,,,,,,,,,,,,,,,,,,,,,,,
2026-03-25,Onyeka Okongwu,ATL,PR,UNDER,22.0,22.6,-1.6,55.5,20.5,-1.5,44.4,2.5,False,,WIN,12.0,28.5,,,,,,,,,,,,,,,,,,,,,,,,,,,,,,,,,,,,,,,,,,,,,,,,,,,,,,,,,,,,,,,,,,,,,,,,,,,,,,,
2026-03-25,Joel Embiid,PHI,PA,OVER,28.0,29.3,2.0,55.1,37.9,9.9,39.2,0.25,False,,WIN,42.0,34.5,,,,,,,,,,,,,,,,,,,,,,,,,,,,,,,,,,,,,,,,,,,,,,,,,,,,,,,,,,,,,,,,,,,,,,,,,,,,,,,
2026-03-25,Tre Jones,CHI,PR,OVER,18.0,17.9,1.6,54.7,19.7,1.7,39.2,1.5,False,,WIN,19.0,28.8,,,,,,,,,,,,,,,,,,,,,,,,,,,,,,,,,,,,,,,,,,,,,,,,,,,,,,,,,,,,,,,,,,,,,,,,,,,,,,,
2026-03-25,Amen Thompson,HOU,PTS,OVER,17.5,17.9,2.0,54.7,21.2,3.7,46.2,-4.0,False,,LOSS,11.0,37.2,,,,,,,,,,,,,,,,,,,,,,,,,,,,,,,,,,,,,,,,,,,,,,,,,,,,,,,,,,,,,,,,,,,,,,,,,,,,,,,
2026-03-25,Aaron Holiday,HOU,PR,UNDER,9.5,7.5,-1.5,53.9,5.9,-3.6,46.2,3.0,False,,WIN,5.0,13.6,,,,,,,,,,,,,,,,,,,,,,,,,,,,,,,,,,,,,,,,,,,,,,,,,,,,,,,,,,,,,,,,,,,,,,,,,,,,,,,
2026-03-25,Quentin Grimes,PHI,PA,OVER,19.5,24.6,1.5,52.9,22.6,3.1,46.2,-3.5,False,,LOSS,18.0,32.9,,,,,,,,,,,,,,,,,,,,,,,,,,,,,,,,,,,,,,,,,,,,,,,,,,,,,,,,,,,,,,,,,,,,,,,,,,,,,,,
2026-03-25,Tari Eason,HOU,TRB,OVER,4.75,6.6,1.9,52.9,6.3,1.5,36.9,-0.75,False,,DNP,,25.8,,,,,,,,,,,,,,,,,,,,,,,,,,,,,,,,,,,,,,,,,,,,,,,,,,,,,,,,,,,,,,,,,,,,,,,,,,,,,,,
2026-03-25,Quentin Grimes,PHI,PRA,OVER,23.5,29.0,1.6,52.5,26.8,3.3,46.2,-4.0,False,,WIN,24.0,32.9,,,,,,,,,,,,,,,,,,,,,,,,,,,,,,,,,,,,,,,,,,,,,,,,,,,,,,,,,,,,,,,,,,,,,,,,,,,,,,,
2026-03-27,Darius Garland,LAC,PA,OVER,26.5,32.9,9.3,86.9,28.3,1.8,46.2,,False,,WIN,35.0,30.6,,,,,,,,,,,,,,,,,,,,,,,,,,,,,,,,,,,,,,,,,,,,,,,,,,,,,,,,,,,,,,,,,,,,,,,,,,,,,,,
2026-03-27,Darius Garland,LAC,PRA,OVER,29.5,35.6,9.3,86.9,30.7,1.2,46.2,,False,,WIN,35.0,30.6,,,,,,,,,,,,,,,,,,,,,,,,,,,,,,,,,,,,,,,,,,,,,,,,,,,,,,,,,,,,,,,,,,,,,,,,,,,,,,,
2026-03-27,Jonathan Kuminga,ATL,PR,OVER,12.5,19.5,9.0,86.3,18.2,5.7,46.2,,False,,LOSS,5.0,20.1,,,,,,,,,,,,,,,,,,,,,,,,,,,,,,,,,,,,,,,,,,,,,,,,,,,,,,,,,,,,,,,,,,,,,,,,,,,,,,,
2026-03-27,Tyler Herro,MIA,PRA,OVER,28.0,34.0,8.1,84.5,32.8,4.8,46.2,,False,,LOSS,19.0,33.2,,,,,,,,,,,,,,,,,,,,,,,,,,,,,,,,,,,,,,,,,,,,,,,,,,,,,,,,,,,,,,,,,,,,,,,,,,,,,,,
2026-03-27,Nikola Jokić,DEN,PR,UNDER,44.5,38.0,-7.8,83.8,37.5,-7.0,46.2,,False,,LOSS,48.0,35.8,,,,,,,,,,,,,,,,,,,,,,,,,,,,,,,,,,,,,,,,,,,,,,,,,,,,,,,,,,,,,,,,,,,,,,,,,,,,,,,
2026-03-27,Darius Garland,LAC,PR,OVER,22.5,27.6,7.7,83.6,23.7,1.2,46.2,,False,,WIN,30.0,30.6,,,,,,,,,,,,,,,,,,,,,,,,,,,,,,,,,,,,,,,,,,,,,,,,,,,,,,,,,,,,,,,,,,,,,,,,,,,,,,,
2026-03-27,Darius Garland,LAC,PTS,OVER,19.5,24.9,7.7,83.6,21.3,1.8,46.2,,False,,WIN,30.0,30.6,,,,,,,,,,,,,,,,,,,,,,,,,,,,,,,,,,,,,,,,,,,,,,,,,,,,,,,,,,,,,,,,,,,,,,,,,,,,,,,
2026-03-27,Evan Mobley,CLE,PTS,OVER,17.5,22.9,7.6,83.3,21.0,3.5,46.2,,False,,WIN,23.0,32.2,,,,,,,,,,,,,,,,,,,,,,,,,,,,,,,,,,,,,,,,,,,,,,,,,,,,,,,,,,,,,,,,,,,,,,,,,,,,,,,
2026-03-27,Isaiah Joe,OKC,PRA,OVER,11.5,18.3,7.6,83.3,16.2,4.7,46.2,,False,,WIN,19.0,25.1,,,,,,,,,,,,,,,,,,,,,,,,,,,,,,,,,,,,,,,,,,,,,,,,,,,,,,,,,,,,,,,,,,,,,,,,,,,,,,,
2026-03-27,Tyler Herro,MIA,PR,OVER,24.0,29.4,7.4,82.9,28.0,4.0,46.2,,False,,LOSS,14.0,33.2,,,,,,,,,,,,,,,,,,,,,,,,,,,,,,,,,,,,,,,,,,,,,,,,,,,,,,,,,,,,,,,,,,,,,,,,,,,,,,,
2026-03-27,Evan Mobley,CLE,PRA,OVER,31.5,36.1,7.3,82.6,33.8,2.3,46.2,,False,,WIN,36.0,32.2,,,,,,,,,,,,,,,,,,,,,,,,,,,,,,,,,,,,,,,,,,,,,,,,,,,,,,,,,,,,,,,,,,,,,,,,,,,,,,,
2026-03-27,Tyler Herro,MIA,PA,OVER,23.5,28.8,7.2,82.4,27.2,3.7,46.2,,False,,LOSS,16.0,33.2,,,,,,,,,,,,,,,,,,,,,,,,,,,,,,,,,,,,,,,,,,,,,,,,,,,,,,,,,,,,,,,,,,,,,,,,,,,,,,,
2026-03-27,Evan Mobley,CLE,PR,OVER,28.5,33.0,7.0,81.9,31.2,2.7,46.2,,False,,WIN,33.0,32.2,,,,,,,,,,,,,,,,,,,,,,,,,,,,,,,,,,,,,,,,,,,,,,,,,,,,,,,,,,,,,,,,,,,,,,,,,,,,,,,
2026-03-27,James Harden,CLE,PTS,OVER,21.5,25.8,6.6,80.8,22.3,0.8,46.2,,False,,LOSS,17.0,35.2,,,,,,,,,,,,,,,,,,,,,,,,,,,,,,,,,,,,,,,,,,,,,,,,,,,,,,,,,,,,,,,,,,,,,,,,,,,,,,,
2026-03-27,Tyler Herro,MIA,PTS,OVER,19.5,24.2,6.5,80.5,22.4,2.9,46.2,,False,,LOSS,11.0,33.2,,,,,,,,,,,,,,,,,,,,,,,,,,,,,,,,,,,,,,,,,,,,,,,,,,,,,,,,,,,,,,,,,,,,,,,,,,,,,,,
2026-03-27,Cameron Johnson,DEN,PRA,OVER,17.0,21.1,6.2,79.7,19.1,2.1,46.2,,False,,LOSS,16.0,30.8,,,,,,,,,,,,,,,,,,,,,,,,,,,,,,,,,,,,,,,,,,,,,,,,,,,,,,,,,,,,,,,,,,,,,,,,,,,,,,,
2026-03-27,Jeremiah Fears,NOP,PRA,UNDER,24.0,18.3,-6.2,79.7,15.8,-8.2,46.2,,False,,WIN,17.0,20.0,,,,,,,,,,,,,,,,,,,,,,,,,,,,,,,,,,,,,,,,,,,,,,,,,,,,,,,,,,,,,,,,,,,,,,,,,,,,,,,
2026-03-27,Cameron Johnson,DEN,PA,OVER,12.5,16.7,6.1,79.4,15.5,3.0,46.2,,False,,LOSS,12.0,30.8,,,,,,,,,,,,,,,,,,,,,,,,,,,,,,,,,,,,,,,,,,,,,,,,,,,,,,,,,,,,,,,,,,,,,,,,,,,,,,,
2026-03-27,Chet Holmgren,OKC,PRA,OVER,25.0,32.2,9.5,79.2,28.1,3.1,39.2,,False,,DNP,,30.3,,,,,2026-04-01 11:16:38,,,,,,,,,,,,,,,,,,,,,,,,,,,,,,,,,,,,,,,,,,,,,,,,,,,,,,,,,,,,,,,,,,,,,,,,,,
2026-03-27,Gui Santos,GSW,PRA,UNDER,25.5,21.8,-6.0,79.1,25.3,-0.2,46.2,,False,,LOSS,35.0,31.7,,,,,,,,,,,,,,,,,,,,,,,,,,,,,,,,,,,,,,,,,,,,,,,,,,,,,,,,,,,,,,,,,,,,,,,,,,,,,,,
2026-03-27,Ajay Mitchell,OKC,PRA,OVER,17.5,22.6,5.9,78.8,21.9,4.4,46.2,,False,,WIN,23.0,26.4,,,,,,,,,,,,,,,,,,,,,,,,,,,,,,,,,,,,,,,,,,,,,,,,,,,,,,,,,,,,,,,,,,,,,,,,,,,,,,,
2026-03-27,Jayson Tatum,BOS,PRA,UNDER,38.0,33.6,-5.8,78.5,33.6,-4.4,46.2,,False,,LOSS,43.0,32.8,,,,,,,,,,,,,,,,,,,,,,,,,,,,,,,,,,,,,,,,,,,,,,,,,,,,,,,,,,,,,,,,,,,,,,,,,,,,,,,
2026-03-27,James Harden,CLE,PRA,OVER,35.5,38.9,5.8,78.5,35.8,0.3,46.2,,False,,WIN,36.0,35.2,,,,,,,,,,,,,,,,,,,,,,,,,,,,,,,,,,,,,,,,,,,,,,,,,,,,,,,,,,,,,,,,,,,,,,,,,,,,,,,
2026-03-27,Kawhi Leonard,LAC,PRA,OVER,37.5,41.9,5.6,77.8,39.8,2.3,46.2,,False,,WIN,40.0,31.8,,,,,,,,,,,,,,,,,,,,,,,,,,,,,,,,,,,,,,,,,,,,,,,,,,,,,,,,,,,,,,,,,,,,,,,,,,,,,,,
2026-03-27,Evan Mobley,CLE,PA,OVER,23.0,26.0,5.4,77.2,23.6,0.6,46.2,,False,,WIN,26.0,32.2,,,,,,,,,,,,,,,,,,,,,,,,,,,,,,,,,,,,,,,,,,,,,,,,,,,,,,,,,,,,,,,,,,,,,,,,,,,,,,,
2026-03-27,Gui Santos,GSW,PR,UNDER,21.5,18.1,-5.4,77.2,20.7,-0.8,46.2,,False,,LOSS,31.0,31.7,,,,,,,,,,,,,,,,,,,,,,,,,,,,,,,,,,,,,,,,,,,,,,,,,,,,,,,,,,,,,,,,,,,,,,,,,,,,,,,
2026-03-27,John Collins,LAC,PRA,OVER,18.5,23.2,5.3,76.9,21.8,3.3,46.2,,False,,LOSS,12.0,26.8,,,,,,,,,,,,,,,,,,,,,,,,,,,,,,,,,,,,,,,,,,,,,,,,,,,,,,,,,,,,,,,,,,,,,,,,,,,,,,,
2026-03-27,Gui Santos,GSW,PA,UNDER,20.0,16.6,-5.2,76.5,19.7,-0.3,46.2,,False,,LOSS,31.0,31.7,,,,,,,,,,,,,,,,,,,,,,,,,,,,,,,,,,,,,,,,,,,,,,,,,,,,,,,,,,,,,,,,,,,,,,,,,,,,,,,
2026-03-27,De'Anthony Melton,GSW,PA,UNDER,22.5,17.6,-5.1,76.2,19.4,-3.1,52.9,,False,,DNP,,25.4,,,,,2026-04-01 11:16:38,,,,,,,,,,,,,,,,,,,,,,,,,,,,,,,,,,,,,,,,,,,,,,,,,,,,,,,,,,,,,,,,,,,,,,,,,,
2026-03-27,Jayson Tatum,BOS,PA,UNDER,28.5,25.2,-4.9,75.5,25.3,-3.2,46.2,,False,,LOSS,31.0,32.8,,,,,,,,,,,,,,,,,,,,,,,,,,,,,,,,,,,,,,,,,,,,,,,,,,,,,,,,,,,,,,,,,,,,,,,,,,,,,,,
2026-03-27,Kawhi Leonard,LAC,PTS,OVER,27.5,31.3,4.9,75.5,30.2,2.7,46.2,,False,,WIN,28.0,31.8,,,,,,,,,,,,,,,,,,,,,,,,,,,,,,,,,,,,,,,,,,,,,,,,,,,,,,,,,,,,,,,,,,,,,,,,,,,,,,,
2026-03-27,Cameron Johnson,DEN,PR,OVER,15.5,18.5,4.8,75.1,16.5,1.0,46.2,,False,,WIN,16.0,30.8,,,,,,,,,,,,,,,,,,,,,,,,,,,,,,,,,,,,,,,,,,,,,,,,,,,,,,,,,,,,,,,,,,,,,,,,,,,,,,,
2026-03-27,John Collins,LAC,PR,OVER,17.5,21.7,4.8,75.1,20.4,2.9,46.2,,False,,LOSS,11.0,26.8,,,,,,,,,,,,,,,,,,,,,,,,,,,,,,,,,,,,,,,,,,,,,,,,,,,,,,,,,,,,,,,,,,,,,,,,,,,,,,,
2026-03-27,Jarrett Allen,CLE,PRA,OVER,22.5,27.8,4.8,75.1,33.5,11.0,46.2,,False,,WIN,28.0,30.5,,,,,,,,,,,,,,,,,,,,,,,,,,,,,,,,,,,,,,,,,,,,,,,,,,,,,,,,,,,,,,,,,,,,,,,,,,,,,,,
2026-03-27,Bilal Coulibaly,WAS,PRA,OVER,18.5,22.6,4.8,75.1,23.5,5.0,46.2,,False,,WIN,29.0,30.1,,,,,,,,,,,,,,,,,,,,,,,,,,,,,,,,,,,,,,,,,,,,,,,,,,,,,,,,,,,,,,,,,,,,,,,,,,,,,,,
2026-03-27,De'Anthony Melton,GSW,PRA,UNDER,25.5,21.1,-4.6,74.4,23.0,-2.5,52.9,,False,,DNP,,25.4,,,,,2026-04-01 11:16:38,,,,,,,,,,,,,,,,,,,,,,,,,,,,,,,,,,,,,,,,,,,,,,,,,,,,,,,,,,,,,,,,,,,,,,,,,,
2026-03-27,John Collins,LAC,PTS,OVER,11.5,15.5,4.5,74.1,13.9,2.4,46.2,,False,,LOSS,5.0,26.8,,,,,,,,,,,,,,,,,,,,,,,,,,,,,,,,,,,,,,,,,,,,,,,,,,,,,,,,,,,,,,,,,,,,,,,,,,,,,,,
2026-03-27,Shai Gilgeous-Alexander,OKC,PRA,OVER,40.5,44.5,4.5,74.1,42.9,2.4,46.2,,False,,LOSS,32.0,34.1,,,,,,,,,,,,,,,,,,,,,,,,,,,,,,,,,,,,,,,,,,,,,,,,,,,,,,,,,,,,,,,,,,,,,,,,,,,,,,,
2026-03-27,Cedric Coward,MEM,PRA,OVER,18.5,22.3,4.4,73.7,18.8,0.3,46.2,,False,,LOSS,16.0,24.5,,,,,,,,,,,,,,,,,,,,,,,,,,,,,,,,,,,,,,,,,,,,,,,,,,,,,,,,,,,,,,,,,,,,,,,,,,,,,,,
2026-03-27,Josh Giddey,CHI,PRA,OVER,32.0,34.8,4.4,73.7,37.5,5.5,46.2,,False,,LOSS,23.0,33.3,,,,,,,,,,,,,,,,,,,,,,,,,,,,,,,,,,,,,,,,,,,,,,,,,,,,,,,,,,,,,,,,,,,,,,,,,,,,,,,
2026-03-27,Jeremiah Fears,NOP,PTS,UNDER,16.0,11.7,-4.3,73.3,10.3,-5.7,46.2,,False,,WIN,10.0,20.0,,,,,,,,,,,,,,,,,,,,,,,,,,,,,,,,,,,,,,,,,,,,,,,,,,,,,,,,,,,,,,,,,,,,,,,,,,,,,,,
2026-03-27,Cameron Johnson,DEN,PTS,OVER,11.5,14.1,4.2,72.9,12.9,1.4,46.2,,False,,WIN,12.0,30.8,,,,,,,,,,,,,,,,,,,,,,,,,,,,,,,,,,,,,,,,,,,,,,,,,,,,,,,,,,,,,,,,,,,,,,,,,,,,,,,
2026-03-27,CJ McCollum,ATL,PTS,OVER,15.5,19.4,4.2,72.9,18.4,2.9,46.2,,False,,WIN,21.0,29.4,,,,,,,,,,,,,,,,,,,,,,,,,,,,,,,,,,,,,,,,,,,,,,,,,,,,,,,,,,,,,,,,,,,,,,,,,,,,,,,
2026-03-27,Ajay Mitchell,OKC,PR,OVER,15.5,19.0,4.2,72.9,18.2,2.7,46.2,,False,,WIN,18.0,26.4,,,,,,,,,,,,,,,,,,,,,,,,,,,,,,,,,,,,,,,,,,,,,,,,,,,,,,,,,,,,,,,,,,,,,,,,,,,,,,,
2026-03-27,Gui Santos,GSW,PTS,UNDER,15.5,12.9,-4.1,72.5,15.1,-0.4,46.2,,False,,LOSS,27.0,31.7,,,,,,,,,,,,,,,,,,,,,,,,,,,,,,,,,,,,,,,,,,,,,,,,,,,,,,,,,,,,,,,,,,,,,,,,,,,,,,,
2026-03-27,Onyeka Okongwu,ATL,PRA,OVER,19.5,23.4,4.1,72.5,23.9,4.4,44.4,,False,,LOSS,19.0,28.5,,,,,,,,,,,,,,,,,,,,,,,,,,,,,,,,,,,,,,,,,,,,,,,,,,,,,,,,,,,,,,,,,,,,,,,,,,,,,,,
2026-03-27,Jayson Tatum,BOS,PR,UNDER,32.5,29.2,-4.1,72.5,29.1,-3.4,46.2,,False,,LOSS,38.0,32.8,,,,,,,,,,,,,,,,,,,,,,,,,,,,,,,,,,,,,,,,,,,,,,,,,,,,,,,,,,,,,,,,,,,,,,,,,,,,,,,
2026-03-27,John Collins,LAC,PA,OVER,13.5,17.0,4.0,72.1,15.3,1.8,46.2,,False,,LOSS,6.0,26.8,,,,,,,,,,,,,,,,,,,,,,,,,,,,,,,,,,,,,,,,,,,,,,,,,,,,,,,,,,,,,,,,,,,,,,,,,,,,,,,
2026-03-27,Drake Powell,BKN,PR,UNDER,12.0,7.9,-4.0,72.1,6.9,-5.1,46.2,,False,,WIN,7.0,20.8,,,,,,,,,,,,,,,,,,,,,,,,,,,,,,,,,,,,,,,,,,,,,,,,,,,,,,,,,,,,,,,,,,,,,,,,,,,,,,,
2026-03-27,Bilal Coulibaly,WAS,PR,OVER,16.0,19.4,4.0,72.1,20.4,4.4,46.2,,False,,WIN,27.0,30.1,,,,,,,,,,,,,,,,,,,,,,,,,,,,,,,,,,,,,,,,,,,,,,,,,,,,,,,,,,,,,,,,,,,,,,,,,,,,,,,
2026-03-27,CJ McCollum,ATL,PRA,OVER,23.5,27.1,4.0,72.1,25.9,2.4,46.2,,False,,WIN,28.0,29.4,,,,,,,,,,,,,,,,,,,,,,,,,,,,,,,,,,,,,,,,,,,,,,,,,,,,,,,,,,,,,,,,,,,,,,,,,,,,,,,
2026-03-27,Jarrett Allen,CLE,PA,OVER,14.5,18.8,3.9,71.7,23.0,8.5,46.2,,False,,WIN,18.0,30.5,,,,,,,,,,,,,,,,,,,,,,,,,,,,,,,,,,,,,,,,,,,,,,,,,,,,,,,,,,,,,,,,,,,,,,,,,,,,,,,
2026-03-27,Jeremiah Fears,NOP,PR,UNDER,18.5,14.9,-3.8,71.3,12.7,-5.8,46.2,,False,,WIN,14.0,20.0,,,,,,,,,,,,,,,,,,,,,,,,,,,,,,,,,,,,,,,,,,,,,,,,,,,,,,,,,,,,,,,,,,,,,,,,,,,,,,,
2026-03-27,Peyton Watson,DEN,PR,OVER,16.0,22.2,3.8,71.3,23.8,7.8,46.2,,False,,LOSS,12.0,33.3,,,,,,,,,,,,,,,,,,,,,,,,,,,,,,,,,,,,,,,,,,,,,,,,,,,,,,,,,,,,,,,,,,,,,,,,,,,,,,,
2026-03-27,Donovan Clingan,POR,PR,OVER,27.0,30.1,3.8,71.3,28.1,1.1,46.2,,False,,LOSS,23.0,26.4,,,,,,,,,,,,,,,,,,,,,,,,,,,,,,,,,,,,,,,,,,,,,,,,,,,,,,,,,,,,,,,,,,,,,,,,,,,,,,,
2026-03-27,Sam Hauser,BOS,PRA,OVER,12.0,15.1,3.8,71.3,13.3,1.3,46.2,,False,,WIN,15.0,24.0,,,,,,,,,,,,,,,,,,,,,,,,,,,,,,,,,,,,,,,,,,,,,,,,,,,,,,,,,,,,,,,,,,,,,,,,,,,,,,,
2026-03-27,Jeremiah Fears,NOP,PA,UNDER,18.5,15.1,-3.7,70.9,13.4,-5.1,46.2,,False,,WIN,13.0,20.0,,,,,,,,,,,,,,,,,,,,,,,,,,,,,,,,,,,,,,,,,,,,,,,,,,,,,,,,,,,,,,,,,,,,,,,,,,,,,,,
2026-03-27,Shai Gilgeous-Alexander,OKC,PA,OVER,36.5,39.8,3.7,70.9,38.5,2.0,46.2,,False,,LOSS,30.0,34.1,,,,,,,,,,,,,,,,,,,,,,,,,,,,,,,,,,,,,,,,,,,,,,,,,,,,,,,,,,,,,,,,,,,,,,,,,,,,,,,
2026-03-27,Nikola Jokić,DEN,PTS,UNDER,27.5,24.7,-3.6,70.4,25.0,-2.5,46.2,,False,,LOSS,33.0,35.8,,,,,,,,,,,,,,,,,,,,,,,,,,,,,,,,,,,,,,,,,,,,,,,,,,,,,,,,,,,,,,,,,,,,,,,,,,,,,,,
2026-03-27,Payton Pritchard,BOS,PA,UNDER,26.5,21.8,-3.6,70.4,18.7,-7.8,46.2,,False,,LOSS,40.0,32.7,,,,,,,,,,,,,,,,,,,,,,,,,,,,,,,,,,,,,,,,,,,,,,,,,,,,,,,,,,,,,,,,,,,,,,,,,,,,,,,
2026-03-27,RJ Barrett,TOR,PRA,UNDER,30.5,27.2,-3.6,70.4,29.5,-1.0,46.2,,False,,WIN,28.0,31.0,,,,,,,,,,,,,,,,,,,,,,,,,,,,,,,,,,,,,,,,,,,,,,,,,,,,,,,,,,,,,,,,,,,,,,,,,,,,,,,
2026-03-27,Nick Richards,CHI,PA,UNDER,12.0,9.1,-3.6,70.4,10.8,-1.2,46.2,,False,,DNP,,21.7,,,,,2026-04-01 11:16:38,,,,,,,,,,,,,,,,,,,,,,,,,,,,,,,,,,,,,,,,,,,,,,,,,,,,,,,,,,,,,,,,,,,,,,,,,,
2026-03-27,Pascal Siakam,IND,PTS,OVER,21.5,25.0,3.6,70.4,24.0,2.5,46.2,,False,,LOSS,11.0,31.9,,,,,,,,,,,,,,,,,,,,,,,,,,,,,,,,,,,,,,,,,,,,,,,,,,,,,,,,,,,,,,,,,,,,,,,,,,,,,,,
2026-03-27,Donovan Clingan,POR,PA,OVER,16.5,19.6,3.6,70.4,18.1,1.6,46.2,,False,,LOSS,6.0,26.4,,,,,,,,,,,,,,,,,,,,,,,,,,,,,,,,,,,,,,,,,,,,,,,,,,,,,,,,,,,,,,,,,,,,,,,,,,,,,,,
2026-03-27,Donovan Clingan,POR,PTS,OVER,14.0,17.0,3.6,70.4,15.8,1.8,46.2,,False,,LOSS,6.0,26.4,,,,,,,,,,,,,,,,,,,,,,,,,,,,,,,,,,,,,,,,,,,,,,,,,,,,,,,,,,,,,,,,,,,,,,,,,,,,,,,
2026-03-27,Leonard Miller,CHI,TRB,UNDER,6.5,4.2,-2.5,70.3,6.0,-0.5,35.3,,False,,LOSS,7.0,22.0,,,,,,,,,,,,,,,,,,,,,,,,,,,,,,,,,,,,,,,,,,,,,,,,,,,,,,,,,,,,,,,,,,,,,,,,,,,,,,,
2026-03-27,Pascal Siakam,IND,PA,OVER,25.5,28.9,3.5,70.0,27.3,1.8,46.2,,False,,LOSS,14.0,31.9,,,,,,,,,,,,,,,,,,,,,,,,,,,,,,,,,,,,,,,,,,,,,,,,,,,,,,,,,,,,,,,,,,,,,,,,,,,,,,,
2026-03-27,CJ McCollum,ATL,PA,OVER,20.5,23.7,3.5,70.0,22.9,2.4,46.2,,False,,WIN,23.0,29.4,,,,,,,,,,,,,,,,,,,,,,,,,,,,,,,,,,,,,,,,,,,,,,,,,,,,,,,,,,,,,,,,,,,,,,,,,,,,,,,
2026-03-27,Tari Eason,HOU,PR,OVER,12.5,15.1,3.4,69.6,13.1,0.6,46.2,,False,,WIN,23.0,25.8,,,,,,,,,,,,,,,,,,,,,,,,,,,,,,,,,,,,,,,,,,,,,,,,,,,,,,,,,,,,,,,,,,,,,,,,,,,,,,,
2026-03-27,De'Anthony Melton,GSW,PR,UNDER,21.5,18.3,-3.4,69.6,20.4,-1.1,52.9,,False,,DNP,,25.4,,,,,2026-04-01 11:16:38,,,,,,,,,,,,,,,,,,,,,,,,,,,,,,,,,,,,,,,,,,,,,,,,,,,,,,,,,,,,,,,,,,,,,,,,,,
2026-03-27,Shai Gilgeous-Alexander,OKC,PTS,OVER,29.5,32.6,3.4,69.6,30.9,1.4,46.2,,False,,LOSS,25.0,34.1,,,,,,,,,,,,,,,,,,,,,,,,,,,,,,,,,,,,,,,,,,,,,,,,,,,,,,,,,,,,,,,,,,,,,,,,,,,,,,,
2026-03-27,Ajay Mitchell,OKC,PTS,OVER,12.5,15.4,3.4,69.6,14.2,1.7,46.2,,False,,WIN,15.0,26.4,,,,,,,,,,,,,,,,,,,,,,,,,,,,,,,,,,,,,,,,,,,,,,,,,,,,,,,,,,,,,,,,,,,,,,,,,,,,,,,
2026-03-27,Bennedict Mathurin,LAC,PRA,OVER,26.5,29.2,3.3,69.1,26.8,0.3,46.2,,False,,LOSS,25.0,29.8,,,,,,,,,,,,,,,,,,,,,,,,,,,,,,,,,,,,,,,,,,,,,,,,,,,,,,,,,,,,,,,,,,,,,,,,,,,,,,,
2026-03-27,Kawhi Leonard,LAC,PA,OVER,33.0,35.1,3.3,69.1,33.5,0.5,46.2,,False,,LOSS,32.0,31.8,,,,,,,,,,,,,,,,,,,,,,,,,,,,,,,,,,,,,,,,,,,,,,,,,,,,,,,,,,,,,,,,,,,,,,,,,,,,,,,
2026-03-27,Sam Merrill,CLE,PRA,OVER,18.5,20.1,3.2,68.7,18.6,0.1,46.2,,False,,LOSS,17.0,29.4,,,,,,,,,,,,,,,,,,,,,,,,,,,,,,,,,,,,,,,,,,,,,,,,,,,,,,,,,,,,,,,,,,,,,,,,,,,,,,,
2026-03-27,Jamal Murray,DEN,PA,UNDER,34.5,31.6,-3.2,68.7,28.1,-6.4,46.2,,False,,LOSS,45.0,35.2,,,,,,,,,,,,,,,,,,,,,,,,,,,,,,,,,,,,,,,,,,,,,,,,,,,,,,,,,,,,,,,,,,,,,,,,,,,,,,,
2026-03-27,Kyle Filipowski,UTA,PR,UNDER,23.0,20.8,-3.1,68.2,22.8,-0.2,48.5,,False,,LOSS,33.0,24.5,,,,,,,,,,,,,,,,,,,,,,,,,,,,,,,,,,,,,,,,,,,,,,,,,,,,,,,,,,,,,,,,,,,,,,,,,,,,,,,
2026-03-27,Bennedict Mathurin,LAC,PR,OVER,24.5,26.9,3.1,68.2,25.2,0.7,46.2,,False,,LOSS,24.0,29.8,,,,,,,,,,,,,,,,,,,,,,,,,,,,,,,,,,,,,,,,,,,,,,,,,,,,,,,,,,,,,,,,,,,,,,,,,,,,,,,
2026-03-27,Drake Powell,BKN,PRA,UNDER,12.5,9.3,-3.0,67.8,8.0,-4.5,46.2,,False,,WIN,8.0,20.8,,,,,,,,,,,,,,,,,,,,,,,,,,,,,,,,,,,,,,,,,,,,,,,,,,,,,,,,,,,,,,,,,,,,,,,,,,,,,,,
2026-03-27,Kristaps Porziņģis,GSW,PR,UNDER,25.5,22.0,-3.0,67.8,16.9,-8.6,46.2,,False,,LOSS,36.0,20.6,,,,,,,,,,,,,,,,,,,,,,,,,,,,,,,,,,,,,,,,,,,,,,,,,,,,,,,,,,,,,,,,,,,,,,,,,,,,,,,
2026-03-27,Dyson Daniels,ATL,PA,OVER,15.5,17.9,3.0,67.8,19.4,3.9,46.2,,False,,LOSS,11.0,31.0,,,,,,,,,,,,,,,,,,,,,,,,,,,,,,,,,,,,,,,,,,,,,,,,,,,,,,,,,,,,,,,,,,,,,,,,,,,,,,,
2026-03-27,Sandro Mamukelashvili,TOR,PA,OVER,9.5,11.8,3.0,67.8,10.7,1.2,46.2,,False,,WIN,20.0,19.7,,,,,,,,,,,,,,,,,,,,,,,,,,,,,,,,,,,,,,,,,,,,,,,,,,,,,,,,,,,,,,,,,,,,,,,,,,,,,,,
2026-03-27,Pelle Larsson,MIA,PTS,OVER,10.5,13.5,3.0,67.8,13.7,3.2,46.2,,False,,LOSS,10.0,30.4,,,,,,,,,,,,,,,,,,,,,,,,,,,,,,,,,,,,,,,,,,,,,,,,,,,,,,,,,,,,,,,,,,,,,,,,,,,,,,,
2026-03-27,Will Riley,WAS,PRA,UNDER,22.5,19.6,-3.0,67.8,20.9,-1.6,46.2,,False,,LOSS,32.0,33.7,,,,,,,,,,,,,,,,,,,,,,,,,,,,,,,,,,,,,,,,,,,,,,,,,,,,,,,,,,,,,,,,,,,,,,,,,,,,,,,
2026-03-27,Pelle Larsson,MIA,PA,OVER,14.5,17.4,3.0,67.8,16.9,2.4,46.2,,False,,WIN,15.0,30.4,,,,,,,,,,,,,,,,,,,,,,,,,,,,,,,,,,,,,,,,,,,,,,,,,,,,,,,,,,,,,,,,,,,,,,,,,,,,,,,
2026-03-27,Payton Pritchard,BOS,PR,UNDER,24.5,20.5,-3.0,67.8,17.3,-7.2,46.2,,False,,LOSS,43.0,32.7,,,,,,,,,,,,,,,,,,,,,,,,,,,,,,,,,,,,,,,,,,,,,,,,,,,,,,,,,,,,,,,,,,,,,,,,,,,,,,,
2026-03-27,Jarrett Allen,CLE,PTS,OVER,13.5,17.1,3.0,67.8,21.5,8.0,46.2,,False,,WIN,18.0,30.5,,,,,,,,,,,,,,,,,,,,,,,,,,,,,,,,,,,,,,,,,,,,,,,,,,,,,,,,,,,,,,,,,,,,,,,,,,,,,,,
2026-03-27,Isaiah Joe,OKC,PR,OVER,14.5,16.7,2.9,67.3,15.0,0.5,46.2,,False,,WIN,18.0,25.1,,,,,,,,,,,,,,,,,,,,,,,,,,,,,,,,,,,,,,,,,,,,,,,,,,,,,,,,,,,,,,,,,,,,,,,,,,,,,,,
2026-03-27,Pascal Siakam,IND,PR,OVER,28.5,31.3,2.9,67.3,29.2,0.7,46.2,,False,,LOSS,17.0,31.9,,,,,,,,,,,,,,,,,,,,,,,,,,,,,,,,,,,,,,,,,,,,,,,,,,,,,,,,,,,,,,,,,,,,,,,,,,,,,,,
2026-03-27,Max Christie,DAL,PRA,UNDER,19.5,16.3,-2.9,67.3,13.0,-6.5,46.2,,False,,WIN,10.0,26.9,,,,,,,,,,,,,,,,,,,,,,,,,,,,,,,,,,,,,,,,,,,,,,,,,,,,,,,,,,,,,,,,,,,,,,,,,,,,,,,
2026-03-27,Sandro Mamukelashvili,TOR,PR,OVER,12.0,14.3,2.9,67.3,13.1,1.1,46.2,,False,,WIN,27.0,19.7,,,,,,,,,,,,,,,,,,,,,,,,,,,,,,,,,,,,,,,,,,,,,,,,,,,,,,,,,,,,,,,,,,,,,,,,,,,,,,,
2026-03-27,Josh Giddey,CHI,PA,OVER,25.5,27.0,2.9,67.3,28.1,2.6,46.2,,False,,LOSS,16.0,33.3,,,,,,,,,,,,,,,,,,,,,,,,,,,,,,,,,,,,,,,,,,,,,,,,,,,,,,,,,,,,,,,,,,,,,,,,,,,,,,,
2026-03-27,Kris Dunn,LAC,PRA,OVER,12.5,15.6,2.9,67.3,13.2,0.7,46.2,,False,,LOSS,6.0,28.3,,,,,,,,,,,,,,,,,,,,,,,,,,,,,,,,,,,,,,,,,,,,,,,,,,,,,,,,,,,,,,,,,,,,,,,,,,,,,,,
2026-03-27,Luka Dončić,LAL,AST,UNDER,9.5,7.6,-1.9,67.2,7.4,-2.1,31.3,,False,,WIN,3.0,36.7,,,,,,,,,,,,,,,,,,,,,,,,,,,,,,,,,,,,,,,,,,,,,,,,,,,,,,,,,,,,,,,,,,,,,,,,,,,,,,,
2026-03-27,Peyton Watson,DEN,PTS,OVER,12.5,17.4,2.8,66.8,19.4,6.9,46.2,,False,,LOSS,7.0,33.3,,,,,,,,,,,,,,,,,,,,,,,,,,,,,,,,,,,,,,,,,,,,,,,,,,,,,,,,,,,,,,,,,,,,,,,,,,,,,,,
2026-03-27,Jock Landale,ATL,PA,OVER,8.5,10.9,2.8,66.8,8.6,0.1,46.2,,False,,DNP,,18.1,,,,,2026-04-01 11:16:38,,,,,,,,,,,,,,,,,,,,,,,,,,,,,,,,,,,,,,,,,,,,,,,,,,,,,,,,,,,,,,,,,,,,,,,,,,
2026-03-27,Will Riley,WAS,PA,UNDER,19.0,16.2,-2.8,66.8,17.6,-1.4,46.2,,False,,LOSS,27.0,33.7,,,,,,,,,,,,,,,,,,,,,,,,,,,,,,,,,,,,,,,,,,,,,,,,,,,,,,,,,,,,,,,,,,,,,,,,,,,,,,,
2026-03-27,Alex Sarr,WAS,PRA,OVER,20.5,23.8,2.8,66.8,21.6,1.1,46.2,,False,,LOSS,20.0,23.1,,,,,,,,,,,,,,,,,,,,,,,,,,,,,,,,,,,,,,,,,,,,,,,,,,,,,,,,,,,,,,,,,,,,,,,,,,,,,,,
2026-03-27,Davion Mitchell,MIA,PRA,OVER,17.5,19.4,2.7,66.3,18.8,1.3,46.2,,False,,LOSS,10.0,28.0,,,,,,,,,,,,,,,,,,,,,,,,,,,,,,,,,,,,,,,,,,,,,,,,,,,,,,,,,,,,,,,,,,,,,,,,,,,,,,,
2026-03-27,Dyson Daniels,ATL,PRA,OVER,22.5,24.6,2.7,66.3,26.5,4.0,46.2,,False,,LOSS,17.0,31.0,,,,,,,,,,,,,,,,,,,,,,,,,,,,,,,,,,,,,,,,,,,,,,,,,,,,,,,,,,,,,,,,,,,,,,,,,,,,,,,
2026-03-27,Bub Carrington,WAS,PA,OVER,15.5,16.9,2.7,66.3,15.6,0.1,46.2,,False,,WIN,21.0,31.3,,,,,,,,,,,,,,,,,,,,,,,,,,,,,,,,,,,,,,,,,,,,,,,,,,,,,,,,,,,,,,,,,,,,,,,,,,,,,,,
2026-03-27,Jaxson Hayes,LAL,TRB,UNDER,6.0,4.2,-1.7,66.0,4.3,-1.7,33.3,,False,,LOSS,8.0,18.4,,,,,,,,,,,,,,,,,,,,,,,,,,,,,,,,,,,,,,,,,,,,,,,,,,,,,,,,,,,,,,,,,,,,,,,,,,,,,,,
2026-03-27,Jalen Johnson,ATL,PA,OVER,28.0,31.1,2.6,65.8,28.5,0.5,46.2,,False,,WIN,35.0,35.2,,,,,,,,,,,,,,,,,,,,,,,,,,,,,,,,,,,,,,,,,,,,,,,,,,,,,,,,,,,,,,,,,,,,,,,,,,,,,,,
2026-03-27,Luka Dončić,LAL,PTS,OVER,32.5,34.5,2.5,65.3,38.7,6.2,46.2,,False,,WIN,41.0,36.7,,,,,,,,,,,,,,,,,,,,,,,,,,,,,,,,,,,,,,,,,,,,,,,,,,,,,,,,,,,,,,,,,,,,,,,,,,,,,,,
2026-03-27,Davion Mitchell,MIA,PA,OVER,14.5,16.3,2.5,65.3,15.8,1.3,46.2,,False,,LOSS,6.0,28.0,,,,,,,,,,,,,,,,,,,,,,,,,,,,,,,,,,,,,,,,,,,,,,,,,,,,,,,,,,,,,,,,,,,,,,,,,,,,,,,
2026-03-27,Will Riley,WAS,PR,UNDER,19.5,17.1,-2.5,65.3,18.5,-1.0,46.2,,False,,LOSS,27.0,33.7,,,,,,,,,,,,,,,,,,,,,,,,,,,,,,,,,,,,,,,,,,,,,,,,,,,,,,,,,,,,,,,,,,,,,,,,,,,,,,,
2026-03-27,Gui Santos,GSW,TRB,UNDER,6.25,5.2,-1.6,65.2,5.6,-0.7,36.9,,False,,WIN,4.0,31.7,,,,,,,,,,,,,,,,,,,,,,,,,,,,,,,,,,,,,,,,,,,,,,,,,,,,,,,,,,,,,,,,,,,,,,,,,,,,,,,
2026-03-27,Luka Dončić,LAL,TRB,UNDER,9.5,7.9,-1.5,64.9,8.7,-0.8,36.9,,False,,WIN,8.0,36.7,,,,,,,,,,,,,,,,,,,,,,,,,,,,,,,,,,,,,,,,,,,,,,,,,,,,,,,,,,,,,,,,,,,,,,,,,,,,,,,
2026-03-27,Brandin Podziemski,GSW,AST,UNDER,5.5,4.2,-1.5,64.9,3.8,-1.7,31.3,,False,,LOSS,7.0,31.5,,,,,,,,,,,,,,,,,,,,,,,,,,,,,,,,,,,,,,,,,,,,,,,,,,,,,,,,,,,,,,,,,,,,,,,,,,,,,,,
2026-03-27,Scoot Henderson,POR,TRB,UNDER,4.5,2.9,-1.5,64.9,2.5,-2.0,35.3,,False,,WIN,2.0,25.2,,,,,,,,,,,,,,,,,,,,,,,,,,,,,,,,,,,,,,,,,,,,,,,,,,,,,,,,,,,,,,,,,,,,,,,,,,,,,,,
2026-03-27,T.J. McConnell,IND,PA,OVER,13.0,15.0,2.4,64.8,14.8,1.8,46.2,,False,,LOSS,5.0,18.0,,,,,,,,,,,,,,,,,,,,,,,,,,,,,,,,,,,,,,,,,,,,,,,,,,,,,,,,,,,,,,,,,,,,,,,,,,,,,,,
2026-03-27,Brice Sensabaugh,UTA,PRA,OVER,24.5,25.3,2.3,64.3,25.5,1.0,46.2,,False,,LOSS,23.0,27.0,,,,,,,,,,,,,,,,,,,,,,,,,,,,,,,,,,,,,,,,,,,,,,,,,,,,,,,,,,,,,,,,,,,,,,,,,,,,,,,
2026-03-27,Andrew Wiggins,MIA,PA,OVER,14.0,17.1,2.3,64.3,19.6,5.6,46.2,,False,,LOSS,12.0,26.9,,,,,,,,,,,,,,,,,,,,,,,,,,,,,,,,,,,,,,,,,,,,,,,,,,,,,,,,,,,,,,,,,,,,,,,,,,,,,,,
2026-03-27,Aaron Gordon,DEN,PA,OVER,17.0,19.4,2.3,64.3,17.1,0.1,46.2,,False,,WIN,18.0,25.9,,,,,,,,,,,,,,,,,,,,,,,,,,,,,,,,,,,,,,,,,,,,,,,,,,,,,,,,,,,,,,,,,,,,,,,,,,,,,,,
2026-03-27,Christian Braun,DEN,PA,OVER,14.0,16.5,2.3,64.3,17.3,3.3,46.2,,False,,LOSS,7.0,33.2,,,,,,,,,,,,,,,,,,,,,,,,,,,,,,,,,,,,,,,,,,,,,,,,,,,,,,,,,,,,,,,,,,,,,,,,,,,,,,,
2026-03-27,Will Riley,WAS,PTS,UNDER,16.0,13.7,-2.3,64.3,15.2,-0.8,46.2,,False,,LOSS,22.0,33.7,,,,,,,,,,,,,,,,,,,,,,,,,,,,,,,,,,,,,,,,,,,,,,,,,,,,,,,,,,,,,,,,,,,,,,,,,,,,,,,
2026-03-27,Christian Braun,DEN,PRA,OVER,19.0,21.7,2.3,64.3,22.7,3.7,46.2,,False,,LOSS,9.0,33.2,,,,,,,,,,,,,,,,,,,,,,,,,,,,,,,,,,,,,,,,,,,,,,,,,,,,,,,,,,,,,,,,,,,,,,,,,,,,,,,
2026-03-27,LeBron James,LAL,PR,UNDER,28.5,26.1,-2.2,63.8,26.1,-2.4,46.2,,False,,WIN,20.0,34.1,,,,,,,,,,,,,,,,,,,,,,,,,,,,,,,,,,,,,,,,,,,,,,,,,,,,,,,,,,,,,,,,,,,,,,,,,,,,,,,
2026-03-27,Davion Mitchell,MIA,PR,OVER,11.5,13.4,2.2,63.8,13.5,2.0,46.2,,False,,LOSS,6.0,28.0,,,,,,,,,,,,,,,,,,,,,,,,,,,,,,,,,,,,,,,,,,,,,,,,,,,,,,,,,,,,,,,,,,,,,,,,,,,,,,,
2026-03-27,Josh Giddey,CHI,PTS,OVER,15.5,16.7,2.2,63.8,16.6,1.1,46.2,,False,,LOSS,5.0,33.3,,,,,,,,,,,,,,,,,,,,,,,,,,,,,,,,,,,,,,,,,,,,,,,,,,,,,,,,,,,,,,,,,,,,,,,,,,,,,,,
2026-03-27,Andrew Wiggins,MIA,PR,OVER,16.5,19.7,2.2,63.8,23.3,6.8,46.2,,False,,LOSS,13.0,26.9,,,,,,,,,,,,,,,,,,,,,,,,,,,,,,,,,,,,,,,,,,,,,,,,,,,,,,,,,,,,,,,,,,,,,,,,,,,,,,,
2026-03-27,Tre Jones,CHI,PA,OVER,17.5,20.8,3.8,63.3,20.9,3.4,39.2,,False,,WIN,30.0,28.8,,,,,,,,,,,,,,,,,,,,,,,,,,,,,,,,,,,,,,,,,,,,,,,,,,,,,,,,,,,,,,,,,,,,,,,,,,,,,,,
2026-03-27,Ajay Mitchell,OKC,PA,OVER,17.5,19.0,2.1,63.2,17.9,0.4,46.2,,False,,WIN,20.0,26.4,,,,,,,,,,,,,,,,,,,,,,,,,,,,,,,,,,,,,,,,,,,,,,,,,,,,,,,,,,,,,,,,,,,,,,,,,,,,,,,
2026-03-27,Olivier-Maxence Prosper,MEM,PA,OVER,12.5,14.7,2.1,63.2,14.6,2.1,46.2,,False,,WIN,33.0,26.8,,,,,,,,,,,,,,,,,,,,,,,,,,,,,,,,,,,,,,,,,,,,,,,,,,,,,,,,,,,,,,,,,,,,,,,,,,,,,,,
2026-03-27,Peyton Watson,DEN,PRA,OVER,20.0,24.7,2.0,62.7,26.2,6.2,46.2,,False,,LOSS,16.0,33.3,,,,,,,,,,,,,,,,,,,,,,,,,,,,,,,,,,,,,,,,,,,,,,,,,,,,,,,,,,,,,,,,,,,,,,,,,,,,,,,
2026-03-27,LeBron James,LAL,PA,UNDER,28.5,26.5,-2.0,62.7,25.9,-2.6,46.2,,False,,WIN,22.0,34.1,,,,,,,,,,,,,,,,,,,,,,,,,,,,,,,,,,,,,,,,,,,,,,,,,,,,,,,,,,,,,,,,,,,,,,,,,,,,,,,
2026-03-27,Brandon Ingram,TOR,PTS,OVER,20.5,22.0,1.9,62.2,21.8,1.3,46.2,,False,,LOSS,13.0,34.2,,,,,,,,,,,,,,,,,,,,,,,,,,,,,,,,,,,,,,,,,,,,,,,,,,,,,,,,,,,,,,,,,,,,,,,,,,,,,,,
2026-03-27,Jrue Holiday,POR,PR,UNDER,22.0,20.5,-1.9,62.2,19.7,-2.3,46.2,,False,,LOSS,27.0,30.6,,,,,,,,,,,,,,,,,,,,,,,,,,,,,,,,,,,,,,,,,,,,,,,,,,,,,,,,,,,,,,,,,,,,,,,,,,,,,,,
2026-03-27,Luguentz Dort,OKC,PR,OVER,10.0,11.4,1.8,61.6,10.3,0.3,46.2,,False,,LOSS,5.0,23.0,,,,,,,,,,,,,,,,,,,,,,,,,,,,,,,,,,,,,,,,,,,,,,,,,,,,,,,,,,,,,,,,,,,,,,,,,,,,,,,
2026-03-27,Nickeil Alexander-Walker,ATL,PRA,OVER,23.5,26.3,1.8,61.6,28.7,5.2,46.2,,False,,WIN,29.0,31.2,,,,,,,,,,,,,,,,,,,,,,,,,,,,,,,,,,,,,,,,,,,,,,,,,,,,,,,,,,,,,,,,,,,,,,,,,,,,,,,
2026-03-27,Isaac Okoro,CHI,PA,OVER,9.5,11.7,1.8,61.6,12.4,2.9,46.2,,False,,WIN,20.0,31.5,,,,,,,,,,,,,,,,,,,,,,,,,,,,,,,,,,,,,,,,,,,,,,,,,,,,,,,,,,,,,,,,,,,,,,,,,,,,,,,
2026-03-27,Brandin Podziemski,GSW,PRA,UNDER,27.5,26.7,-1.8,61.6,25.0,-2.5,46.2,,False,,LOSS,39.0,31.5,,,,,,,,,,,,,,,,,,,,,,,,,,,,,,,,,,,,,,,,,,,,,,,,,,,,,,,,,,,,,,,,,,,,,,,,,,,,,,,
2026-03-27,Christian Braun,DEN,PTS,OVER,11.5,13.6,1.8,61.6,14.2,2.7,46.2,,False,,LOSS,7.0,33.2,,,,,,,,,,,,,,,,,,,,,,,,,,,,,,,,,,,,,,,,,,,,,,,,,,,,,,,,,,,,,,,,,,,,,,,,,,,,,,,
2026-03-27,Christian Braun,DEN,PR,OVER,16.5,18.8,1.8,61.6,19.6,3.1,46.2,,False,,LOSS,9.0,33.2,,,,,,,,,,,,,,,,,,,,,,,,,,,,,,,,,,,,,,,,,,,,,,,,,,,,,,,,,,,,,,,,,,,,,,,,,,,,,,,
2026-03-27,Brandon Ingram,TOR,PRA,UNDER,33.0,30.9,-1.7,61.0,29.8,-3.2,46.2,,False,,WIN,21.0,34.2,,,,,,,,,,,,,,,,,,,,,,,,,,,,,,,,,,,,,,,,,,,,,,,,,,,,,,,,,,,,,,,,,,,,,,,,,,,,,,,
2026-03-27,LeBron James,LAL,PTS,UNDER,21.5,19.6,-1.7,61.0,19.7,-1.8,46.2,,False,,WIN,14.0,34.1,,,,,,,,,,,,,,,,,,,,,,,,,,,,,,,,,,,,,,,,,,,,,,,,,,,,,,,,,,,,,,,,,,,,,,,,,,,,,,,
2026-03-27,Isaac Okoro,CHI,PRA,OVER,12.5,14.5,1.7,61.0,15.7,3.2,46.2,,False,,WIN,24.0,31.5,,,,,,,,,,,,,,,,,,,,,,,,,,,,,,,,,,,,,,,,,,,,,,,,,,,,,,,,,,,,,,,,,,,,,,,,,,,,,,,
2026-03-27,Olivier-Maxence Prosper,MEM,PTS,OVER,11.5,13.3,1.7,61.0,13.6,2.1,46.2,,False,,WIN,31.0,26.8,,,,,,,,,,,,,,,,,,,,,,,,,,,,,,,,,,,,,,,,,,,,,,,,,,,,,,,,,,,,,,,,,,,,,,,,,,,,,,,
2026-03-27,Jayson Tatum,BOS,PTS,UNDER,21.5,20.8,-1.7,61.0,20.8,-0.7,46.2,,False,,LOSS,26.0,32.8,,,,,,,,,,,,,,,,,,,,,,,,,,,,,,,,,,,,,,,,,,,,,,,,,,,,,,,,,,,,,,,,,,,,,,,,,,,,,,,
2026-03-27,Pelle Larsson,MIA,PR,OVER,15.5,17.3,1.7,61.0,16.9,1.4,46.2,,False,,LOSS,13.0,30.4,,,,,,,,,,,,,,,,,,,,,,,,,,,,,,,,,,,,,,,,,,,,,,,,,,,,,,,,,,,,,,,,,,,,,,,,,,,,,,,
2026-03-27,Olivier-Maxence Prosper,MEM,PRA,OVER,17.5,19.2,1.6,60.5,19.4,1.9,46.2,,False,,WIN,40.0,26.8,,,,,,,,,,,,,,,,,,,,,,,,,,,,,,,,,,,,,,,,,,,,,,,,,,,,,,,,,,,,,,,,,,,,,,,,,,,,,,,
2026-03-27,Derrick White,BOS,PRA,OVER,26.0,27.7,1.6,60.5,28.5,2.5,46.2,,False,,LOSS,19.0,33.2,,,,,,,,,,,,,,,,,,,,,,,,,,,,,,,,,,,,,,,,,,,,,,,,,,,,,,,,,,,,,,,,,,,,,,,,,,,,,,,
2026-03-27,Saddiq Bey,NOP,PR,UNDER,26.5,25.1,-1.6,60.5,23.4,-3.1,46.2,,False,,WIN,22.0,34.1,,,,,,,,,,,,,,,,,,,,,,,,,,,,,,,,,,,,,,,,,,,,,,,,,,,,,,,,,,,,,,,,,,,,,,,,,,,,,,,
2026-03-27,Jay Huff,IND,PTS,OVER,10.5,12.1,1.6,60.5,12.0,1.5,46.2,,False,,LOSS,3.0,21.6,,,,,,,,,,,,,,,,,,,,,,,,,,,,,,,,,,,,,,,,,,,,,,,,,,,,,,,,,,,,,,,,,,,,,,,,,,,,,,,
2026-03-27,Andrew Wiggins,MIA,PRA,OVER,19.5,22.1,1.6,60.5,25.8,6.3,46.2,,False,,LOSS,13.0,26.9,,,,,,,,,,,,,,,,,,,,,,,,,,,,,,,,,,,,,,,,,,,,,,,,,,,,,,,,,,,,,,,,,,,,,,,,,,,,,,,
2026-03-27,Bilal Coulibaly,WAS,PTS,OVER,13.5,14.8,1.6,60.5,15.8,2.3,46.2,,False,,WIN,21.0,30.1,,,,,,,,,,,,,,,,,,,,,,,,,,,,,,,,,,,,,,,,,,,,,,,,,,,,,,,,,,,,,,,,,,,,,,,,,,,,,,,
2026-03-27,Amen Thompson,HOU,PRA,OVER,31.5,32.4,1.6,60.5,35.7,4.2,46.2,,False,,LOSS,29.0,37.2,,,,,,,,,,,,,,,,,,,,,,,,,,,,,,,,,,,,,,,,,,,,,,,,,,,,,,,,,,,,,,,,,,,,,,,,,,,,,,,
2026-03-27,Dyson Daniels,ATL,PR,OVER,18.0,19.2,1.6,60.5,21.2,3.2,46.2,,False,,LOSS,12.0,31.0,,,,,,,,,,,,,,,,,,,,,,,,,,,,,,,,,,,,,,,,,,,,,,,,,,,,,,,,,,,,,,,,,,,,,,,,,,,,,,,
2026-03-27,Jay Huff,IND,PR,OVER,14.5,16.0,1.6,60.5,15.6,1.1,46.2,,False,,LOSS,6.0,21.6,,,,,,,,,,,,,,,,,,,,,,,,,,,,,,,,,,,,,,,,,,,,,,,,,,,,,,,,,,,,,,,,,,,,,,,,,,,,,,,
2026-03-27,Tre Jones,CHI,PR,OVER,16.5,19.0,3.1,60.2,19.7,3.2,39.2,,False,,WIN,28.0,28.8,,,,,,,,,,,,,,,,,,,,,,,,,,,,,,,,,,,,,,,,,,,,,,,,,,,,,,,,,,,,,,,,,,,,,,,,,,,,,,,
2026-03-27,Tre Jones,CHI,PRA,OVER,21.5,24.0,3.1,60.2,24.1,2.6,39.2,,False,,WIN,37.0,28.8,,,,,,,,,,,,,,,,,,,,,,,,,,,,,,,,,,,,,,,,,,,,,,,,,,,,,,,,,,,,,,,,,,,,,,,,,,,,,,,
2026-03-27,Cam Spencer,MEM,PRA,OVER,17.5,18.4,1.5,59.9,18.4,0.9,46.2,,False,,WIN,24.0,22.5,,,,,,,,,,,,,,,,,,,,,,,,,,,,,,,,,,,,,,,,,,,,,,,,,,,,,,,,,,,,,,,,,,,,,,,,,,,,,,,
2026-03-27,Scoot Henderson,POR,PR,OVER,16.5,17.4,1.5,59.9,16.7,0.2,46.2,,False,,LOSS,11.0,25.2,,,,,,,,,,,,,,,,,,,,,,,,,,,,,,,,,,,,,,,,,,,,,,,,,,,,,,,,,,,,,,,,,,,,,,,,,,,,,,,
2026-03-27,Deandre Ayton,LAL,PRA,UNDER,23.5,20.8,-1.5,59.9,19.2,-4.3,46.2,,False,,WIN,16.0,28.4,,,,,,,,,,,,,,,,,,,,,,,,,,,,,,,,,,,,,,,,,,,,,,,,,,,,,,,,,,,,,,,,,,,,,,,,,,,,,,,
2026-03-27,Jalen Williams,OKC,PRA,OVER,22.5,25.3,1.5,59.9,27.6,5.1,48.5,,False,,WIN,32.0,24.6,,,,,,,,,,,,,,,,,,,,,,,,,,,,,,,,,,,,,,,,,,,,,,,,,,,,,,,,,,,,,,,,,,,,,,,,,,,,,,,
2026-03-27,P.J. Washington,DAL,PTS,OVER,14.5,15.4,1.5,59.9,14.6,0.1,46.2,,False,,LOSS,5.0,32.3,,,,,,,,,,,,,,,,,,,,,,,,,,,,,,,,,,,,,,,,,,,,,,,,,,,,,,,,,,,,,,,,,,,,,,,,,,,,,,,
2026-03-27,Kristaps Porziņģis,GSW,PA,UNDER,21.5,19.6,-1.5,59.9,15.1,-6.4,46.2,,False,,LOSS,31.0,20.6,,,,,,,,,,,,,,,,,,,,,,,,,,,,,,,,,,,,,,,,,,,,,,,,,,,,,,,,,,,,,,,,,,,,,,,,,,,,,,,
2026-03-27,Kel'el Ware,MIA,PTS,OVER,7.5,9.4,1.5,59.9,10.2,2.7,52.9,,False,,WIN,14.0,19.8,,,,,,,,,,,,,,,,,,,,,,,,,,,,,,,,,,,,,,,,,,,,,,,,,,,,,,,,,,,,,,,,,,,,,,,,,,,,,,,
2026-03-27,Tre Jones,CHI,PTS,OVER,13.5,15.8,2.8,58.8,16.5,3.0,39.2,,False,,WIN,21.0,28.8,,,,,,,,,,,,,,,,,,,,,,,,,,,,,,,,,,,,,,,,,,,,,,,,,,,,,,,,,,,,,,,,,,,,,,,,,,,,,,,
2026-03-27,Jonathan Kuminga,ATL,TRB,OVER,4.5,6.3,2.1,55.2,5.9,1.4,25.0,,False,,LOSS,2.0,20.1,,,,,,,,,,,,,,,,,,,,,,,,,,,,,,,,,,,,,,,,,,,,,,,,,,,,,,,,,,,,,,,,,,,,,,,,,,,,,,,
2026-03-27,Nic Claxton,BKN,TRB,OVER,5.0,6.7,1.8,53.6,6.3,1.3,36.9,,False,,WIN,7.0,22.6,,,,,,,,,,,,,,,,,,,,,,,,,,,,,,,,,,,,,,,,,,,,,,,,,,,,,,,,,,,,,,,,,,,,,,,,,,,,,,,
2026-03-27,Donovan Clingan,POR,TRB,OVER,11.5,13.1,1.7,53.0,12.3,0.8,36.9,,False,,WIN,17.0,26.4,,,,,,,,,,,,,,,,,,,,,,,,,,,,,,,,,,,,,,,,,,,,,,,,,,,,,,,,,,,,,,,,,,,,,,,,,,,,,,,
2026-03-28,Jalen Johnson,ATL,TRB,UNDER,11.5,8.9,2.7,75.2,8.6,-2.9,,,False,,WIN,5.0,35.9,9.0,,,,,,,,,,,,,,,,,,,,,,,,,,,,,,,,,,,,,,,,,,,,,,,,,,,,,,,,,,,,,,,,,,,,,,,,,,,,,,
2026-03-28,Corey Kispert,ATL,PA,UNDER,15.5,10.7,7.8,74.3,7.8,-7.7,,,False,,WIN,4.0,14.1,7.6,,,,,,,,,,,,,,,,,,,,,,,,,,,,,,,,,,,,,,,,,,,,,,,,,,,,,,,,,,,,,,,,,,,,,,,,,,,,,,
2026-03-28,Corey Kispert,ATL,PR,UNDER,15.5,11.7,7.3,73.4,8.4,-7.1,,,False,,WIN,5.0,14.1,7.8,,,,,,,,,,,,,,,,,,,,,,,,,,,,,,,,,,,,,,,,,,,,,,,,,,,,,,,,,,,,,,,,,,,,,,,,,,,,,,
2026-03-28,Corey Kispert,ATL,PRA,UNDER,18.5,13.3,8.8,73.3,9.8,-8.7,,,False,,WIN,5.0,14.1,9.6,,,,,,,,,,,,,,,,,,,,,,,,,,,,,,,,,,,,,,,,,,,,,,,,,,,,,,,,,,,,,,,,,,,,,,,,,,,,,,
2026-03-28,Josh Giddey,CHI,PR,UNDER,28.5,24.6,6.4,71.4,24.8,-3.7,,,False,,LOSS,31.0,35.1,18.0,,,,,,,,,,,,,,,,,,,,,,,,,,,,,,,,,,,,,,,,,,,,,,,,,,,,,,,,,,,,,,,,,,,,,,,,,,,,,,
2026-03-28,Malik Monk,SAC,PRA,UNDER,27.5,23.3,7.4,70.9,20.4,-7.1,,,False,,WIN,19.0,27.9,19.6,,,,,,,,,,,,,,,,,,,,,,,,,,,,,,,,,,,,,,,,,,,,,,,,,,,,,,,,,,,,,,,,,,,,,,,,,,,,,,
2026-03-28,Josh Giddey,CHI,PA,UNDER,32.5,24.8,6.0,70.4,28.3,-4.2,,,False,,WIN,28.0,35.1,23.8,,,,,,,,,,,,,,,,,,,,,,,,,,,,,,,,,,,,,,,,,,,,,,,,,,,,,,,,,,,,,,,,,,,,,,,,,,,,,,
2026-03-28,Devin Carter,SAC,AST,UNDER,4.5,3.8,1.5,69.4,2.9,-1.6,,,False,,WIN,1.0,26.0,3.2,,,,,,,,,,,,,,,,,,,,,,,,,,,,,,,,,,,,,,,,,,,,,,,,,,,,,,,,,,,,,,,,,,,,,,,,,,,,,,
2026-03-28,Patrick Williams,CHI,PR,UNDER,14.0,9.5,5.2,68.5,8.8,-5.2,,,False,,WIN,7.0,21.3,8.8,,,,,,,,,,,,,,,,,,,,,,,,,,,,,,,,,,,,,,,,,,,,,,,,,,,,,,,,,,,,,,,,,,,,,,,,,,,,,,
2026-03-28,Jalen Johnson,ATL,PR,UNDER,37.0,32.6,5.1,68.4,32.3,-4.7,,,False,,WIN,31.0,35.9,31.2,,,,,,,,,,,,,,,,,,,,,,,,,,,,,,,,,,,,,,,,,,,,,,,,,,,,,,,,,,,,,,,,,,,,,,,,,,,,,,
2026-03-28,Patrick Williams,CHI,PRA,UNDER,16.0,11.4,6.1,68.2,10.3,-5.7,,,False,,WIN,7.0,21.3,9.4,,,,,,,,,,,,,,,,,,,,,,,,,,,,,,,,,,,,,,,,,,,,,,,,,,,,,,,,,,,,,,,,,,,,,,,,,,,,,,
2026-03-28,Mikal Bridges,NYK,PTS,UNDER,13.5,12.2,4.0,68.1,8.6,-4.9,,,False,,DNP,,30.8,10.8,,,,2026-04-01 11:16:38,,,,,,,,,,,,,,,,,,,,,,,,,,,,,,,,,,,,,,,,,,,,,,,,,,,,,,,,,,,,,,,,,,,,,,,,,,
2026-03-28,Patrick Williams,CHI,PTS,UNDER,10.0,6.9,3.7,67.2,6.6,-3.4,,,False,,WIN,4.0,21.3,5.8,,,,,,,,,,,,,,,,,,,,,,,,,,,,,,,,,,,,,,,,,,,,,,,,,,,,,,,,,,,,,,,,,,,,,,,,,,,,,,
2026-03-28,Zaccharie Risacher,ATL,PR,UNDER,18.5,13.6,4.5,66.8,13.6,-4.9,,,False,,WIN,15.0,18.4,14.6,,,,,,,,,,,,,,,,,,,,,,,,,,,,,,,,,,,,,,,,,,,,,,,,,,,,,,,,,,,,,,,,,,,,,,,,,,,,,,
2026-03-28,Zaccharie Risacher,ATL,PA,UNDER,14.5,9.6,4.5,66.7,9.5,-5.0,,,False,,WIN,13.0,18.4,10.8,,,,,,,,,,,,,,,,,,,,,,,,,,,,,,,,,,,,,,,,,,,,,,,,,,,,,,,,,,,,,,,,,,,,,,,,,,,,,,
2026-03-28,Cedric Coward,MEM,PRA,UNDER,25.0,25.2,6.4,65.9,19.0,-6.0,,,False,,LOSS,37.0,24.7,18.0,,,,,,,,,,,,,,,,,,,,,,,,,,,,,,,,,,,,,,,,,,,,,,,,,,,,,,,,,,,,,,,,,,,,,,,,,,,,,,
2026-03-28,Cedric Coward,MEM,PA,UNDER,18.5,18.3,4.2,65.9,13.9,-4.6,,,False,,LOSS,28.0,24.7,15.0,,,,,,,,,,,,,,,,,,,,,,,,,,,,,,,,,,,,,,,,,,,,,,,,,,,,,,,,,,,,,,,,,,,,,,,,,,,,,,
2026-03-28,Patrick Williams,CHI,PA,UNDER,11.5,8.8,4.1,65.7,8.1,-3.4,,,False,,WIN,4.0,21.3,6.4,,,,,,,,,,,,,,,,,,,,,,,,,,,,,,,,,,,,,,,,,,,,,,,,,,,,,,,,,,,,,,,,,,,,,,,,,,,,,,
2026-03-28,Malik Monk,SAC,PR,UNDER,18.75,18.1,4.0,65.3,15.6,-3.2,,,False,,WIN,12.0,27.9,13.6,,,,,,,,,,,,,,,,,,,,,,,,,,,,,,,,,,,,,,,,,,,,,,,,,,,,,,,,,,,,,,,,,,,,,,,,,,,,,,
2026-03-28,Mikal Bridges,NYK,PRA,UNDER,21.75,20.3,4.6,65.0,16.3,-5.4,,,False,,DNP,,30.8,18.4,,,,2026-04-01 11:16:38,,,,,,,,,,,,,,,,,,,,,,,,,,,,,,,,,,,,,,,,,,,,,,,,,,,,,,,,,,,,,,,,,,,,,,,,,,
2026-03-28,Cedric Coward,MEM,PR,UNDER,21.0,22.6,4.8,64.6,16.8,-4.2,,,False,,LOSS,33.0,24.7,15.2,,,,,,,,,,,,,,,,,,,,,,,,,,,,,,,,,,,,,,,,,,,,,,,,,,,,,,,,,,,,,,,,,,,,,,,,,,,,,,
2026-03-28,Cedric Coward,MEM,PTS,UNDER,15.5,15.7,3.6,63.8,11.7,-3.8,,,False,,LOSS,24.0,24.7,12.2,,,,,,,,,,,,,,,,,,,,,,,,,,,,,,,,,,,,,,,,,,,,,,,,,,,,,,,,,,,,,,,,,,,,,,,,,,,,,,
2026-03-28,Collin Sexton,CHI,PR,UNDER,24.5,22.1,3.4,63.7,21.9,-2.6,,,False,,LOSS,27.0,26.8,20.0,,,,,,,,,,,,,,,,,,,,,,,,,,,,,,,,,,,,,,,,,,,,,,,,,,,,,,,,,,,,,,,,,,,,,,,,,,,,,,
2026-03-28,Malik Monk,SAC,PA,UNDER,21.75,20.0,3.3,63.6,18.7,-3.1,,,False,,WIN,17.0,27.9,18.0,,,,,,,,,,,,,,,,,,,,,,,,,,,,,,,,,,,,,,,,,,,,,,,,,,,,,,,,,,,,,,,,,,,,,,,,,,,,,,
2026-03-28,Jalen Johnson,ATL,PRA,UNDER,44.5,41.1,3.9,63.4,41.1,-3.4,,,False,,WIN,41.0,35.9,39.8,,,,,,,,,,,,,,,,,,,,,,,,,,,,,,,,,,,,,,,,,,,,,,,,,,,,,,,,,,,,,,,,,,,,,,,,,,,,,,
2026-03-28,Jalen Brunson,NYK,PR,UNDER,30.5,28.4,3.0,62.6,26.8,-3.7,,,False,,DNP,,36.2,28.6,,,,2026-04-01 11:16:38,,,,,,,,,,,,,,,,,,,,,,,,,,,,,,,,,,,,,,,,,,,,,,,,,,,,,,,,,,,,,,,,,,,,,,,,,,
2026-03-28,Rob Dillingham,CHI,PRA,UNDER,18.5,17.0,3.5,62.5,15.5,-3.0,,,False,,WIN,12.0,20.9,14.2,,,,,,,,,,,,,,,,,,,,,,,,,,,,,,,,,,,,,,,,,,,,,,,,,,,,,,,,,,,,,,,,,,,,,,,,,,,,,,
2026-03-28,CJ McCollum,ATL,PA,UNDER,26.75,24.5,2.6,61.6,23.4,-3.4,,,False,,LOSS,27.0,29.9,25.2,,,,,,,,,,,,,,,,,,,,,,,,,,,,,,,,,,,,,,,,,,,,,,,,,,,,,,,,,,,,,,,,,,,,,,,,,,,,,,
2026-03-28,Devin Carter,SAC,PRA,UNDER,22.5,17.4,3.1,61.5,17.5,-5.0,,,False,,WIN,5.0,26.0,22.2,,,,,,,,,,,,,,,,,,,,,,,,,,,,,,,,,,,,,,,,,,,,,,,,,,,,,,,,,,,,,,,,,,,,,,,,,,,,,,
2026-03-28,Leonard Miller,CHI,PRA,UNDER,23.5,15.3,2.8,60.7,20.4,-3.1,,,False,,WIN,9.0,24.3,21.2,,,,,,,,,,,,,,,,,,,,,,,,,,,,,,,,,,,,,,,,,,,,,,,,,,,,,,,,,,,,,,,,,,,,,,,,,,,,,,
2026-03-28,Shai Gilgeous-Alexander,OKC,PR,UNDER,37.0,40.1,2.6,58.6,34.2,-2.8,,,False,,DNP,,34.7,34.6,,,,2026-04-01 11:16:38,,,,,,,,,,,,,,,,,,,,,,,,,,,,,,,,,,,,,,,,,,,,,,,,,,,,,,,,,,,,,,,,,,,,,,,,,,
2026-03-28,Mikal Bridges,NYK,PR,UNDER,15.5,16.6,2.3,57.7,12.6,-2.9,,,False,,DNP,,30.8,14.0,,,,2026-04-01 11:16:38,,,,,,,,,,,,,,,,,,,,,,,,,,,,,,,,,,,,,,,,,,,,,,,,,,,,,,,,,,,,,,,,,,,,,,,,,,
2026-03-28,Mikal Bridges,NYK,PA,UNDER,15.5,15.9,2.0,56.8,12.3,-3.2,,,False,,DNP,,30.8,15.2,,,,2026-04-01 11:16:38,,,,,,,,,,,,,,,,,,,,,,,,,,,,,,,,,,,,,,,,,,,,,,,,,,,,,,,,,,,,,,,,,,,,,,,,,,
2026-03-29,Jericho Sims,MIL,TRB,UNDER,9.0,6.9,3.7,80.2,5.0,-4.0,,,False,,WIN,5.0,23.8,5.8,,,,,,,,,,,,,,,,,,,,,,,,,,,,,,,,,,,,,,,,,,,,,,,,,,,,,,,,,,,,,,,,,,,,,,,,,,,,,,
2026-03-29,Derrick White,BOS,AST,UNDER,6.5,5.3,2.8,79.4,4.0,-2.5,,,False,,DNP,,33.6,3.2,,,,2026-04-01 11:16:38,,,,,,,,,,,,,,,,,,,,,,,,,,,,,,,,,,,,,,,,,,,,,,,,,,,,,,,,,,,,,,,,,,,,,,,,,,
2026-03-29,Devin Carter,SAC,AST,UNDER,5.5,3.8,2.5,77.2,2.9,-2.6,,,False,,WIN,5.0,26.0,3.2,,,,,,,,,,,,,,,,,,,,,,,,,,,,,,,,,,,,,,,,,,,,,,,,,,,,,,,,,,,,,,,,,,,,,,,,,,,,,,
2026-03-29,Jrue Holiday,POR,PTS,UNDER,19.0,16.5,6.6,75.3,12.6,-6.4,,,False,,WIN,11.0,28.7,12.0,,,,,,,,,,,,,,,,,,,,,,,,,,,,,,,,,,,,,,,,,,,,,,,,,,,,,,,,,,,,,,,,,,,,,,,,,,,,,,
2026-03-29,Deni Avdija,POR,PR,UNDER,36.5,25.6,7.9,74.5,27.7,-8.8,,,False,,WIN,27.0,28.8,30.0,,,,,,,,,,,,,,,,,,,,,,,,,,,,,,,,,,,,,,,,,,,,,,,,,,,,,,,,,,,,,,,,,,,,,,,,,,,,,,
2026-03-29,Jrue Holiday,POR,PA,UNDER,26.5,22.6,7.9,74.5,18.4,-8.1,,,False,,WIN,13.0,28.7,19.0,,,,,,,,,,,,,,,,,,,,,,,,,,,,,,,,,,,,,,,,,,,,,,,,,,,,,,,,,,,,,,,,,,,,,,,,,,,,,,
2026-03-29,Jericho Sims,MIL,PRA,UNDER,21.5,17.4,9.0,73.8,12.4,-9.1,,,False,,WIN,14.0,23.8,12.6,,,,,,,,,,,,,,,,,,,,,,,,,,,,,,,,,,,,,,,,,,,,,,,,,,,,,,,,,,,,,,,,,,,,,,,,,,,,,,
2026-03-29,Jericho Sims,MIL,PR,UNDER,18.5,15.3,7.5,73.7,10.9,-7.6,,,False,,WIN,11.0,23.8,11.2,,,,,,,,,,,,,,,,,,,,,,,,,,,,,,,,,,,,,,,,,,,,,,,,,,,,,,,,,,,,,,,,,,,,,,,,,,,,,,
2026-03-29,Pascal Siakam,IND,TRB,UNDER,8.0,7.0,2.5,73.6,5.6,-2.4,,,False,,LOSS,11.0,31.9,5.4,,,,,,,,,,,,,,,,,,,,,,,,,,,,,,,,,,,,,,,,,,,,,,,,,,,,,,,,,,,,,,,,,,,,,,,,,,,,,,
2026-03-29,Jrue Holiday,POR,PR,UNDER,23.5,21.0,7.0,72.6,16.9,-6.6,,,False,,WIN,12.0,28.7,16.0,,,,,,,,,,,,,,,,,,,,,,,,,,,,,,,,,,,,,,,,,,,,,,,,,,,,,,,,,,,,,,,,,,,,,,,,,,,,,,
2026-03-29,Brandon Ingram,TOR,AST,UNDER,4.5,3.6,1.8,72.3,3.0,-1.5,,,False,,DNP,,34.0,2.2,,,,2026-04-01 11:16:38,,,,,,,,,,,,,,,,,,,,,,,,,,,,,,,,,,,,,,,,,,,,,,,,,,,,,,,,,,,,,,,,,,,,,,,,,,
2026-03-29,Ousmane Dieng,MIL,PA,UNDER,21.5,16.7,6.7,72.1,13.8,-7.7,,,False,,WIN,11.0,30.1,16.2,,,,,,,,,,,,,,,,,,,,,,,,,,,,,,,,,,,,,,,,,,,,,,,,,,,,,,,,,,,,,,,,,,,,,,,,,,,,,,
2026-03-29,Pelle Larsson,MIA,AST,UNDER,4.5,3.8,1.7,71.0,3.0,-1.5,,,False,,WIN,3.0,30.7,2.6,,,,,,,,,,,,,,,,,,,,,,,,,,,,,,,,,,,,,,,,,,,,,,,,,,,,,,,,,,,,,,,,,,,,,,,,,,,,,,
2026-03-29,Pascal Siakam,IND,AST,UNDER,4.5,4.3,1.6,70.1,2.9,-1.6,,,False,,LOSS,6.0,31.9,3.0,,,,,,,,,,,,,,,,,,,,,,,,,,,,,,,,,,,,,,,,,,,,,,,,,,,,,,,,,,,,,,,,,,,,,,,,,,,,,,
2026-03-29,Nique Clifford,SAC,PTS,UNDER,17.0,15.8,4.7,70.1,12.4,-4.6,,,False,,PUSH,17.0,30.8,12.2,,,,,,,,,,,,,,,,,,,,,,,,,,,,,,,,,,,,,,,,,,,,,,,,,,,,,,,,,,,,,,,,,,,,,,,,,,,,,,
2026-03-29,Jayson Tatum,BOS,PA,UNDER,29.5,30.7,7.1,69.9,22.9,-6.6,,,False,,LOSS,40.0,31.7,21.6,,,,,,,,,,,,,,,,,,,,,,,,,,,,,,,,,,,,,,,,,,,,,,,,,,,,,,,,,,,,,,,,,,,,,,,,,,,,,,
2026-03-29,Ousmane Dieng,MIL,PRA,UNDER,25.5,21.7,6.8,69.7,18.1,-7.4,,,False,,WIN,13.0,30.1,19.6,,,,,,,,,,,,,,,,,,,,,,,,,,,,,,,,,,,,,,,,,,,,,,,,,,,,,,,,,,,,,,,,,,,,,,,,,,,,,,
2026-03-29,Payton Pritchard,BOS,PRA,UNDER,28.5,27.4,6.8,69.7,20.9,-7.6,,,False,,LOSS,40.0,31.4,22.8,,,,,,,,,,,,,,,,,,,,,,,,,,,,,,,,,,,,,,,,,,,,,,,,,,,,,,,,,,,,,,,,,,,,,,,,,,,,,,
2026-03-29,Brandon Ingram,TOR,PR,UNDER,29.0,24.7,5.6,69.4,23.6,-5.4,,,False,,DNP,,34.0,23.2,,,,2026-04-01 11:16:38,,,,,,,,,,,,,,,,,,,,,,,,,,,,,,,,,,,,,,,,,,,,,,,,,,,,,,,,,,,,,,,,,,,,,,,,,,
2026-03-29,Deni Avdija,POR,PRA,UNDER,42.0,32.5,6.5,69.1,34.7,-7.3,,,False,,WIN,32.0,28.8,36.6,,,,,,,,,,,,,,,,,,,,,,,,,,,,,,,,,,,,,,,,,,,,,,,,,,,,,,,,,,,,,,,,,,,,,,,,,,,,,,
2026-03-29,Payton Pritchard,BOS,PA,UNDER,24.0,23.6,5.4,68.9,17.6,-6.4,,,False,,LOSS,34.0,31.4,20.2,,,,,,,,,,,,,,,,,,,,,,,,,,,,,,,,,,,,,,,,,,,,,,,,,,,,,,,,,,,,,,,,,,,,,,,,,,,,,,
2026-03-29,Jericho Sims,MIL,PA,UNDER,12.5,10.5,5.3,68.9,7.4,-5.1,,,False,,WIN,9.0,23.8,6.8,,,,,,,,,,,,,,,,,,,,,,,,,,,,,,,,,,,,,,,,,,,,,,,,,,,,,,,,,,,,,,,,,,,,,,,,,,,,,,
2026-03-29,Deni Avdija,POR,PTS,UNDER,26.5,19.0,4.3,68.8,21.6,-4.9,,,False,,WIN,20.0,28.8,23.2,,,,,,,,,,,,,,,,,,,,,,,,,,,,,,,,,,,,,,,,,,,,,,,,,,,,,,,,,,,,,,,,,,,,,,,,,,,,,,
2026-03-29,RJ Barrett,TOR,AST,UNDER,4.5,3.3,1.4,68.7,2.9,-1.6,,,False,,WIN,3.0,31.9,3.4,,,,,,,,,,,,,,,,,,,,,,,,,,,,,,,,,,,,,,,,,,,,,,,,,,,,,,,,,,,,,,,,,,,,,,,,,,,,,,
2026-03-29,Sam Hauser,BOS,PRA,UNDER,16.5,13.6,6.1,68.3,12.2,-4.3,,,False,,WIN,10.0,24.1,7.6,,,,,,,,,,,,,,,,,,,,,,,,,,,,,,,,,,,,,,,,,,,,,,,,,,,,,,,,,,,,,,,,,,,,,,,,,,,,,,
2026-03-29,Tari Eason,HOU,PA,UNDER,12.5,11.4,5.1,68.2,7.3,-5.2,,,False,,LOSS,16.0,21.9,7.6,,,,,,,,,,,,,,,,,,,,,,,,,,,,,,,,,,,,,,,,,,,,,,,,,,,,,,,,,,,,,,,,,,,,,,,,,,,,,,
2026-03-29,Will Riley,WAS,PRA,UNDER,27.5,22.3,6.0,68.1,21.4,-6.1,,,False,,WIN,16.0,30.3,21.6,,,,,,,,,,,,,,,,,,,,,,,,,,,,,,,,,,,,,,,,,,,,,,,,,,,,,,,,,,,,,,,,,,,,,,,,,,,,,,
2026-03-29,Mikal Bridges,NYK,PTS,UNDER,13.5,12.2,4.0,68.1,8.6,-4.9,,,False,,LOSS,15.0,30.8,10.8,,,,,,,,,,,,,,,,,,,,,,,,,,,,,,,,,,,,,,,,,,,,,,,,,,,,,,,,,,,,,,,,,,,,,,,,,,,,,,
2026-03-29,Brandon Ingram,TOR,PA,UNDER,26.5,22.5,5.0,68.0,21.7,-4.8,,,False,,DNP,,34.0,21.2,,,,2026-04-01 11:16:38,,,,,,,,,,,,,,,,,,,,,,,,,,,,,,,,,,,,,,,,,,,,,,,,,,,,,,,,,,,,,,,,,,,,,,,,,,
2026-03-29,Ousmane Dieng,MIL,PTS,UNDER,15.5,13.4,3.9,67.8,10.5,-5.0,,,False,,WIN,7.0,30.1,13.2,,,,,,,,,,,,,,,,,,,,,,,,,,,,,,,,,,,,,,,,,,,,,,,,,,,,,,,,,,,,,,,,,,,,,,,,,,,,,,
2026-03-29,Scottie Barnes,TOR,PA,UNDER,27.5,22.2,4.9,67.8,21.9,-5.6,,,False,,LOSS,38.0,31.6,23.6,,,,,,,,,,,,,,,,,,,,,,,,,,,,,,,,,,,,,,,,,,,,,,,,,,,,,,,,,,,,,,,,,,,,,,,,,,,,,,
2026-03-29,Will Riley,WAS,AST,UNDER,4.0,2.9,1.3,67.7,2.5,-1.5,,,False,,WIN,1.0,30.3,3.0,,,,,,,,,,,,,,,,,,,,,,,,,,,,,,,,,,,,,,,,,,,,,,,,,,,,,,,,,,,,,,,,,,,,,,,,,,,,,,
2026-03-29,Jericho Sims,MIL,PTS,UNDER,9.5,8.4,3.8,67.4,5.9,-3.6,,,False,,WIN,6.0,23.8,5.4,,,,,,,,,,,,,,,,,,,,,,,,,,,,,,,,,,,,,,,,,,,,,,,,,,,,,,,,,,,,,,,,,,,,,,,,,,,,,,
2026-03-29,Jrue Holiday,POR,PRA,UNDER,28.5,27.1,5.7,67.4,22.7,-5.8,,,False,,WIN,14.0,28.7,23.0,,,,,,,,,,,,,,,,,,,,,,,,,,,,,,,,,,,,,,,,,,,,,,,,,,,,,,,,,,,,,,,,,,,,,,,,,,,,,,
2026-03-29,Brandon Ingram,TOR,PTS,UNDER,22.5,18.9,3.7,67.0,18.7,-3.8,,,False,,DNP,,34.0,19.0,,,,2026-04-01 11:16:38,,,,,,,,,,,,,,,,,,,,,,,,,,,,,,,,,,,,,,,,,,,,,,,,,,,,,,,,,,,,,,,,,,,,,,,,,,
2026-03-29,Tari Eason,HOU,PTS,UNDER,10.0,9.7,3.6,66.8,6.1,-3.9,,,False,,LOSS,15.0,21.9,6.8,,,,,,,,,,,,,,,,,,,,,,,,,,,,,,,,,,,,,,,,,,,,,,,,,,,,,,,,,,,,,,,,,,,,,,,,,,,,,,
2026-03-29,Brandon Ingram,TOR,PRA,UNDER,31.5,28.3,5.4,66.7,26.6,-4.9,,,False,,DNP,,34.0,25.4,,,,2026-04-01 11:16:38,,,,,,,,,,,,,,,,,,,,,,,,,,,,,,,,,,,,,,,,,,,,,,,,,,,,,,,,,,,,,,,,,,,,,,,,,,
2026-03-29,Deni Avdija,POR,PA,UNDER,33.5,25.9,4.4,66.6,28.6,-4.9,,,False,,WIN,25.0,28.8,29.8,,,,,,,,,,,,,,,,,,,,,,,,,,,,,,,,,,,,,,,,,,,,,,,,,,,,,,,,,,,,,,,,,,,,,,,,,,,,,,
2026-03-29,Nic Claxton,BKN,PRA,UNDER,21.5,20.7,5.3,66.6,16.3,-5.2,,,False,,WIN,20.0,22.5,16.0,,,,,,,,,,,,,,,,,,,,,,,,,,,,,,,,,,,,,,,,,,,,,,,,,,,,,,,,,,,,,,,,,,,,,,,,,,,,,,
2026-03-29,Will Riley,WAS,PA,UNDER,22.0,17.7,4.3,66.3,17.5,-4.5,,,False,,WIN,15.0,30.3,18.0,,,,,,,,,,,,,,,,,,,,,,,,,,,,,,,,,,,,,,,,,,,,,,,,,,,,,,,,,,,,,,,,,,,,,,,,,,,,,,
2026-03-29,Kristaps Porziņģis,GSW,PR,UNDER,25.0,22.5,4.3,66.3,19.8,-5.2,,,False,,LOSS,26.0,22.7,22.0,,,,,,,,,,,,,,,,,,,,,,,,,,,,,,,,,,,,,,,,,,,,,,,,,,,,,,,,,,,,,,,,,,,,,,,,,,,,,,
2026-03-29,Devin Carter,SAC,PRA,UNDER,24.5,17.4,5.1,66.2,17.5,-7.0,,,False,,LOSS,33.0,26.0,22.2,,,,,,,,,,,,,,,,,,,,,,,,,,,,,,,,,,,,,,,,,,,,,,,,,,,,,,,,,,,,,,,,,,,,,,,,,,,,,,
2026-03-29,Kristaps Porziņģis,GSW,PTS,UNDER,19.5,17.7,3.3,65.9,15.6,-3.9,,,False,,LOSS,23.0,22.7,17.0,,,,,,,,,,,,,,,,,,,,,,,,,,,,,,,,,,,,,,,,,,,,,,,,,,,,,,,,,,,,,,,,,,,,,,,,,,,,,,
2026-03-29,Zion Williamson,NOP,PA,UNDER,26.5,24.0,4.1,65.8,22.6,-3.9,,,False,,WIN,21.0,31.4,22.0,,,,,,,,,,,,,,,,,,,,,,,,,,,,,,,,,,,,,,,,,,,,,,,,,,,,,,,,,,,,,,,,,,,,,,,,,,,,,,
2026-03-29,Noah Clowney,BKN,PA,UNDER,14.5,10.0,4.0,65.6,11.7,-2.8,,,False,,LOSS,16.0,16.7,8.6,,,,,,,,,,,,,,,,,,,,,,,,,,,,,,,,,,,,,,,,,,,,,,,,,,,,,,,,,,,,,,,,,,,,,,,,,,,,,,
2026-03-29,Scottie Barnes,TOR,PR,UNDER,26.5,22.6,4.0,65.5,22.3,-4.2,,,False,,LOSS,28.0,31.6,22.8,,,,,,,,,,,,,,,,,,,,,,,,,,,,,,,,,,,,,,,,,,,,,,,,,,,,,,,,,,,,,,,,,,,,,,,,,,,,,,
2026-03-29,Kristaps Porziņģis,GSW,PA,UNDER,22.5,20.7,3.8,64.9,18.1,-4.4,,,False,,LOSS,25.0,22.7,19.6,,,,,,,,,,,,,,,,,,,,,,,,,,,,,,,,,,,,,,,,,,,,,,,,,,,,,,,,,,,,,,,,,,,,,,,,,,,,,,
2026-03-29,Payton Pritchard,BOS,PR,UNDER,22.5,22.6,4.9,64.8,16.8,-5.7,,,False,,LOSS,34.0,31.4,18.8,,,,,,,,,,,,,,,,,,,,,,,,,,,,,,,,,,,,,,,,,,,,,,,,,,,,,,,,,,,,,,,,,,,,,,,,,,,,,,
2026-03-29,Will Riley,WAS,PTS,UNDER,18.0,14.8,3.0,64.8,15.0,-3.0,,,False,,WIN,14.0,30.3,15.0,,,,,,,,,,,,,,,,,,,,,,,,,,,,,,,,,,,,,,,,,,,,,,,,,,,,,,,,,,,,,,,,,,,,,,,,,,,,,,
2026-03-29,Brandon Miller,CHA,PTS,UNDER,21.5,19.7,3.0,64.8,17.9,-3.6,,,False,,WIN,13.0,31.5,19.4,,,,,,,,,,,,,,,,,,,,,,,,,,,,,,,,,,,,,,,,,,,,,,,,,,,,,,,,,,,,,,,,,,,,,,,,,,,,,,
2026-03-29,Tristan Vukcevic,WAS,PA,UNDER,17.0,14.3,3.7,64.7,12.4,-4.6,,,False,,WIN,10.0,19.5,14.6,,,,,,,,,,,,,,,,,,,,,,,,,,,,,,,,,,,,,,,,,,,,,,,,,,,,,,,,,,,,,,,,,,,,,,,,,,,,,,
2026-03-29,Scoot Henderson,POR,PA,UNDER,22.5,20.4,3.7,64.6,19.9,-2.6,,,False,,LOSS,28.0,25.3,17.2,,,,,,,,,,,,,,,,,,,,,,,,,,,,,,,,,,,,,,,,,,,,,,,,,,,,,,,,,,,,,,,,,,,,,,,,,,,,,,
2026-03-29,Kristaps Porziņģis,GSW,PRA,UNDER,27.5,25.5,4.3,64.3,22.3,-5.2,,,False,,LOSS,28.0,22.7,24.6,,,,,,,,,,,,,,,,,,,,,,,,,,,,,,,,,,,,,,,,,,,,,,,,,,,,,,,,,,,,,,,,,,,,,,,,,,,,,,
2026-03-29,Jayson Tatum,BOS,PTS,UNDER,22.5,25.1,3.8,64.3,18.8,-3.7,,,False,,LOSS,32.0,31.7,18.6,,,,,,,,,,,,,,,,,,,,,,,,,,,,,,,,,,,,,,,,,,,,,,,,,,,,,,,,,,,,,,,,,,,,,,,,,,,,,,
2026-03-29,Scottie Barnes,TOR,PRA,UNDER,33.5,28.4,4.2,64.0,28.5,-5.0,,,False,,LOSS,43.0,31.6,30.6,,,,,,,,,,,,,,,,,,,,,,,,,,,,,,,,,,,,,,,,,,,,,,,,,,,,,,,,,,,,,,,,,,,,,,,,,,,,,,
2026-03-29,Payton Pritchard,BOS,PTS,UNDER,18.0,18.8,3.4,63.2,13.5,-4.5,,,False,,LOSS,28.0,31.4,16.2,,,,,,,,,,,,,,,,,,,,,,,,,,,,,,,,,,,,,,,,,,,,,,,,,,,,,,,,,,,,,,,,,,,,,,,,,,,,,,
2026-03-29,Tristan Vukcevic,WAS,PR,UNDER,19.5,17.3,3.0,62.6,15.7,-3.8,,,False,,WIN,12.0,19.5,17.8,,,,,,,,,,,,,,,,,,,,,,,,,,,,,,,,,,,,,,,,,,,,,,,,,,,,,,,,,,,,,,,,,,,,,,,,,,,,,,
2026-03-29,Nikola Jokić,DEN,PTS,UNDER,26.5,26.8,3.2,62.4,23.0,-3.5,,,False,,WIN,25.0,35.7,23.8,,,,,,,,,,,,,,,,,,,,,,,,,,,,,,,,,,,,,,,,,,,,,,,,,,,,,,,,,,,,,,,,,,,,,,,,,,,,,,
2026-03-29,Brandon Miller,CHA,PR,UNDER,26.75,25.9,2.8,62.0,24.1,-2.6,,,False,,WIN,19.0,31.5,23.8,,,,,,,,,,,,,,,,,,,,,,,,,,,,,,,,,,,,,,,,,,,,,,,,,,,,,,,,,,,,,,,,,,,,,,,,,,,,,,
2026-03-29,Kon Knueppel,CHA,PR,UNDER,26.0,24.1,2.8,62.0,23.5,-2.5,,,False,,WIN,17.0,30.2,22.8,,,,,,,,,,,,,,,,,,,,,,,,,,,,,,,,,,,,,,,,,,,,,,,,,,,,,,,,,,,,,,,,,,,,,,,,,,,,,,
2026-03-29,Mikal Bridges,NYK,PA,UNDER,16.0,15.9,2.5,61.3,12.3,-3.7,,,False,,PUSH,16.0,30.8,15.2,,,,,,,,,,,,,,,,,,,,,,,,,,,,,,,,,,,,,,,,,,,,,,,,,,,,,,,,,,,,,,,,,,,,,,,,,,,,,,
2026-03-29,Jayson Tatum,BOS,PRA,UNDER,36.0,39.9,4.2,61.2,32.0,-4.0,,,False,,LOSS,45.0,31.7,31.4,,,,,,,,,,,,,,,,,,,,,,,,,,,,,,,,,,,,,,,,,,,,,,,,,,,,,,,,,,,,,,,,,,,,,,,,,,,,,,
2026-03-29,Jayson Tatum,BOS,PR,UNDER,31.5,34.3,3.4,60.8,27.9,-3.6,,,False,,LOSS,37.0,31.7,28.4,,,,,,,,,,,,,,,,,,,,,,,,,,,,,,,,,,,,,,,,,,,,,,,,,,,,,,,,,,,,,,,,,,,,,,,,,,,,,,
2026-03-29,Reed Sheppard,HOU,PA,UNDER,22.0,22.3,3.4,60.7,17.6,-4.4,,,False,,WIN,8.0,31.8,20.2,,,,,,,,,,,,,,,,,,,,,,,,,,,,,,,,,,,,,,,,,,,,,,,,,,,,,,,,,,,,,,,,,,,,,,,,,,,,,,
2026-03-29,Nic Claxton,BKN,PR,UNDER,17.75,17.9,3.4,60.7,14.1,-3.7,,,False,,WIN,17.0,22.5,14.8,,,,,,,,,,,,,,,,,,,,,,,,,,,,,,,,,,,,,,,,,,,,,,,,,,,,,,,,,,,,,,,,,,,,,,,,,,,,,,
2026-03-29,Toumani Camara,POR,PRA,UNDER,23.0,17.7,2.6,60.2,19.7,-3.3,,,False,,LOSS,31.0,29.3,21.4,,,,,,,,,,,,,,,,,,,,,,,,,,,,,,,,,,,,,,,,,,,,,,,,,,,,,,,,,,,,,,,,,,,,,,,,,,,,,,
2026-03-29,Nic Claxton,BKN,PA,UNDER,13.0,13.8,3.1,60.0,10.1,-2.9,,,False,,PUSH,13.0,22.5,9.6,,,,,,,,,,,,,,,,,,,,,,,,,,,,,,,,,,,,,,,,,,,,,,,,,,,,,,,,,,,,,,,,,,,,,,,,,,,,,,
2026-03-29,Brook Lopez,LAC,PA,UNDER,14.5,13.5,2.1,60.0,11.2,-3.3,,,False,,WIN,9.0,26.4,14.2,,,,,,,,,,,,,,,,,,,,,,,,,,,,,,,,,,,,,,,,,,,,,,,,,,,,,,,,,,,,,,,,,,,,,,,,,,,,,,
2026-03-29,Toumani Camara,POR,PR,UNDER,20.5,15.1,2.0,59.7,17.5,-3.0,,,False,,LOSS,30.0,29.3,20.0,,,,,,,,,,,,,,,,,,,,,,,,,,,,,,,,,,,,,,,,,,,,,,,,,,,,,,,,,,,,,,,,,,,,,,,,,,,,,,
2026-03-29,Donovan Clingan,POR,PR,UNDER,31.5,28.2,1.9,59.4,28.5,-3.0,,,False,,WIN,11.0,27.1,31.2,,,,,,,,,,,,,,,,,,,,,,,,,,,,,,,,,,,,,,,,,,,,,,,,,,,,,,,,,,,,,,,,,,,,,,,,,,,,,,
2026-03-29,Mikal Bridges,NYK,PR,UNDER,16.0,16.6,2.8,59.2,12.6,-3.4,,,False,,PUSH,16.0,30.8,14.0,,,,,,,,,,,,,,,,,,,,,,,,,,,,,,,,,,,,,,,,,,,,,,,,,,,,,,,,,,,,,,,,,,,,,,,,,,,,,,
2026-03-29,Nique Clifford,SAC,PA,UNDER,19.5,19.7,2.7,58.9,16.5,-3.0,,,False,,WIN,19.0,30.8,17.2,,,,,,,,,,,,,,,,,,,,,,,,,,,,,,,,,,,,,,,,,,,,,,,,,,,,,,,,,,,,,,,,,,,,,,,,,,,,,,
2026-03-29,Nolan Traore,BKN,PA,UNDER,15.5,18.2,2.6,58.6,12.4,-3.1,,,False,,LOSS,23.0,20.9,13.6,,,,,,,,,,,,,,,,,,,,,,,,,,,,,,,,,,,,,,,,,,,,,,,,,,,,,,,,,,,,,,,,,,,,,,,,,,,,,,
2026-03-29,Nolan Traore,BKN,PRA,UNDER,17.5,21.7,2.6,57.2,14.3,-3.2,,,False,,LOSS,26.0,20.9,15.8,,,,,,,,,,,,,,,,,,,,,,,,,,,,,,,,,,,,,,,,,,,,,,,,,,,,,,,,,,,,,,,,,,,,,,,,,,,,,,
2026-03-29,Nolan Traore,BKN,PR,UNDER,12.5,16.9,2.0,56.7,10.0,-2.5,,,False,,LOSS,20.0,20.9,11.2,,,,,,,,,,,,,,,,,,,,,,,,,,,,,,,,,,,,,,,,,,,,,,,,,,,,,,,,,,,,,,,,,,,,,,,,,,,,,,
2026-03-29,Moussa Diabaté,CHA,PR,UNDER,18.0,18.5,1.8,55.9,15.2,-2.8,,,False,,WIN,10.0,28.9,17.8,,,,,,,,,,,,,,,,,,,,,,,,,,,,,,,,,,,,,,,,,,,,,,,,,,,,,,,,,,,,,,,,,,,,,,,,,,,,,,
2026-03-30,Caris LeVert,DET,AST,UNDER,4.5,3.0,1.2,67.0,2.8,-1.7,,,False,,WIN,2.0,18.2,4.0,53.5,0.7429,0.6805,,,,,,,,,,,,,,,,,,,,,,,,,,,,,,,,,,,,,,,,,,,,,,,,,,,,,,,,,,,,,,,,,,,,,,,,,,,
2026-03-30,Bennedict Mathurin,LAC,TRB,UNDER,8.5,6.7,2.9,76.2,5.7,-2.8,,,False,,DNP,,30.0,5.4,54.4,0.6522,0.6197,2026-04-01 11:16:38,,,,,,,,,,,,,,,,,,,,,,,,,,,,,,,,,,,,,,,,,,,,,,,,,,,,,,,,,,,,,,,,,,,,,,,,,,
2026-03-31,Donovan Mitchell,CLE,AST,UNDER,7.0,5.7,2.2,75.5,5.4,-1.6,,,False,,WIN,6.0,33.5,3.8,54.4,0.75,0.6882,,,,,,,,,,,,,,,,,,,,,,,,,,,,,,,,,,,,,,,,,,,,,,,,,,,,,,,,,,,,,,,,,,,,,,,,,,,
2026-03-31,Jamal Shead,TOR,AST,UNDER,8.0,6.6,1.5,69.6,5.9,-2.1,,,False,,LOSS,12.0,25.1,7.4,54.4,0.75,0.6882,,,,,,,,,,,,,,,,,,,,,,,,,,,,,,,,,,,,,,,,,,,,,,,,,,,,,,,,,,,,,,,,,,,,,,,,,,,
2026-03-31,Ausar Thompson,DET,TRB,UNDER,8.0,5.6,3.5,79.5,4.5,-3.5,,,False,,WIN,7.0,28.0,4.4,54.4,0.6522,0.6197,,,,,,,,,,,,,,,,,,,,,,,,,,,,,,,,,,,,,,,,,,,,,,,,,,,,,,,,,,,,,,,,,,,,,,,,,,,
2026-03-31,Deni Avdija,POR,TRB,UNDER,8.5,7.3,2.0,70.7,6.5,-2.0,,,False,,LOSS,11.0,30.5,6.4,54.4,0.6522,0.6197,,,,,,,,,,,,,,,,,,,,,,,,,,,,,,,,,,,,,,,,,,,,,,,,,,,,,,,,,,,,,,,,,,,,,,,,,,,
2026-03-31,Ja'Kobe Walter,TOR,TRB,UNDER,5.0,3.4,2.5,74.0,2.5,-2.5,,,False,,WIN,4.0,24.7,2.4,54.4,0.6522,0.6197,,,,,,,,,,,,,,,,,,,,,,,,,,,,,,,,,,,,,,,,,,,,,,,,,,,,,,,,,,,,,,,,,,,,,,,,,,,
2026-03-31,Deni Avdija,POR,PA,UNDER,34.5,29.8,6.3,71.1,28.6,-5.9,,,False,,LOSS,36.0,30.5,27.6,54.4,0.5977,0.5816,,,,,,,,,,,,,,,,,,,,,,,,,,,,,,,,,,,,,,,,,,,,,,,,,,,,,,,,,,,,,,,,,,,,,,,,,,,
2026-03-31,Jamal Shead,TOR,PA,UNDER,13.0,13.3,2.3,57.6,10.1,-2.9,,,False,,LOSS,18.0,25.1,11.6,53.5,0.5977,0.5789,,,,,,,,,,,,,,,,,,,,,,,,,,,,,,,,,,,,,,,,,,,,,,,,,,,,,,,,,,,,,,,,,,,,,,,,,,,
2026-04-01,OG Anunoby,NYK,PTS,UNDER,15.5,12.3,-3.2,92.3,18.2,2.7,5.2,,False,,LOSS,25.0,34.1,14.6,92.3,0.687,0.854,2026-04-02 18:35:22,94.8,68.7,1.79,,,,,,,,,,,,,,,,,,,,,,,,,,,,,,,,,,,,,,,,,,,,,,,,,,,,,,,,,,,,,,,,,,,,,,,
2026-04-01,Derrick White,BOS,PTS,UNDER,16.5,12.4,-4.1,92.8,15.8,-0.7,9.7,,False,,WIN,6.0,33.8,12.4,92.8,0.687,0.836,2026-04-02 18:35:22,90.3,68.7,1.79,,,,,,,,,,,,,,,,,,,,,,,,,,,,,,,,,,,,,,,,,,,,,,,,,,,,,,,,,,,,,,,,,,,,,,,
2026-04-01,Victor Wembanyama,SAS,PTS,OVER,24.75,35.1,10.4,88.9,26.1,1.4,88.5,,False,,WIN,41.0,30.7,24.4,88.9,0.687,0.8288,2026-04-02 18:35:22,88.5,68.7,1.79,,,,,,,,,,,,,,,,,,,,,,,,,,,,,,,,,,,,,,,,,,,,,,,,,,,,,,,,,,,,,,,,,,,,,,,
2026-04-01,Jalen Brunson,NYK,PR,UNDER,27.5,23.1,-4.4,85.7,30.2,2.7,10.9,,False,,DNP,,36.5,28.6,85.7,0.67,0.8244,2026-04-02 18:35:22,89.1,67.0,2.19,,,,,,,,,,,,,,,,,,,,,,,,,,,,,,,,,,,,,,,,,,,,,,,,,,,,,,,,,,,,,,,,,,,,,,,
2026-04-01,Mikal Bridges,NYK,PRA,UNDER,22.0,17.3,-4.7,92.3,17.0,-5.0,8.7,,False,,LOSS,27.0,30.9,18.8,92.3,0.643,0.8224,2026-04-02 18:35:22,91.3,64.3,2.43,,,,,,,,,,,,,,,,,,,,,,,,,,,,,,,,,,,,,,,,,,,,,,,,,,,,,,,,,,,,,,,,,,,,,,,
2026-04-01,Ace Bailey,UTA,PR,UNDER,24.5,21.5,-3.0,86.0,24.6,0.1,7.3,,False,,WIN,13.0,31.6,27.2,86.0,0.67,0.8214,2026-04-02 18:35:22,92.7,67.0,2.19,,,,,,,,,,,,,,,,,,,,,,,,,,,,,,,,,,,,,,,,,,,,,,,,,,,,,,,,,,,,,,,,,,,,,,,
2026-04-01,Jamal Murray,DEN,PR,UNDER,32.0,27.7,-4.3,88.1,30.7,-1.3,12.0,,False,,LOSS,42.0,36.1,35.6,88.1,0.67,0.82,2026-04-02 18:35:22,88.0,67.0,2.19,,,,,,,,,,,,,,,,,,,,,,,,,,,,,,,,,,,,,,,,,,,,,,,,,,,,,,,,,,,,,,,,,,,,,,,
2026-04-01,Pascal Siakam,IND,PRA,OVER,35.5,40.7,5.2,85.8,32.1,-3.4,90.5,,False,,LOSS,34.0,31.8,29.4,85.8,0.643,0.8192,2026-04-02 18:35:22,90.5,64.3,2.43,,,,,,,,,,,,,,,,,,,,,,,,,,,,,,,,,,,,,,,,,,,,,,,,,,,,,,,,,,,,,,,,,,,,,,,
2026-04-02,De'Anthony Melton,GSW,PTS,UNDER,13.5,9.0,-4.5,90.5,14.4,0.9,8.6,,False,,WIN,5.0,25.4,10.6,90.5,0.688,0.8412,2026-04-03 09:20:39,91.5,68.8,2.04,,,,,,,,,,,,,,,,,,,,,,,,,,,,,,,,,,,,,,,,,,,,,,,,,,,,,,,,,,,,,,,,,,,,,,,
2026-04-02,Evan Mobley,CLE,PA,UNDER,24.5,19.0,-5.5,91.8,25.4,0.9,3.7,,False,,WIN,17.0,31.8,24.2,91.8,0.634,0.8388,2026-04-03 09:20:39,96.3,63.4,2.58,,,,,,,,,,,,,,,,,,,,,,,,,,,,,,,,,,,,,,,,,,,,,,,,,,,,,,,,,,,,,,,,,,,,,,,
2026-04-02,Jarrett Allen,CLE,PTS,OVER,14.0,19.7,5.7,90.8,19.0,5.0,86.6,,False,,WIN,16.0,27.0,19.6,90.8,0.688,0.8216,2026-04-03 09:20:39,86.6,68.8,2.14,,,,,,,,,,,,,,,,,,,,,,,,,,,,,,,,,,,,,,,,,,,,,,,,,,,,,,,,,,,,,,,,,,,,,,,
2026-04-02,Shai Gilgeous-Alexander,OKC,PRA,OVER,39.5,45.9,6.4,89.0,41.2,1.7,90.6,,False,,WIN,42.0,34.5,38.8,89.0,0.648,0.8216,2026-04-03 09:20:39,90.6,64.8,2.44,,,,,,,,,,,,,,,,,,,,,,,,,,,,,,,,,,,,,,,,,,,,,,,,,,,,,,,,,,,,,,,,,,,,,,,
2026-04-02,Donovan Clingan,POR,PRA,UNDER,29.5,23.1,-6.4,88.7,29.7,0.2,9.9,,False,,WIN,15.0,27.7,24.2,88.7,0.648,0.8196,2026-04-03 09:20:39,90.1,64.8,2.69,,,,,,,,,,,,,,,,,,,,,,,,,,,,,,,,,,,,,,,,,,,,,,,,,,,,,,,,,,,,,,,,,,,,,,,
2026-04-02,De'Aaron Fox,SAS,PTS,UNDER,17.0,13.0,-4.0,86.9,17.2,0.2,15.0,,False,,LOSS,22.0,27.1,14.0,86.9,0.688,0.8152,2026-04-03 09:20:39,85.0,68.8,2.04,,,,,,,,,,,,,,,,,,,,,,,,,,,,,,,,,,,,,,,,,,,,,,,,,,,,,,,,,,,,,,,,,,,,,,,
2026-04-02,Donovan Mitchell,CLE,PA,UNDER,32.0,27.0,-5.0,89.3,30.2,-1.8,13.8,,False,,WIN,28.0,33.6,31.6,89.3,0.634,0.7984,2026-04-03 09:20:39,86.2,63.4,2.58,,,,,,,,,,,,,,,,,,,,,,,,,,,,,,,,,,,,,,,,,,,,,,,,,,,,,,,,,,,,,,,,,,,,,,,
2026-04-03,Daniel Gafford,DAL,BLK,UNDER,1.5,0.8,-0.7,78.0,0.8,-0.7,,,False,,LOSS,2.0,,0.8,78.0,0.78,0.803,2026-04-05 07:04:43,78.0,78.0,0.5,False,,,,,,,,,,,,,,,,,,,,,,,,,,,,,,,,,,,,,,,,,,,,,,,,,,,,,,,,,,,,,,,,,,,,,,
2026-04-03,Onyeka Okongwu,ATL,BLK,UNDER,1.5,1.0,-0.5,78.0,1.0,-0.5,,,False,,LOSS,2.0,,0.6,78.0,0.78,0.763,2026-04-05 07:04:43,78.0,78.0,0.5,False,,,,,,,,,,,,,,,,,,,,,,,,,,,,,,,,,,,,,,,,,,,,,,,,,,,,,,,,,,,,,,,,,,,,,,
2026-04-03,Neemias Queta,BOS,BLK,UNDER,1.5,1.0,-0.5,78.0,1.0,-0.5,,,False,,LOSS,4.0,,0.8,78.0,0.78,0.763,2026-04-05 07:04:43,78.0,78.0,0.5,False,,,,,,,,,,,,,,,,,,,,,,,,,,,,,,,,,,,,,,,,,,,,,,,,,,,,,,,,,,,,,,,,,,,,,,
2026-04-03,Myles Turner,MIL,BLK,UNDER,1.5,1.0,-0.5,78.0,1.0,-0.5,,,False,,LOSS,2.0,,1.2,78.0,0.78,0.763,2026-04-05 07:04:43,78.0,78.0,0.5,False,,,,,,,,,,,,,,,,,,,,,,,,,,,,,,,,,,,,,,,,,,,,,,,,,,,,,,,,,,,,,,,,,,,,,,
2026-04-03,Precious Achiuwa,SAC,BLK,UNDER,1.5,1.1,-0.4,78.0,1.1,-0.4,,,False,,WIN,0.0,,0.6,78.0,0.78,0.743,2026-04-05 07:04:43,78.0,78.0,0.5,False,,,,,,,,,,,,,,,,,,,,,,,,,,,,,,,,,,,,,,,,,,,,,,,,,,,,,,,,,,,,,,,,,,,,,,
2026-04-03,Donte DiVincenzo,MIN,STL,UNDER,1.5,0.9,-0.6,73.0,0.9,-0.6,,,False,,WIN,0.0,,1.0,73.0,0.73,0.7405,2026-04-05 07:04:43,73.0,73.0,0.5,False,,,,,,,,,,,,,,,,,,,,,,,,,,,,,,,,,,,,,,,,,,,,,,,,,,,,,,,,,,,,,,,,,,,,,,
2026-04-03,VJ Edgecombe,PHI,STL,UNDER,1.5,0.9,-0.6,73.0,0.9,-0.6,,,False,,LOSS,2.0,,1.0,73.0,0.73,0.7405,2026-04-05 07:04:43,73.0,73.0,0.5,False,,,,,,,,,,,,,,,,,,,,,,,,,,,,,,,,,,,,,,,,,,,,,,,,,,,,,,,,,,,,,,,,,,,,,,
2026-04-03,Jay Huff,IND,BLK,UNDER,1.5,1.3,-0.2,78.0,1.3,-0.2,,,False,,WIN,1.0,,1.0,78.0,0.78,0.703,2026-04-05 07:04:43,78.0,78.0,0.5,False,,,,,,,,,,,,,,,,,,,,,,,,,,,,,,,,,,,,,,,,,,,,,,,,,,,,,,,,,,,,,,,,,,,,,,
2026-04-03,Derrick White,BOS,STL,UNDER,1.5,1.1,-0.4,73.0,1.1,-0.4,,,False,,WIN,0.0,,1.2,73.0,0.73,0.7005,2026-04-05 07:04:43,73.0,73.0,0.5,False,,,,,,,,,,,,,,,,,,,,,,,,,,,,,,,,,,,,,,,,,,,,,,,,,,,,,,,,,,,,,,,,,,,,,,
2026-04-03,OG Anunoby,NYK,STL,UNDER,1.5,1.1,-0.4,73.0,1.1,-0.4,,,False,,WIN,0.0,,1.2,73.0,0.73,0.7005,2026-04-05 07:04:43,73.0,73.0,0.5,False,,,,,,,,,,,,,,,,,,,,,,,,,,,,,,,,,,,,,,,,,,,,,,,,,,,,,,,,,,,,,,,,,,,,,,
2026-04-05,Jay Huff,IND,BLK,UNDER,1.5,1.0,-0.8,83.2,1.0,-0.5,12.7,0.0,False,,WIN,1.0,19.4,0.8,83.2,0.628,0.7249,2026-04-06 05:10:12,81.7,62.8,0.6,False,66.3,-0.95,0.125,0.455,market_model,,,,,,,,,,,,,,,,,,,,,,,,,,,,,,,,,,,,,,,,,,,,,,,,,,,,,,,,,,,,,,,,,
2026-04-05,Amen Thompson,HOU,STL,UNDER,2.5,1.2,-1.2,82.3,1.2,-1.3,22.9,0.0,False,,WIN,1.0,37.4,1.4,82.3,0.633,0.7062,2026-04-06 05:10:12,73.9,63.3,0.6,False,60.5,-1.09,0.083,0.207,market_model,,,,,,,,,,,,,,,,,,,,,,,,,,,,,,,,,,,,,,,,,,,,,,,,,,,,,,,,,,,,,,,,,
2026-04-05,Cody Williams,UTA,BLK,UNDER,1.0,0.4,-0.7,79.6,0.3,-0.7,8.3,0.0,False,,WIN,0.0,32.9,0.4,79.6,0.628,0.7012,2026-04-06 05:10:12,82.6,62.8,0.6,False,63.2,-0.69,0.105,0.092,market_model,,,,,,,,,,,,,,,,,,,,,,,,,,,,,,,,,,,,,,,,,,,,,,,,,,,,,,,,,,,,,,,,,
2026-04-05,Olivier-Maxence Prosper,MEM,STL,UNDER,2.5,1.2,-0.8,72.5,1.5,-1.0,19.6,0.0,False,,WIN,0.0,24.0,1.6,72.5,0.633,0.6963,2026-04-06 05:10:12,73.5,63.3,0.6,False,63.1,-0.43,0.03,0.867,market_model,,,,,,,,,,,,,,,,,,,,,,,,,,,,,,,,,,,,,,,,,,,,,,,,,,,,,,,,,,,,,,,,,
2026-04-05,Scoot Henderson,POR,TRB,UNDER,4.0,2.8,-1.0,68.7,2.7,-1.3,31.0,0.0,False,,DNP,,25.2,2.8,68.7,0.556,0.6903,2026-04-06 05:10:12,67.4,55.6,0.78,False,75.6,-0.83,0.014,0.366,market_model,,,,,,,,,,,,,,,,,,,,,,,,,,,,,,,,,,,,,,,,,,,,,,,,,,,,,,,,,,,,,,,,,
2026-04-05,Kawhi Leonard,LAC,STL,UNDER,2.5,1.7,-0.9,78.6,1.7,-0.8,33.9,0.0,False,,WIN,0.0,31.6,1.6,78.6,0.633,0.6812,2026-04-06 05:10:12,66.3,63.3,0.6,False,58.5,-0.99,0.022,0.186,market_model,,,,,,,,,,,,,,,,,,,,,,,,,,,,,,,,,,,,,,,,,,,,,,,,,,,,,,,,,,,,,,,,,
2026-04-06,Ousmane Dieng,MIL,BLK,UNDER,1.0,0.3,-0.7,81.2,0.3,-0.7,6.6,,True,"Gary Trent Jr., Bobby Portis, Kyle Kuzma",DNP,,32.9,0.2,81.2,0.628,0.7263,2026-04-07 05:32:28,84.6,62.8,0.6,False,69.9,-0.66,0.184,0.044,market_model,,,,,,,,,,,,,,,,,,,,,,,,,,,,,,,,,,,,,,,,,,,,,,,,,,,,,,,,,,,,,,,,,
2026-04-06,Kawhi Leonard,LAC,STL,UNDER,2.5,1.5,-1.0,80.3,1.7,-0.8,27.9,0.0,True,"Isaiah Jackson, Yanic Konan Niederhäuser, Bradley Beal",DNP,,31.2,1.4,80.3,0.633,0.6881,2026-04-07 05:32:28,69.9,63.3,0.6,False,57.8,-0.99,0.04,0.009,market_model,,,,,,,,,,,,,,,,,,,,,,,,,,,,,,,,,,,,,,,,,,,,,,,,,,,,,,,,,,,,,,,,,
2026-04-06,Jalen Suggs,ORL,BLK,UNDER,1.5,0.5,-0.9,81.5,0.6,-0.9,12.6,0.0,False,,WIN,1.0,30.4,0.4,81.5,0.628,0.6863,2026-04-07 05:32:28,78.2,62.8,0.6,False,50.8,-0.79,0.091,0.21,market_model,,,,,,,,,,,,,,,,,,,,,,,,,,,,,,,,,,,,,,,,,,,,,,,,,,,,,,,,,,,,,,,,,
2026-04-06,Nikola Jokić,DEN,AST,UNDER,11.0,11.8,-1.1,68.1,12.7,1.7,27.0,0.0,True,"Spencer Jones, Peyton Watson",LOSS,13.0,35.8,12.8,68.1,0.576,0.6606,2026-04-07 05:32:28,72.5,57.6,0.6,False,52.2,-2.71,0.023,3.506,market_model,,,,,,,,,,,,,,,,,,,,,,,,,,,,,,,,,,,,,,,,,,,,,,,,,,,,,,,,,,,,,,,,,
2026-04-06,Herbert Jones,NOP,AST,UNDER,4.0,2.8,-0.9,67.0,3.0,-1.0,19.2,,False,,DNP,,25.3,2.4,67.0,0.576,0.6523,2026-04-07 05:32:28,71.8,57.6,0.6,False,36.6,-0.59,0.148,0.614,market_model,,,,,,,,,,,,,,,,,,,,,,,,,,,,,,,,,,,,,,,,,,,,,,,,,,,,,,,,,,,,,,,,,
2026-04-07,Kyle Anderson,MIN,AST,UNDER,4.0,2.6,-0.9,72.0,3.2,-0.8,18.8,,False,,PUSH,4.0,18.4,3.0,72.0,0.576,0.6886,2026-04-08 06:10:29,72.3,57.6,0.6,False,41.5,-0.48,0.092,0.923,market_model,True,0.8,1.0,0.035,,,,,,,,,,,,,,,,,,,,,,,,,,,,,,,,,,,,,,,,,,,,,,,,,,,,,,,,,,,,,
2026-04-07,Ousmane Dieng,MIL,BLK,UNDER,1.0,0.3,-0.7,81.2,0.3,-0.7,6.6,,True,"Giannis Antetokounmpo, Ryan Rollins, Kevin Porter Jr.",PUSH,1.0,32.9,0.2,81.2,0.628,0.7263,2026-04-08 06:10:29,84.6,62.8,0.6,False,69.9,-0.66,0.184,0.044,market_model,False,,0.0,0.0,,,,,,,,,,,,,,,,,,,,,,,,,,,,,,,,,,,,,,,,,,,,,,,,,,,,,,,,,,,,,
2026-04-07,Derik Queen,NOP,BLK,UNDER,1.5,0.9,-0.8,85.6,0.7,-0.8,6.4,,False,,LOSS,2.0,24.5,0.8,85.6,0.628,0.7182,2026-04-08 06:10:29,84.9,62.8,0.6,False,61.4,-0.98,0.261,0.383,market_model,False,,0.0,0.0,,,,,,,,,,,,,,,,,,,,,,,,,,,,,,,,,,,,,,,,,,,,,,,,,,,,,,,,,,,,,
2026-04-08,Scoot Henderson,POR,AST,UNDER,4.5,3.5,-0.9,73.9,3.6,-0.9,24.6,0.0,True,"Shaedon Sharpe, Jerami Grant",WIN,2.0,24.6,3.8,73.9,0.576,0.6768,2026-04-09 00:08:20,67.6,57.6,0.6,False,28.6,-0.74,0.028,0.263,market_model,True,0.7,1.0,0.035,,,,,,,,,,,,,,,,,,,,,,,,,,,,,,,,,,,,,,,,,,,,,,,,,,,,,,,,,,,,,
2026-04-08,Nikola Jokić,DEN,AST,UNDER,11.0,11.6,-1.2,70.5,12.7,1.7,27.0,-0.5,False,,WIN,10.0,35.8,12.8,70.5,0.576,0.6748,2026-04-09 00:08:20,73.0,57.6,0.6,False,56.5,-2.71,0.023,3.306,market_model,False,-1.8,0.0,0.0,,,,,,,,,,,,,,,,,,,,,,,,,,,,,,,,,,,,,,,,,,,,,,,,,,,,,,,,,,,,,
2026-04-08,Jalen Suggs,ORL,STL,UNDER,2.5,1.3,-1.0,77.6,1.7,-0.8,31.9,0.0,False,,WIN,2.0,30.4,2.4,77.6,0.633,0.6738,2026-04-09 00:08:20,66.5,63.3,0.6,False,55.9,-0.87,0.091,0.333,market_model,False,,0.0,0.0,,,,,,,,,,,,,,,,,,,,,,,,,,,,,,,,,,,,,,,,,,,,,,,,,,,,,,,,,,,,,
2026-04-08,Duncan Robinson,DET,STL,UNDER,1.5,0.5,-0.8,77.4,0.4,-1.1,10.3,0.0,False,,WIN,1.0,27.6,0.4,77.4,0.633,0.6622,2026-04-09 00:08:20,75.6,63.3,0.6,False,36.5,-0.67,0.078,0.327,market_model,False,,0.0,0.0,,,,,,,,,,,,,,,,,,,,,,,,,,,,,,,,,,,,,,,,,,,,,,,,,,,,,,,,,,,,,
2026-04-08,De'Aaron Fox,SAS,STL,UNDER,2.0,1.2,-0.8,73.0,1.3,-0.7,27.6,0.0,True,"Victor Wembanyama, Stephon Castle",LOSS,3.0,29.7,1.8,73.0,0.633,0.639,2026-04-09 00:08:20,66.3,63.3,0.6,False,42.9,-0.72,0.133,0.079,market_model,False,,0.0,0.0,,,,,,,,,,,,,,,,,,,,,,,,,,,,,,,,,,,,,,,,,,,,,,,,,,,,,,,,,,,,,
2026-04-09,Brandin Podziemski,GSW,AST,UNDER,5.5,4.0,-1.3,82.6,4.1,-1.4,24.2,,True,"Stephen Curry, Jimmy Butler III",WIN,1.0,30.5,4.2,82.6,0.584,0.7005,2026-04-10 08:29:46,70.0,58.4,0.6,False,55.1,-1.19,0.042,0.313,market_model,True,1.3,1.0,0.035,4.0,-1.5,,,,,,,,,,,,,,,,,,,,,,,,,,,,,,,,,,,,,,,,,,,,,,,,,,,,,,,,,,,
2026-04-09,Quenton Jackson,IND,AST,UNDER,5.5,3.8,-1.5,82.3,3.5,-2.0,19.6,,False,,LOSS,7.0,22.3,3.8,82.3,0.584,0.6857,2026-04-10 08:29:46,70.2,58.4,0.6,False,37.7,-1.37,0.108,0.331,market_model,True,1.7,1.0,0.035,3.3,-2.2,,,,,,,,,,,,,,,,,,,,,,,,,,,,,,,,,,,,,,,,,,,,,,,,,,,,,,,,,,,
2026-04-09,Will Riley,WAS,AST,UNDER,4.5,3.2,-0.9,72.8,3.1,-1.4,22.6,,False,,LOSS,7.0,32.5,2.4,72.8,0.584,0.6747,2026-04-10 08:29:46,65.8,58.4,0.6,False,33.9,-0.64,0.106,0.661,market_model,True,1.3,1.0,0.035,2.7,-1.8,,,,,,,,,,,,,,,,,,,,,,,,,,,,,,,,,,,,,,,,,,,,,,,,,,,,,,,,,,,
2026-04-09,Deandre Ayton,LAL,TRB,UNDER,8.75,6.9,-1.5,79.8,6.9,-1.8,21.4,,True,"Austin Reaves, Luka Dončić",WIN,5.0,24.4,5.6,79.8,0.565,0.7183,2026-04-10 08:29:46,73.8,56.5,0.76,False,63.1,-1.25,0.167,0.595,market_model,True,1.75,0.7,0.025,7.0,-1.8,,,,,,,,,,,,,,,,,,,,,,,,,,,,,,,,,,,,,,,,,,,,,,,,,,,,,,,,,,,
2026-04-09,Jay Huff,IND,TRB,UNDER,6.0,4.0,-1.7,77.7,3.7,-2.3,29.0,,False,,LOSS,7.0,20.7,4.0,77.7,0.565,0.6869,2026-04-10 08:29:46,68.2,56.5,0.76,False,57.3,-1.45,0.142,0.551,market_model,True,2.0,0.7,0.025,3.8,-2.2,,,,,,,,,,,,,,,,,,,,,,,,,,,,,,,,,,,,,,,,,,,,,,,,,,,,,,,,,,,
2026-04-10,Devin Carter,SAC,AST,UNDER,5.5,3.8,-1.1,73.2,3.3,-2.2,33.1,,False,,WIN,4.0,28.7,3.4,73.2,0.584,0.6856,2026-04-11 09:00:07,63.2,58.4,0.6,False,55.8,-0.63,0.179,1.074,market_model,True,1.7,1.0,0.035,3.1,-2.4,,,,,,,,,,,,,,,,,,,,,,,,,,,,,,,,,,,,,,,,,,,,,,,,,,,,,,,,,,,
2026-04-10,Kawhi Leonard,LAC,AST,UNDER,4.5,3.4,-1.0,77.8,3.1,-1.4,34.6,,False,,LOSS,5.0,32.0,3.2,77.8,0.584,0.677,2026-04-11 09:00:07,62.5,58.4,0.6,False,53.5,-0.89,0.04,0.212,market_model,True,1.1,1.0,0.035,3.3,-1.2,,,,,,,,,,,,,,,,,,,,,,,,,,,,,,,,,,,,,,,,,,,,,,,,,,,,,,,,,,,
2026-04-10,Jeremiah Fears,NOP,AST,UNDER,5.5,4.7,-0.9,79.1,3.9,-1.6,25.6,0.0,True,"Dejounte Murray, Zion Williamson, Trey Murphy III",LOSS,6.0,29.9,4.4,79.1,0.584,0.675,2026-04-11 09:00:07,65.9,58.4,0.6,False,38.8,-1.06,0.2,0.262,market_model,True,0.8,1.0,0.035,3.9,-1.6,,,,,,,,,,,,,,,,,,,,,,,,,,,,,,,,,,,,,,,,,,,,,,,,,,,,,,,,,,,
2026-04-10,Darius Garland,LAC,AST,UNDER,7.5,6.4,-1.1,78.9,6.8,-0.7,26.8,,False,,WIN,7.0,30.7,5.8,78.9,0.584,0.6727,2026-04-11 09:00:07,65.0,58.4,0.6,False,36.4,-1.15,0.03,0.051,market_model,True,0.7,1.0,0.035,6.6,-0.9,,,,,,,,,,,,,,,,,,,,,,,,,,,,,,,,,,,,,,,,,,,,,,,,,,,,,,,,,,,
2026-04-10,Nique Clifford,SAC,AST,UNDER,5.5,4.3,-1.0,76.7,4.6,-0.9,29.5,,True,"Russell Westbrook, DeMar DeRozan, Zach LaVine",LOSS,6.0,34.5,4.2,76.7,0.584,0.6672,2026-04-11 09:00:07,62.8,58.4,0.6,False,37.7,-0.85,0.075,0.349,market_model,True,0.9,1.0,0.035,3.9,-1.6,,,,,,,,,,,,,,,,,,,,,,,,,,,,,,,,,,,,,,,,,,,,,,,,,,,,,,,,,,,
2026-04-12,Max Christie,DAL,AST,UNDER,3.0,1.9,-1.2,84.6,1.4,-1.6,72.0,0.0,True,"Naji Marshall, Kyrie Irving",WIN,1.0,28.1,1.8,84.6,0.598,0.6944,2026-04-13 08:54:25,72.0,59.8,0.5,False,38.8,-1.31,0.04,0.21,market_model,True,1.1,1.5,0.035,1.6,-1.4,23.6,28.0,76.4,72.0,calibrated_p_over,prizepicks,1.408,True,,standard,False,0.5774,True,,,,,,,,,,,,,,,,,,,,,,,,,,,,,,,,,,,,,,,,,,,,,,
2026-04-12,Julian Champagnie,SAS,TRB,UNDER,7.5,5.4,-1.8,80.0,6.1,-1.4,79.0,0.0,False,,WIN,4.0,26.7,5.8,80.0,0.58,0.7235,2026-04-13 08:54:25,79.0,58.0,0.56,False,59.0,-1.58,0.069,0.519,market_model,True,1.4,1.2,0.025,5.9,-1.6,17.1,21.1,82.9,79.0,calibrated_p_over,prizepicks,1.939,True,,standard,False,0.5774,True,,,,,,,,,,,,,,,,,,,,,,,,,,,,,,,,,,,,,,,,,,,,,,
2026-04-12,Max Christie,DAL,TRB,UNDER,4.0,2.9,-1.5,78.1,3.0,-1.0,65.8,-0.5,True,"Naji Marshall, Kyrie Irving",WIN,1.0,28.1,3.2,78.1,0.58,0.6635,2026-04-13 08:54:25,65.8,58.0,0.56,False,42.6,-1.88,0.04,0.781,market_model,True,0.8,1.2,0.025,3.1,-0.9,31.8,34.2,68.2,65.8,calibrated_p_over,prizepicks,1.891,True,,standard,False,0.5774,True,,,,,,,,,,,,,,,,,,,,,,,,,,,,,,,,,,,,,,,,,,,,,,
2026-04-12,Luguentz Dort,OKC,TRB,UNDER,4.0,3.0,-1.1,77.6,2.3,-1.7,65.8,0.0,False,,WIN,1.0,22.5,2.0,77.6,0.58,0.6635,2026-04-13 08:54:25,65.8,58.0,0.56,False,42.9,-1.09,0.102,0.091,market_model,True,1.0,1.2,0.025,2.7,-1.3,32.8,34.2,67.2,65.8,calibrated_p_over,prizepicks,2.037,True,,standard,False,0.5774,True,,,,,,,,,,,,,,,,,,,,,,,,,,,,,,,,,,,,,,,,,,,,,,
2026-04-12,Davion Mitchell,MIA,AST,UNDER,7.5,6.0,-1.1,75.1,5.7,-1.8,72.0,0.0,False,,WIN,1.0,30.2,6.4,75.1,0.598,0.7148,2026-04-13 08:54:25,72.0,59.8,0.75,True,57.9,-0.72,0.109,0.781,market_model,True,1.1,1.0,0.035,6.0,-1.5,25.1,28.0,74.9,72.0,calibrated_p_over,prizepicks,2.671,False,,standard,False,0.5774,True,,,,,,,,,,,,,,,,,,,,,,,,,,,,,,,,,,,,,,,,,,,,,,
2026-04-14,Toumani Camara,POR,TRB,UNDER,5.25,4.4,-1.3,69.5,4.4,-0.8,61.4,,False,,WIN,4,32.1,4.2,69.5,0.58,0.6858,2026-04-15 08:21:07,61.4,58.0,0.75,False,61.1,-1.68,0.085,0.829,market_model,True,0.75,0.7,0.025,4.5,-0.8,38.5,38.6,61.5,61.4,calibrated_p_over,prizepicks,2.54,False,,demon,False,0.5774,True,True,True,True,2.54,sigma,3.0,1.0,0.4519704433497538,0.555,0.3199999999999999,0.4666666666666666,0.8583333333333333,0.2631111111111112,0.5364,61.1,62.8,54,68.9,6,54.5,11,53.1,2,46.0,2.907,True,True,True,,,,,,,,,,,,,,,,,,
2026-04-14,Moussa Diabaté,CHA,AST,UNDER,3.0,2.2,-0.7,73.5,2.3,-0.7,72.0,,False,,WIN,1,26.8,2.6,73.5,0.598,0.6494,2026-04-15 08:21:07,72.0,59.8,0.5,False,47.0,-0.63,0.077,0.167,market_model,False,0.4,0.5,0.0,2.3,-0.7,27.7,28.0,72.3,72.0,calibrated_p_over,prizepicks,1.572,True,,demon,False,0.5774,True,True,True,True,1.572,sigma,3.0,1.0,1.0,0.0,0.85,0.3333333333333333,0.8716666666666667,0.7773333333333333,0.6902,60.5,63.9,51,56.9,5,61.8,12,63.9,0,46.0,2.429,True,True,True,,,,,,,,,,,,,,,,,,
2026-04-14,Bam Adebayo,MIA,STL,UNDER,2.0,1.2,-0.7,76.5,1.1,-0.9,88.5,,False,,WIN,1,34.4,1.2,76.5,0.673,0.7009,2026-04-15 08:21:07,88.5,67.3,0.6,False,53.7,-0.64,0.073,0.158,market_model,False,,0.0,0.0,1.2,-0.8,12.3,11.5,87.7,88.5,calibrated_p_over,prizepicks,,False,,demon,False,0.5774,True,True,True,True,0.8,default_std,3.0,1.0,0.625,0.1850000000000001,1.0,0.0,0.8783333333333333,0.8244444444444444,0.615,58.9,61.7,10,60.5,6,59.7,11,57.2,5,46.0,1.0,True,True,True,,,,,,,,,,,,,,,,,,
2026-04-14,Andrew Wiggins,MIA,BLK,UNDER,1.5,0.9,-0.7,77.8,1.0,-0.5,78.1,,False,,WIN,0,28.0,0.8,77.8,0.672,0.674,2026-04-15 08:21:07,78.1,67.2,0.6,False,53.5,-0.78,0.066,0.179,market_model,False,,0.0,0.0,0.9,-0.6,20.4,21.9,79.6,78.1,calibrated_p_over,prizepicks,,False,,demon,False,0.5774,True,True,True,True,0.8,default_std,3.0,1.0,0.625,0.175,1.0,0.0,0.89,0.8011111111111111,0.6104,58.6,53.1,10,60.5,6,64.7,8,57.2,5,46.0,1.0,True,True,True,,,,,,,,,,,,,,,,,,
2026-04-11,Devin Carter,SAC,AST,UNDER,6.0,4.0,-1.1,71.4,3.5,-2.5,73.4,,True,"DeMar DeRozan, Russell Westbrook, Zach LaVine",DNP,,28.2,4.2,71.4,0.595,0.7465,2026-04-15 08:27:41,73.4,59.5,0.6,False,66.5,-0.41,0.186,1.587,market_model,True,1.8,1.0,0.035,3.3,-2.7,16.8,26.6,83.2,73.4,calibrated_p_over,prizepicks,,,,,,,,,,,,,,,,,,,,,,,,,,,,,,,,,,,,,,,,,,,,,,,,,,,,,
2026-04-11,Brandon Ingram,TOR,TRB,UNDER,7.5,5.9,-2.5,75.2,5.0,-2.5,68.5,,False,,DNP,,33.6,4.8,75.2,0.572,0.7114,2026-04-15 08:27:41,68.5,57.2,0.75,False,64.5,-3.29,0.058,1.689,market_model,True,1.6,0.7,0.025,5.2,-2.3,23.7,31.5,76.3,68.5,calibrated_p_over,prizepicks,,,,,,,,,,,,,,,,,,,,,,,,,,,,,,,,,,,,,,,,,,,,,,,,,,,,,
2026-04-11,Scottie Barnes,TOR,TRB,UNDER,9.5,6.6,-3.5,81.6,5.3,-4.2,82.9,,False,,DNP,,31.2,5.2,81.6,0.572,0.7108,2026-04-15 08:27:41,82.9,57.2,0.75,False,52.3,-3.93,0.047,1.029,market_model,True,2.9,0.7,0.025,5.9,-3.6,15.3,17.1,84.7,82.9,calibrated_p_over,prizepicks,,,,,,,,,,,,,,,,,,,,,,,,,,,,,,,,,,,,,,,,,,,,,,,,,,,,,
2026-04-11,Maxime Raynaud,SAC,STL,UNDER,1.5,0.6,-0.9,85.3,0.7,-0.8,87.1,,True,"DeMar DeRozan, Russell Westbrook, Zach LaVine",DNP,,30.2,0.4,85.3,0.666,0.728,2026-04-15 08:27:41,87.1,66.6,0.6,False,53.5,-0.86,0.074,0.04,market_model,False,,0.0,0.0,0.5,-1.0,16.0,12.9,84.0,87.1,calibrated_p_over,prizepicks,,,,,,,,,,,,,,,,,,,,,,,,,,,,,,,,,,,,,,,,,,,,,,,,,,,,,
2026-04-11,Precious Achiuwa,SAC,BLK,UNDER,1.5,0.7,-0.9,81.4,0.6,-0.9,76.4,,True,"DeMar DeRozan, Russell Westbrook, Zach LaVine",DNP,,28.5,0.4,81.4,0.663,0.6899,2026-04-15 08:27:41,76.4,66.3,0.6,False,41.0,-0.96,0.093,0.157,market_model,False,,0.0,0.0,0.6,-0.9,19.8,23.5,80.2,76.4,calibrated_p_over,prizepicks,,,,,,,,,,,,,,,,,,,,,,,,,,,,,,,,,,,,,,,,,,,,,,,,,,,,,
2026-04-15,Brandon Miller,CHA,TRB,UNDER,6.5,4.7,-1.5,74.7,4.5,-2.0,75.9,0.0,False,,,,31.5,3.8,74.7,0.58,0.767,,75.9,58.0,0.75,False,76.1,-1.33,0.04,0.47,market_model,True,1.8,0.7,0.025,4.5,-2.0,19.8,24.1,80.2,75.9,calibrated_p_over,prizepicks,2.234,False,,demon,False,0.5774,True,True,True,True,2.234,sigma,3.0,1.0,0.828817733990148,1.0,1.0,0.4666666666666666,0.9333333333333333,0.5822222222222222,0.881,63.0,63.3,55,71.3,7,57.6,10,59.1,3,46.0,2.907,True,True,False,65.0,False,True,market_relaxed,4,False,nan,0,2,31.5,0.0,165,None,play_in,True,3,0.8462,0.6365
2026-04-15,Paul George,PHI,TRB,UNDER,7.0,5.2,-1.3,70.7,5.4,-1.6,75.9,nan,True,Joel Embiid,,,32.4,4.8,70.7,0.58,0.7386,,75.9,58.0,0.75,False,66.6,-0.92,0.025,0.883,market_model,True,1.6,0.7,0.025,5.3,-1.7,20.4,24.1,79.5,75.9,calibrated_p_over,prizepicks,2.444,False,,demon,False,0.5774,True,True,True,True,2.444,sigma,3.0,1.0,0.5701970443349755,0.8299999999999997,1.0,0.4666666666666666,0.9583333333333334,0.21511111111111114,0.7117,63.0,63.3,55,71.3,7,57.6,10,59.1,3,46.0,2.907,True,True,False,65.0,False,True,market_relaxed,4,False,nan,0,2,32.4,-0.0,151,None,play_in,True,3,0.7588,0.5986
2026-04-15,VJ Edgecombe,PHI,TRB,UNDER,6.5,5.0,-1.1,62.5,5.2,-1.3,65.8,nan,True,Joel Embiid,,,36.3,6.2,62.5,0.58,0.6733,,65.8,58.0,0.75,False,62.7,-0.73,0.113,0.766,market_model,False,0.3,0.0,0.0,5.7,-0.8,36.6,34.2,63.4,65.8,calibrated_p_over,prizepicks,2.58,False,,demon,False,0.5774,True,True,True,True,2.58,sigma,3.0,1.0,0.40270935960591137,0.6350000000000001,0.5399999999999998,0.0,0.8116666666666666,0.3191111111111111,0.5518,62.9,63.3,55,71.3,7,56.8,12,64.4,7,46.0,2.907,True,True,False,65.0,False,True,market_relaxed,4,False,nan,0,2,35.6,0.7,74,None,play_in,True,3,0.793,0.5727
2026-04-15,Miles Bridges,CHA,TRB,UNDER,7.0,5.8,-1.3,68.4,6.4,-0.6,65.8,0.0,False,,,,29.3,7.6,68.4,0.58,0.6754,,65.8,58.0,0.75,False,62.3,-1.33,0.023,0.127,market_model,False,-0.6,0.0,0.0,6.5,-0.5,31.6,34.2,68.4,65.8,calibrated_p_over,prizepicks,2.761,False,,demon,False,0.5774,True,True,True,False,2.761,sigma,2.0,0.6666666666666666,0.17980295566502458,0.6149999999999999,0.5399999999999998,0.0,0.9616666666666667,0.8871111111111111,0.4786,62.9,63.3,55,71.3,7,56.8,12,64.4,7,46.0,2.907,True,True,False,65.0,False,True,market_relaxed,4,False,nan,0,2,28.1,1.2,209,None,play_in,True,3,0.7518,0.5527
2026-04-15,Tyler Herro,MIA,TRB,UNDER,6.0,4.3,-1.3,67.6,4.3,-1.7,69.2,0.0,True,Bam Adebayo,,,32.5,3.8,67.6,0.58,0.6867,,69.2,58.0,0.75,False,54.9,-0.93,0.063,0.771,market_model,True,1.7,0.7,0.025,4.3,-1.7,26.9,30.8,73.2,69.2,calibrated_p_over,prizepicks,2.425,False,,demon,False,0.5774,True,True,True,True,2.425,sigma,3.0,1.0,0.5935960591133009,0.24499999999999994,0.7100000000000002,0.4666666666666666,0.895,0.31466666666666665,0.5534,61.3,63.3,55,60.6,6,63.6,13,59.1,3,46.0,2.907,True,True,False,65.0,False,True,market_relaxed,4,False,nan,0,2,33.5,-1.0,151,None,play_in,True,3,0.7271,0.4693
