player,team,games_played,mp_l10,mp_deviation_pred,mp_expected,pts_l10,pts_l5,pts_pred,pts_clf_prob,trb_l10,trb_l5,trb_pred,trb_clf_prob,ast_l10,ast_l5,ast_pred,ast_clf_prob,pra_l10,pra_l5,pra_pred,pra_clf_prob,pr_l10,pr_l5,pr_pred,pr_clf_prob,pa_l10,pa_l5,pa_pred,pa_clf_prob,stl_l10,stl_l5,stl_pred,stl_clf_prob,blk_l10,blk_l5,blk_pred,blk_clf_prob,tov_l10,tov_l5,tov_pred,tov_clf_prob,injury_adj,teammates_out,game_total,team_spread,pts_line,pts_edge,trb_line,trb_edge,ast_line,ast_edge,pra_line,pra_edge,pr_line,pr_edge,pa_line,pa_edge,stl_line,stl_edge,blk_line,blk_edge,tov_line,tov_edge,fp_applied
LeBron James,LAL,195,35.5,-0.10000000149011612,35.400001525878906,18.4,16.4,18.0,0.3024,7.8,8.0,6.9,0.5525,7.2,8.6,7.3,0.3519,33.4,33.0,32.2,0.3507,26.2,24.4,24.9,0.3195,25.6,25.0,25.3,0.1389,1.2,1.0,1.1,0.4526,0.4,0.4,0.6000000238418579,0.1187,2.6,2.2,2.4000000953674316,0.3039,False,,,0,17.5,-0.6000000000000014,7.0,0.0,6.5,0.9000000000000004,28.5,2.8000000000000007,23.5,0.39999961853027344,27.0,-2.6999999999999993,1.5,-0.3999999761581421,1.0,-0.3999999761581421,2.5,-0.09999990463256836,True
Chris Paul,LAC,155,14.4,-0.0,14.399999618530273,2.6,2.8,5.0,0.6474,2.1,2.0,2.1,0.4101,3.0,3.4,3.3,0.3089,7.7,8.2,10.4,0.4786,4.7,4.8,7.1,0.5293,5.6,6.2,8.3,0.5672,0.4,0.2,0.7,0.2246,,,0.10000000149011612,0.1202,1.1,0.8,1.2999999523162842,0.7507,False,,,0,,,,,,,,,,,,,,,,,,,True
Kyle Lowry,PHI,107,9.3,1.2000000476837158,10.5,1.1,0.4,4.2,0.5215,0.9,1.0,1.5,0.3273,0.8,0.6,1.1,0.3208,2.8,2.0,6.8,0.5034,2.0,1.4,5.7,0.1537,1.9,1.0,5.3,0.6875,0.1,,0.3,0.1688,0.2,0.2,0.20000000298023224,0.078,0.4,0.4,0.699999988079071,0.7078,False,,,0,,,,,,,,,,,,,,,,,,,True
P.J. Tucker,NYK,33,14.1,-0.800000011920929,13.300000190734863,1.6,2.6,2.5,0.2853,2.2,3.2,2.7,0.5638,0.4,0.2,0.5,0.1897,4.2,6.0,5.7,0.2126,3.8,5.8,5.2,0.1769,2.0,2.8,3.0,0.1771,0.4,0.4,0.4,0.2498,,,0.30000001192092896,0.1807,0.1,,0.30000001192092896,0.3033,False,,,0,,,,,,,,,,,,,,,,,,,True
Kevin Durant,HOU,209,36.4,-0.4000000059604645,36.0,26.2,28.4,22.5,0.1213,4.9,5.2,5.5,0.693,5.7,7.4,5.3,0.4581,36.8,41.0,33.3,0.43,31.1,33.6,28.0,0.2321,31.9,35.8,27.8,0.2604,0.9,0.8,1.0,0.375,0.6,0.6,0.699999988079071,0.2399,3.2,3.4,2.799999952316284,0.4334,False,,,0,,,,,,,,,,,,,,,,,,,True
Al Horford,GSW,167,27.9,1.600000023841858,29.5,11.8,11.8,13.1,0.7839,6.0,6.2,5.9,0.4739,4.0,3.8,3.4,0.2134,21.8,21.8,22.4,0.3753,17.8,18.0,19.0,0.6377,15.8,15.6,16.5,0.5185,0.5,0.2,0.8,0.4464,1.4,2.0,1.5,0.48,0.8,0.6,1.7999999523162842,0.7725,False,,,0,,,,,,,,,,,,,,,,,,,True
Mike Conley,MIN,196,16.8,2.0999999046325684,18.899999618530273,1.8,1.6,3.7,0.3587,1.8,1.6,2.0,0.6928,3.2,4.0,3.5,0.3692,6.8,7.2,9.2,0.1156,3.6,3.2,5.7,0.3241,5.0,5.6,7.2,0.1567,0.6,0.4,0.8,0.3188,0.6,0.4,0.4000000059604645,0.1549,0.4,0.2,0.5,0.2826,False,,,0,,,,,,,,,,,,,,,,,,,True
Jeff Green,HOU,137,6.9,-1.2000000476837158,5.699999809265137,2.6,0.8,2.6,0.3988,1.1,0.8,0.5,0.4538,0.4,0.4,0.2,0.1447,4.1,2.0,3.3,0.2694,3.7,1.6,3.1,0.3737,3.0,1.2,2.8,0.3722,0.1,,0.1,0.1821,,,0.0,0.0598,,,0.4000000059604645,0.5605,False,,,0,,,,,,,,,,,,,,,,,,,True
Thaddeus Young,PHX,32,9.5,-0.6000000238418579,8.899999618530273,2.2,2.0,5.2,0.609,3.5,3.2,3.9,0.7414,0.9,1.2,1.3,0.3042,6.6,6.4,10.4,0.7879,5.7,5.2,9.1,0.6322,3.1,3.2,6.5,0.6771,0.6,0.8,0.5,0.1922,0.2,,0.30000001192092896,0.1244,0.3,0.2,0.6000000238418579,0.8171,False,,,0,,,,,,,,,,,,,,,,,,,True
Derrick Rose,MEM,23,14.9,0.4000000059604645,15.300000190734863,7.5,7.0,8.3,0.1798,2.0,2.8,2.8,0.3039,3.3,3.2,3.4,0.1073,12.8,13.0,14.5,0.2541,9.5,9.8,11.1,0.3785,10.8,10.2,11.7,0.2678,0.1,0.2,0.3,0.1978,0.1,,0.10000000149011612,0.1304,1.0,1.6,1.2999999523162842,0.4891,False,,,0,,,,,,,,,,,,,,,,,,,True
Russell Westbrook,SAC,206,28.8,-0.800000011920929,28.0,15.9,15.0,13.8,0.3694,4.9,6.6,4.3,0.5044,7.5,10.2,7.1,0.3357,28.3,31.8,25.2,0.3374,20.8,21.6,18.1,0.4952,23.4,25.2,20.9,0.4824,1.3,1.4,1.2,0.3538,0.2,,0.20000000298023224,0.3814,2.5,1.4,2.799999952316284,0.7824,False,,,0,,,,,,,,,,,,,,,,,,,True
Kevin Love,UTA,114,14.0,-0.6000000238418579,13.399999618530273,6.3,6.0,8.2,0.6429,6.0,6.0,7.1,0.5519,1.9,1.8,1.8,0.1411,14.2,13.8,17.1,0.5644,12.3,12.0,15.3,0.7064,8.2,7.8,10.0,0.5574,0.5,1.0,0.6,0.1575,0.1,,0.20000000298023224,0.0816,0.8,1.0,0.8999999761581421,0.7836,False,,,0,,,,,,,,,,,,,,,,,,,True
Danilo Gallinari,MIL,48,7.1,-1.100000023841858,6.099999904632568,2.2,2.4,3.9,0.5819,0.7,1.0,1.0,0.2829,0.5,0.8,0.6,0.0677,3.4,4.2,5.5,0.5414,2.9,3.4,4.9,0.4033,2.7,3.2,4.5,0.4784,0.4,0.6,0.3,0.1327,0.1,0.2,0.10000000149011612,0.1562,0.4,0.6,0.5,0.5197,False,,,0,,,,,,,,,,,,,,,,,,,True
Eric Gordon,PHI,112,15.4,-3.0,12.300000190734863,5.1,4.2,7.6,0.7345,0.9,0.4,1.1,0.5907,1.5,0.6,1.6,0.3636,7.5,5.2,10.3,0.1781,6.0,4.6,8.7,0.2008,6.6,4.8,9.2,0.3909,0.8,0.6,0.6,0.2213,0.1,,0.20000000298023224,0.0756,0.8,0.6,0.6000000238418579,0.5208,False,,,0,,,,,,,,,,,,,,,,,,,True
Brook Lopez,LAC,227,27.7,0.0,27.700000762939453,9.8,13.4,11.9,0.9637,4.9,6.6,5.4,0.7819,2.1,2.0,1.9,0.1689,16.8,22.0,19.2,0.8914,14.7,20.0,17.3,0.8818,11.9,15.4,13.8,0.7496,0.8,1.2,1.0,0.2165,2.3,2.6,1.7999999523162842,0.5303,0.8,1.0,1.100000023841858,0.4241,False,,,0,10.5,2.3000000000000007,6.0,-0.3000001907348633,2.5,-0.7,18.5,1.8000000000000007,18.0,0.5,13.5,1.0999999999999996,1.0,0.0,3.0,-1.2000000476837158,0.5,0.6000000238418579,True
Robin Lopez,MIL,15,3.3,1.100000023841858,4.400000095367432,1.0,0.8,3.3,0.3175,0.4,0.4,1.0,0.4153,0.3,0.4,0.5,0.2029,1.7,1.6,4.8,0.2503,1.4,1.2,4.3,0.4451,1.3,1.2,3.8,0.466,,,0.4,0.1321,0.1,,0.20000000298023224,0.0768,0.1,0.2,0.4000000059604645,0.6443,False,,,0,,,,,,,,,,,,,,,,,,,True
JaVale McGee,SAC,45,4.2,-0.0,4.199999809265137,1.1,0.4,2.6,0.5435,1.5,1.4,1.6,0.4761,0.1,,0.1,0.1267,2.7,,4.3,0.3703,2.6,,4.2,0.2695,1.2,,2.7,0.5533,0.5,0.8,0.3,0.1573,0.1,0.2,0.10000000149011612,0.0682,0.1,,0.20000000298023224,0.6015,False,,,0,,,,,,,,,,,,,,,,,,,True
Nicolas Batum,LAC,207,13.8,-1.100000023841858,12.699999809265137,3.6,4.8,2.6,0.1145,2.5,3.8,2.3,0.3365,0.7,0.6,0.7,0.1199,6.8,9.2,5.6,0.058,6.1,8.6,4.9,0.1305,4.3,5.4,3.3,0.1993,0.6,1.0,0.3,0.2096,0.2,0.2,0.10000000149011612,0.1432,0.1,0.2,0.0,0.1603,False,,,0,,,,,,,,,,,,,,,,,,,True
DeAndre Jordan,NOP,103,16.8,0.30000001192092896,17.100000381469727,3.8,3.4,5.6,0.6613,6.4,4.4,6.4,0.656,1.1,1.8,1.1,0.1295,11.3,9.6,13.1,0.5488,10.2,7.8,12.0,0.8722,4.9,5.2,6.7,0.3101,0.4,0.4,0.4,0.3054,0.9,0.6,0.8999999761581421,0.1674,0.9,0.4,0.8999999761581421,0.7147,False,,,0,,,,,,,,,,,,,,,,,,,True
James Harden,CLE,216,36.0,-1.600000023841858,34.400001525878906,21.7,18.8,21.5,0.7288,5.8,5.8,5.2,0.6504,8.9,10.4,8.0,0.3224,36.4,35.0,34.7,0.3657,27.5,24.6,26.7,0.4357,30.6,29.2,29.5,0.3043,1.1,1.0,1.0,0.2533,0.5,0.8,0.5,0.176,3.2,2.2,3.5,0.4882,False,,,0,19.5,1.6000000000000014,5.5,-0.09999990463256836,8.0,0.0,33.5,1.0,27.0,-0.5,29.5,-0.3999999999999986,1.5,-0.5,0.5,0.0,,,True
Stephen Curry,GSW,182,29.7,1.5,31.200000762939453,23.2,25.2,27.3,0.8747,2.6,2.6,3.3,0.4123,6.2,4.8,5.5,0.5652,32.0,32.6,36.1,0.5692,25.8,27.8,30.6,0.6725,29.4,30.0,32.8,0.7276,1.0,1.4,1.2,0.3408,0.3,,0.30000001192092896,0.251,2.5,2.6,3.5999999046325684,0.8618,False,,,0,,,,,,,,,,,,,,,,,,,True
DeMar DeRozan,SAC,230,30.9,0.5,31.399999618530273,20.6,17.0,20.3,0.8156,2.9,3.4,2.8,0.7134,5.8,6.4,5.5,0.3379,29.3,26.8,28.6,0.6585,23.5,20.4,23.1,0.7643,26.4,23.4,25.8,0.7244,0.7,,0.8,0.2671,0.4,0.2,0.4000000059604645,0.1319,2.4,1.8,2.299999952316284,0.7368,False,,,0,,,,,,,,,,,,,,,,,,,True
James Johnson,IND,20,2.9,-0.4000000059604645,2.5999999046325684,0.6,,1.8,0.3987,0.5,0.2,0.7,0.4462,0.3,0.2,0.5,0.1893,1.4,,3.0,0.1761,1.1,,2.5,0.2145,0.9,,2.3,0.4154,,,0.3,0.1927,0.1,,0.10000000149011612,0.0821,0.3,,0.4000000059604645,0.4632,False,,,0,,,,,,,,,,,,,,,,,,,True
Jrue Holiday,POR,178,28.6,0.4000000059604645,29.0,13.5,13.4,19.1,0.833,4.4,4.0,4.3,0.4707,5.5,4.0,5.7,0.3244,23.4,21.4,29.1,0.7616,17.9,17.4,23.4,0.864,19.0,17.4,24.8,0.7146,0.7,0.6,0.8,0.2503,0.1,,0.10000000149011612,0.0827,2.3,3.0,2.799999952316284,0.8607,False,,,0,17.5,2.6999999999999993,4.25,0.25,5.5,0.0,27.5,2.6999999999999993,21.5,3.200000762939453,26.5,-0.8000000000000007,1.5,-0.699999988079071,0.5,-0.3999999985098839,2.5,0.2999999523162842,True
Taj Gibson,MEM,63,10.5,0.699999988079071,11.199999809265137,3.4,3.4,5.8,0.5275,2.8,2.2,3.5,0.4062,0.4,0.2,0.6,0.1081,6.6,5.8,9.9,0.1599,6.2,5.6,9.3,0.3931,3.8,3.6,6.4,0.6223,0.1,0.2,0.3,0.1249,0.4,0.2,0.4000000059604645,0.0903,0.3,,0.6000000238418579,0.6605,False,,,0,,,,,,,,,,,,,,,,,,,True
Patrick Beverley,MIL,72,23.2,2.799999952316284,25.899999618530273,7.4,11.8,6.3,0.2564,4.2,6.2,4.5,0.4502,3.4,4.8,3.1,0.3834,15.0,22.8,13.9,0.1237,11.6,18.0,10.8,0.1115,10.8,16.6,9.4,0.391,0.5,0.8,0.8,0.2242,0.5,0.4,0.6000000238418579,0.1427,0.3,0.2,0.800000011920929,0.3241,False,,,0,,,,,,,,,,,,,,,,,,,True
Patty Mills,LAC,60,4.6,1.899999976158142,6.599999904632568,3.2,4.4,4.9,0.3252,,,1.3,0.4664,0.3,0.2,0.8,0.2584,,,7.0,0.0672,,,6.2,0.578,,,5.7,0.6408,,,0.5,0.1614,,,0.10000000149011612,0.0897,0.1,,0.5,0.5251,False,,,0,,,,,,,,,,,,,,,,,,,True
Garrett Temple,TOR,75,3.7,0.5,4.199999809265137,1.0,1.4,0.3,0.043,0.4,0.6,0.3,0.1667,0.5,0.8,0.4,0.2038,1.9,2.8,1.0,0.0295,1.4,2.0,0.6,0.1475,1.5,2.2,0.7,0.0925,,,0.1,0.1954,0.1,0.2,0.10000000149011612,0.0684,0.4,0.8,0.10000000149011612,0.1801,False,,,0,,,,,,,,,,,,,,,,,,,True
Wesley Matthews,ATL,35,14.0,-4.599999904632568,9.399999618530273,5.1,4.0,2.7,0.2515,2.0,2.2,1.5,0.6457,0.8,0.8,0.5,0.3356,7.9,7.0,4.7,0.257,7.1,6.2,4.2,0.1854,5.9,4.8,3.2,0.1045,0.5,0.4,0.3,0.2177,0.4,0.2,0.30000001192092896,0.1576,0.2,0.4,0.20000000298023224,0.3936,False,,,0,,,,,,,,,,,,,,,,,,,True
Gordon Hayward,OKC,50,16.5,2.5,18.899999618530273,6.0,7.6,8.3,0.697,1.7,2.2,2.5,0.3428,1.2,1.2,1.8,0.1164,8.9,11.0,12.6,0.2443,7.7,9.8,10.8,0.3998,7.2,8.8,10.1,0.4948,0.7,1.0,0.8,0.1504,0.1,0.2,0.20000000298023224,0.1221,0.5,0.8,0.800000011920929,0.5605,False,,,0,,,,,,,,,,,,,,,,,,,True
Paul George,PHI,145,32.4,1.100000023841858,33.5,18.5,24.0,21.5,0.5991,5.4,6.0,5.6,0.4585,3.9,3.6,3.7,0.265,27.8,33.6,30.8,0.524,23.9,30.0,27.1,0.7411,22.4,27.6,25.2,0.5234,2.1,2.6,1.8,0.4861,0.3,0.4,0.5,0.2115,1.0,1.2,2.0,0.6495,False,,,0,,,,,,,,,,,,,,,,,,,True
Ish Smith,CHA,42,19.3,3.9000000953674316,23.200000762939453,2.6,3.2,4.0,0.6077,2.1,1.2,2.5,0.4835,4.3,3.6,4.7,0.2436,9.0,8.0,11.2,0.5083,4.7,4.4,6.5,0.2145,6.9,6.8,8.7,0.31,0.6,0.6,0.8,0.3609,0.1,,0.20000000298023224,0.1072,0.8,1.0,1.0,0.5611,False,,,0,,,,,,,,,,,,,,,,,,,True
Kyrie Irving,DAL,107,39.3,-0.6000000238418579,38.70000076293945,28.1,28.6,24.2,0.4784,5.8,5.6,5.2,0.4434,4.1,4.0,3.8,0.3816,38.0,38.2,33.2,0.3246,33.9,34.2,29.4,0.3831,32.2,32.6,28.0,0.278,1.8,1.4,1.7,0.4326,1.0,1.4,0.800000011920929,0.198,2.0,1.8,2.299999952316284,0.5336,False,,,0,,,,,,,,,,,,,,,,,,,True
Tristan Thompson,CLE,88,6.5,2.799999952316284,9.399999618530273,1.9,3.0,2.9,0.1391,3.1,4.4,8.3,0.1281,0.3,0.4,0.8,0.1193,5.3,7.8,12.0,0.0405,5.0,7.4,11.2,0.1863,2.2,3.4,3.7,0.2421,,,0.3,0.2189,0.1,0.2,0.4000000059604645,0.1137,0.1,,0.30000001192092896,0.3442,False,,,0,,,,,,,,,,,,,,,,,,,True
Jonas Valančiūnas,DEN,222,8.5,-1.0,7.5,5.1,3.6,7.4,0.4068,3.3,3.2,3.5,0.6319,0.9,0.6,0.9,0.27,9.3,7.4,11.8,0.7088,8.4,6.8,10.9,0.3961,6.0,4.2,8.3,0.7277,0.1,,0.3,0.1499,0.1,0.2,0.20000000298023224,0.0574,0.7,0.6,0.800000011920929,0.7948,False,,,0,,,,,,,,,,,,,,,,,,,True
Bismack Biyombo,SAS,90,6.0,-0.8999999761581421,5.099999904632568,1.2,1.0,0.8,0.0443,1.3,1.2,1.6,0.303,0.2,,0.3,0.4034,2.7,,2.7,0.0447,2.5,,2.4,0.2477,1.4,,1.1,0.1848,0.1,,0.2,0.1254,,,0.20000000298023224,0.0871,0.4,0.4,0.20000000298023224,0.1963,False,,,0,,,,,,,,,,,,,,,,,,,True
Klay Thompson,DAL,213,21.5,-2.299999952316284,19.200000762939453,13.4,11.8,10.0,0.422,1.1,0.6,1.6,0.3771,1.3,1.4,1.2,0.0998,15.8,13.8,12.8,0.4109,14.5,12.4,11.6,0.668,14.7,13.2,11.2,0.3629,0.5,0.4,0.4,0.0734,0.3,0.6,0.20000000298023224,0.1841,0.6,0.6,0.6000000238418579,0.2315,False,,,0,,,,,,,,,,,,,,,,,,,True
Alec Burks,MIA,114,18.6,0.0,18.700000762939453,11.1,10.8,9.4,0.3984,2.0,2.2,2.4,0.4006,0.9,1.0,1.2,0.1293,14.0,14.0,13.0,0.3331,13.1,13.0,11.8,0.256,12.0,11.8,10.6,0.2755,0.5,0.4,0.5,0.0882,0.1,,0.20000000298023224,0.1794,1.1,1.2,0.800000011920929,0.5151,False,,,0,,,,,,,,,,,,,,,,,,,True
Markieff Morris,LAL,40,11.1,-1.2999999523162842,9.699999809265137,4.0,5.4,3.7,0.3246,1.4,2.0,1.5,0.4165,1.3,1.8,1.2,0.1001,6.7,9.2,6.4,0.1135,5.4,7.4,5.2,0.146,5.3,7.2,4.9,0.0492,0.1,,0.4,0.1652,0.1,0.2,0.20000000298023224,0.0966,0.1,,0.4000000059604645,0.3821,False,,,0,,,,,,,,,,,,,,,,,,,True
Marcus Morris Sr.,CLE,48,14.1,-4.800000190734863,9.300000190734863,4.8,4.0,5.8,0.3288,1.8,0.4,2.1,0.4151,1.0,0.6,0.7,0.2456,7.6,5.0,8.6,0.1475,6.6,4.4,7.9,0.1707,5.8,4.6,6.5,0.1459,0.2,0.2,0.3,0.1986,0.2,0.2,0.10000000149011612,0.1111,1.0,0.8,0.699999988079071,0.6034,False,,,0,,,,,,,,,,,,,,,,,,,True
Kawhi Leonard,LAC,164,30.4,0.800000011920929,31.200000762939453,29.5,27.4,26.8,0.3849,6.0,6.0,6.8,0.5797,3.3,3.2,3.5,0.3168,38.8,36.6,37.1,0.2267,35.5,33.4,33.6,0.4578,32.8,30.6,30.3,0.309,1.8,1.8,1.6,0.4378,0.3,0.6,0.30000001192092896,0.1151,1.9,1.6,2.200000047683716,0.3888,False,,,0,28.5,-3.1000000000000014,7.5,-0.5999999046325684,4.5,-1.0,37.0,-1.2000000000000028,36.5,-4.200000762939453,32.75,-3.8500000000000014,3.0,-1.399999976158142,1.0,-0.699999988079071,1.5,0.7000000476837158,True
Nikola Vučević,BOS,208,22.9,-0.20000000298023224,22.700000762939453,11.4,11.6,10.0,0.0136,7.4,8.0,5.3,0.1379,1.8,2.6,1.8,0.1469,20.6,22.2,17.1,0.0168,18.8,19.6,15.3,0.0131,13.2,14.2,11.8,0.0097,0.3,,0.3,0.1366,0.9,0.8,0.800000011920929,0.149,0.9,0.4,0.20000000298023224,0.0725,False,,,0,,,,,,,,,,,,,,,,,,,True
Tobias Harris,DET,200,27.2,1.0,28.200000762939453,13.6,15.8,12.5,0.117,5.4,5.8,5.7,0.3905,4.2,4.8,3.7,0.3597,23.2,26.4,21.9,0.0762,19.0,21.6,18.2,0.1237,17.8,20.6,16.2,0.1823,0.5,0.8,0.8,0.2651,1.0,1.2,0.800000011920929,0.2594,0.9,1.0,0.8999999761581421,0.2555,False,,,0,,,,,,,,,,,,,,,,,,,True
Reggie Jackson,PHI,112,13.4,1.5,14.899999618530273,4.8,3.8,4.9,0.4961,1.5,2.0,1.7,0.5753,1.2,1.4,1.4,0.1898,7.5,7.2,8.0,0.4153,6.3,5.8,6.6,0.2064,6.0,5.2,6.3,0.154,0.5,0.6,0.6,0.1472,,,0.10000000149011612,0.0634,0.6,,0.5,0.5193,False,,,0,,,,,,,,,,,,,,,,,,,True
Cory Joseph,ORL,75,21.9,-0.30000001192092896,21.600000381469727,6.5,7.0,6.1,0.4152,3.3,3.0,3.3,0.4014,2.4,1.8,2.3,0.2092,12.2,11.8,11.7,0.3211,9.8,10.0,9.4,0.5168,8.9,8.8,8.4,0.2407,0.7,1.0,0.7,0.2604,,,0.20000000298023224,0.0959,0.5,0.6,0.6000000238418579,0.6692,False,,,0,,,,,,,,,,,,,,,,,,,True
Jimmy Butler III,GSW,152,31.4,0.6000000238418579,32.0,21.2,22.8,24.6,0.9045,5.7,6.4,6.1,0.3627,4.9,4.8,4.9,0.487,31.8,34.0,35.6,0.4176,26.9,29.2,30.7,0.7368,26.1,27.6,29.5,0.6125,1.4,1.0,1.3,0.2333,0.1,,0.20000000298023224,0.2322,1.7,1.2,2.5,0.7883,False,,,0,,,,,,,,,,,,,,,,,,,True
Bojan Bogdanovic,NYK,56,16.4,0.4000000059604645,16.799999237060547,10.5,10.0,10.2,0.3543,1.7,1.2,1.8,0.3328,0.6,0.8,0.9,0.0858,12.8,12.0,12.9,0.3302,12.2,11.2,12.0,0.3873,11.1,10.8,11.1,0.4267,0.2,0.4,0.4,0.102,,,0.10000000149011612,0.3131,0.9,1.0,1.0,0.3683,False,,,0,,,,,,,,,,,,,,,,,,,True
Davis Bertans,CHA,42,22.0,0.30000001192092896,22.299999237060547,9.5,10.0,9.7,0.313,1.9,2.4,2.2,0.4212,0.8,0.8,1.1,0.1723,12.2,13.2,13.0,0.1168,11.4,12.4,11.9,0.2116,10.3,10.8,10.8,0.3611,0.9,1.2,0.8,0.1291,0.3,0.4,0.4000000059604645,0.1079,0.6,1.0,0.699999988079071,0.5099,False,,,0,,,,,,,,,,,,,,,,,,,True
Anthony Davis,DAL,146,32.8,2.0999999046325684,34.900001525878906,21.9,18.4,24.7,0.8617,11.6,9.6,12.1,0.5385,2.2,2.2,2.7,0.2962,35.7,30.2,39.5,0.7656,33.5,28.0,36.8,0.7332,24.1,20.6,27.4,0.8325,1.1,1.0,1.0,0.4377,1.7,1.8,1.899999976158142,0.1793,2.2,2.4,2.0999999046325684,0.2665,False,,,0,,,,,,,,,,,,,,,,,,,True
Bradley Beal,LAC,111,25.9,-1.7000000476837158,24.200000762939453,10.7,7.4,12.1,0.3523,1.8,1.0,2.2,0.5014,2.8,1.4,3.1,0.3219,15.3,9.8,17.4,0.2486,12.5,8.4,14.3,0.3208,13.5,8.8,15.2,0.3537,1.1,0.4,0.9,0.2048,0.3,,0.20000000298023224,0.1833,1.5,1.6,1.2999999523162842,0.6215,False,,,0,,,,,,,,,,,,,,,,,,,True
Damian Lillard,MIL,130,34.2,0.6000000238418579,34.70000076293945,23.3,20.6,23.2,0.6148,5.0,5.0,5.0,0.4307,5.8,7.0,6.4,0.44,34.1,32.6,34.6,0.1686,28.3,25.6,28.2,0.4862,29.1,27.6,29.6,0.3592,1.4,1.0,1.2,0.3656,,,0.30000001192092896,0.2406,2.2,1.6,2.5,0.1067,False,,,0,,,,,,,,,,,,,,,,,,,True
Andre Drummond,PHI,175,18.5,-7.800000190734863,10.699999809265137,4.6,4.6,4.9,0.3412,7.1,5.4,6.5,0.5366,2.0,1.8,1.7,0.2993,13.7,11.8,13.1,0.4632,11.7,10.0,11.4,0.5409,6.6,6.4,6.6,0.1411,0.2,,0.3,0.2665,0.8,1.6,0.6000000238418579,0.0545,1.1,1.0,0.5,0.5808,False,,,0,,,,,,,,,,,,,,,,,,,True
Harrison Barnes,SAS,234,21.4,-1.2999999523162842,20.100000381469727,9.4,8.4,9.2,0.3501,2.9,2.2,2.6,0.641,1.4,1.0,1.4,0.4379,13.7,11.6,13.2,0.3672,12.3,10.6,11.8,0.3648,10.8,9.4,10.6,0.3023,0.5,0.6,0.5,0.0941,,,0.20000000298023224,0.1118,0.4,,0.30000001192092896,0.3684,False,,,0,5.5,2.2,3.5,-1.0,1.5,-0.19999999999999996,13.5,-2.0,13.0,-2.8000001907348633,10.5,-1.5,1.5,-1.0,0.5,-0.29999999701976776,,,True
Evan Fournier,DET,31,19.9,4.5,24.399999618530273,7.1,7.8,9.9,0.5964,1.7,1.8,2.2,0.481,1.3,1.4,1.8,0.2746,10.1,11.0,13.9,0.3775,8.8,9.6,12.1,0.6458,8.4,9.2,11.7,0.4361,0.7,0.4,1.0,0.1853,0.4,0.6,0.4000000059604645,0.1998,0.5,0.6,1.100000023841858,0.3634,False,,,0,,,,,,,,,,,,,,,,,,,True
Jae Crowder,SAC,58,14.5,-7.599999904632568,6.900000095367432,2.9,,3.8,0.6999,2.5,1.4,2.0,0.4719,0.6,0.8,0.6,0.2312,6.0,,6.4,0.4544,5.4,,5.8,0.6857,3.5,,4.4,0.5565,0.4,0.2,0.3,0.1626,,,0.10000000149011612,0.0665,0.7,0.4,0.5,0.5288,False,,,0,,,,,,,,,,,,,,,,,,,True
Draymond Green,GSW,185,30.4,0.20000000298023224,30.600000381469727,8.6,10.0,9.2,0.6453,5.3,5.2,5.2,0.5903,6.4,6.2,5.8,0.3033,20.3,21.4,20.2,0.4981,13.9,15.2,14.4,0.5991,15.0,16.2,15.0,0.4527,1.2,1.4,1.2,0.3401,0.6,0.6,0.5,0.1498,2.8,3.2,2.700000047683716,0.7104,False,,,0,9.0,0.9000000000000004,5.0,0.3000001907348633,5.5,0.2999999999999998,20.5,0.5,14.0,1.1999998092651367,13.5,2.1999999999999993,1.5,-0.2999999523162842,1.0,-0.5,,,True
Khris Middleton,DAL,148,19.4,1.100000023841858,20.5,10.3,7.4,12.3,0.4565,3.1,3.4,4.1,0.5205,1.6,1.8,2.4,0.4134,15.0,12.6,18.8,0.495,13.4,10.8,16.4,0.8118,11.9,9.2,14.7,0.5419,0.9,0.8,0.9,0.1495,,,0.20000000298023224,0.1389,1.9,2.0,1.899999976158142,0.6972,False,,,0,,,,,,,,,,,,,,,,,,,True
Justin Holiday,DEN,57,16.4,-0.4000000059604645,16.0,5.3,5.0,4.9,0.3037,1.3,1.0,1.4,0.4342,1.1,1.6,1.4,0.0786,7.7,7.6,7.7,0.292,6.6,6.0,6.3,0.3762,6.4,6.6,6.3,0.1374,0.9,0.6,0.7,0.2021,0.3,,0.30000001192092896,0.1275,0.3,0.4,0.4000000059604645,0.6207,False,,,0,,,,,,,,,,,,,,,,,,,True
Alex Len,LAL,93,11.1,-3.0,8.100000381469727,1.8,2.8,3.0,0.5911,2.9,4.0,2.5,0.2856,0.7,1.0,0.6,0.1929,5.4,7.8,6.1,0.1551,4.7,6.8,5.5,0.4234,2.5,3.8,3.6,0.5583,0.1,0.2,0.3,0.174,0.2,0.2,0.30000001192092896,0.0721,0.6,1.2,0.6000000238418579,0.573,False,,,0,,,,,,,,,,,,,,,,,,,True
CJ McCollum,ATL,193,29.2,1.2999999523162842,30.5,20.2,19.8,17.4,0.2967,2.5,3.0,3.4,0.4107,4.6,5.4,4.6,0.4932,27.3,28.2,25.4,0.1623,22.7,22.8,20.8,0.1783,24.8,25.2,22.0,0.1692,0.8,0.6,1.0,0.303,0.7,0.4,0.6000000238418579,0.1501,1.8,1.8,1.7000000476837158,0.3216,False,,,0,,,,,,,,,,,,,,,,,,,True
Cody Zeller,NOP,42,4.8,0.30000001192092896,5.099999904632568,1.5,2.0,1.8,0.1936,2.5,3.0,2.5,0.2741,0.5,0.6,0.7,0.2732,4.5,5.6,5.0,0.0852,4.0,5.0,4.3,0.1887,2.0,2.6,2.5,0.105,0.4,0.2,0.3,0.1395,0.1,0.2,0.20000000298023224,0.1012,0.4,0.4,0.30000001192092896,0.2658,False,,,0,,,,,,,,,,,,,,,,,,,True
Dennis Schröder,CLE,219,19.1,1.5,20.600000381469727,5.0,4.4,9.6,0.8095,2.1,2.4,2.8,0.6334,3.9,3.4,4.3,0.2973,11.0,10.2,16.7,0.4533,7.1,6.8,12.4,0.6233,8.9,7.8,13.9,0.6736,0.4,0.4,0.7,0.1898,,,0.20000000298023224,0.1157,0.7,0.6,1.600000023841858,0.841,False,,,0,7.5,2.0,2.5,0.7000000476837158,3.5,0.7999999999999998,14.5,2.5,14.5,-1.8000001907348633,11.5,2.3000000000000007,1.5,-0.800000011920929,0.5,-0.29999999701976776,1.5,0.10000002384185791,True
Kelly Olynyk,SAS,162,6.9,-0.30000001192092896,6.599999904632568,2.7,3.6,2.3,0.0569,1.6,1.6,1.6,0.3688,1.1,1.4,0.8,0.1547,5.4,6.6,4.7,0.0493,4.3,5.2,3.9,0.1743,3.8,5.0,3.1,0.0765,0.1,0.2,0.2,0.2499,0.2,0.2,0.20000000298023224,0.0942,0.6,0.4,0.30000001192092896,0.1048,False,,,0,,,,,,,,,,,,,,,,,,,True
Kentavious Caldwell-Pope,MEM,203,22.0,1.2999999523162842,23.299999237060547,9.2,11.4,7.8,0.1165,2.7,2.4,2.7,0.513,2.1,1.6,2.1,0.3973,14.0,15.4,12.6,0.071,11.9,13.8,10.5,0.2983,11.3,13.0,9.9,0.1167,0.7,0.6,0.8,0.1202,,,0.20000000298023224,0.1248,1.1,1.4,0.8999999761581421,0.2706,False,,,0,,,,,,,,,,,,,,,,,,,True
Mason Plumlee,SAS,138,8.3,-1.7000000476837158,6.599999904632568,1.7,1.6,1.5,0.2154,3.1,3.0,2.8,0.484,1.0,0.6,0.9,0.1875,5.8,5.2,5.2,0.1248,4.8,4.6,4.3,0.4206,2.7,2.2,2.4,0.4493,0.7,0.6,0.4,0.3809,,,0.20000000298023224,0.1419,0.7,1.0,0.30000001192092896,0.2146,False,,,0,,,,,,,,,,,,,,,,,,,True
Mike Muscala,OKC,52,5.3,0.5,5.800000190734863,1.0,1.2,1.5,0.08,1.1,1.4,1.6,0.3501,0.3,0.4,0.5,0.2437,2.4,3.0,3.6,0.0464,2.1,2.6,3.1,0.3007,1.3,1.6,2.0,0.1831,0.1,,0.2,0.1455,0.1,0.2,0.10000000149011612,0.0584,0.3,0.4,0.20000000298023224,0.1696,False,,,0,,,,,,,,,,,,,,,,,,,True
Otto Porter Jr.,TOR,14,10.2,1.899999976158142,12.100000381469727,2.4,2.2,1.4,0.0904,1.6,1.4,1.5,0.3229,0.6,1.2,0.5,0.1202,4.6,4.8,3.4,0.0455,4.0,3.6,2.9,0.3921,3.0,3.4,1.9,0.1532,0.3,0.4,0.2,0.1755,0.3,0.4,0.30000001192092896,0.0972,0.2,0.2,0.10000000149011612,0.2041,False,,,0,,,,,,,,,,,,,,,,,,,True
Reggie Bullock Jr.,HOU,43,8.7,-1.5,7.199999809265137,1.7,2.2,2.5,0.4592,1.0,1.0,1.9,0.6201,0.3,0.4,0.4,0.1315,3.0,3.6,4.8,0.7223,2.7,3.2,4.4,0.3606,2.0,2.6,2.9,0.1885,0.3,0.6,0.3,0.1331,0.2,0.4,0.20000000298023224,0.1642,0.1,0.2,0.30000001192092896,0.4385,False,,,0,,,,,,,,,,,,,,,,,,,True
Robert Covington,PHI,28,15.8,1.0,16.799999237060547,4.2,2.2,4.9,0.2578,3.2,2.6,3.8,0.3563,0.7,0.8,0.8,0.1988,8.1,5.6,9.5,0.2366,7.4,4.8,8.7,0.6295,4.9,3.0,5.7,0.2796,1.5,1.6,1.2,0.4667,0.4,0.6,0.5,0.201,0.7,0.4,0.6000000238418579,0.3747,False,,,0,,,,,,,,,,,,,,,,,,,True
Rudy Gobert,MIN,219,30.8,-0.6000000238418579,30.200000762939453,11.7,15.2,12.9,0.4482,11.9,13.4,12.1,0.621,1.4,0.6,1.9,0.1402,25.0,29.2,26.9,0.5655,23.6,28.6,25.0,0.5353,13.1,15.8,14.8,0.7661,0.7,1.0,0.9,0.311,1.8,2.6,1.7000000476837158,0.3061,1.5,1.2,1.399999976158142,0.4594,False,,,0,,,,,,,,,,,,,,,,,,,True
Steven Adams,HOU,89,24.5,-1.100000023841858,23.399999618530273,5.6,5.0,5.9,0.342,8.1,8.8,7.9,0.402,1.5,1.8,1.4,0.3197,15.2,15.6,15.2,0.584,13.7,13.8,13.8,0.2398,7.1,6.8,7.3,0.4901,0.7,0.8,0.6,0.3764,0.6,1.2,0.699999988079071,0.4222,1.2,1.0,0.699999988079071,0.5434,False,,,0,,,,,,,,,,,,,,,,,,,True
Tim Hardaway Jr.,DEN,231,24.8,1.0,25.799999237060547,12.9,13.0,9.9,0.0796,2.4,2.2,2.3,0.3703,1.7,1.4,1.7,0.1505,17.0,16.6,13.9,0.0248,15.3,15.2,12.2,0.0603,14.6,14.4,11.6,0.0379,0.7,0.6,0.6,0.0937,,,0.20000000298023224,0.2017,0.7,0.2,0.20000000298023224,0.1121,False,,,0,,,,,,,,,,,,,,,,,,,True
Giannis Antetokounmpo,MIL,175,28.5,1.0,29.5,23.1,24.6,33.1,0.9225,9.4,7.4,9.9,0.3418,4.6,4.0,4.6,0.3463,37.1,36.0,47.6,0.4912,32.5,32.0,43.0,0.8293,27.7,28.6,37.7,0.8066,1.2,1.4,1.1,0.259,0.3,0.4,0.6000000238418579,0.1703,3.4,2.8,4.0,0.7719,False,,,0,,,,,,,,,,,,,,,,,,,True
Seth Curry,GSW,117,16.7,-4.699999809265137,12.0,8.8,5.4,9.1,0.6214,2.0,1.4,2.1,0.5004,1.3,1.4,1.0,0.2733,12.1,8.2,12.2,0.8829,10.8,6.8,11.2,0.8826,10.1,6.8,10.1,0.6209,0.4,0.4,0.4,0.1521,,,0.10000000149011612,0.1065,0.3,,0.6000000238418579,0.8294,False,,,0,,,,,,,,,,,,,,,,,,,True
Thanasis Antetokounmpo,MIL,63,4.5,1.100000023841858,5.599999904632568,1.4,1.6,3.5,0.5659,1.1,1.8,2.4,0.251,0.5,0.8,0.7,0.1065,3.0,4.2,6.6,0.0894,2.5,3.4,5.9,0.5985,1.9,2.4,4.2,0.5543,0.3,0.2,0.4,0.1969,0.2,0.2,0.30000001192092896,0.0685,0.3,0.6,0.6000000238418579,0.3633,False,,,0,,,,,,,,,,,,,,,,,,,True
Zach LaVine,SAC,137,28.9,-0.10000000149011612,28.799999237060547,18.6,18.0,14.5,0.096,2.1,2.4,2.3,0.4478,2.1,1.2,2.2,0.3658,22.8,21.6,19.0,0.0899,20.7,20.4,16.8,0.3998,20.7,19.2,16.7,0.1124,0.8,1.0,0.8,0.1784,0.3,,0.30000001192092896,0.1126,1.5,1.6,1.2000000476837158,0.455,False,,,0,,,,,,,,,,,,,,,,,,,True
Elfrid Payton,NOP,23,22.6,2.0999999046325684,24.700000762939453,2.9,2.2,2.7,0.672,4.0,4.4,4.2,0.382,9.5,12.0,8.2,0.4224,16.4,18.6,15.1,0.4748,6.9,6.6,6.9,0.3933,12.4,14.2,10.9,0.6146,0.8,1.0,1.1,0.6079,0.4,0.2,0.6000000238418579,0.3202,3.2,3.2,2.799999952316284,0.4085,False,,,0,,,,,,,,,,,,,,,,,,,True
Jordan Clarkson,NYK,158,21.1,-1.100000023841858,20.0,10.6,7.6,9.1,0.5527,2.2,2.4,2.2,0.5066,1.8,2.0,1.5,0.3241,14.6,12.0,12.8,0.192,12.8,10.0,11.3,0.6184,12.4,9.6,10.6,0.1701,0.5,0.6,0.6,0.2037,0.1,,0.10000000149011612,0.2421,0.5,0.2,0.699999988079071,0.7717,False,,,0,,,,,,,,,,,,,,,,,,,True
Gary Harris,MIL,146,10.5,2.200000047683716,12.699999809265137,1.6,2.8,4.3,0.473,0.5,0.4,1.3,0.4435,0.9,0.8,1.2,0.0661,3.0,4.0,6.8,0.2955,2.1,3.2,5.6,0.4475,2.5,3.6,5.5,0.5542,0.3,0.6,0.6,0.1325,0.2,0.2,0.20000000298023224,0.0739,0.2,,0.6000000238418579,0.6819,False,,,0,,,,,,,,,,,,,,,,,,,True
Spencer Dinwiddie,DAL,154,31.9,-0.30000001192092896,31.700000762939453,13.7,11.2,12.6,0.648,4.1,4.2,3.7,0.5669,7.6,7.0,6.7,0.5446,25.4,22.4,23.0,0.3171,17.8,15.4,16.3,0.3335,21.3,18.2,19.3,0.3686,1.1,0.6,1.1,0.4922,0.3,,0.30000001192092896,0.2108,1.9,1.6,1.7000000476837158,0.5528,False,,,0,,,,,,,,,,,,,,,,,,,True
Jerami Grant,POR,157,31.8,0.10000000149011612,31.899999618530273,18.9,16.8,17.0,0.6273,3.5,3.2,4.1,0.2877,1.8,1.6,1.7,0.2444,24.2,21.6,22.8,0.0683,22.4,20.0,21.1,0.5532,20.7,18.4,18.7,0.1266,1.1,1.0,1.0,0.2692,0.5,0.6,0.5,0.1601,2.4,2.2,1.899999976158142,0.6393,False,,,0,,,,,,,,,,,,,,,,,,,True
Joe Harris,DET,15,9.7,-3.0,6.699999809265137,2.1,2.0,1.9,0.258,1.0,1.0,0.9,0.4821,0.6,0.6,0.7,0.1853,3.7,3.6,3.5,0.4353,3.1,3.0,2.8,0.1976,2.7,2.6,2.6,0.0607,0.2,0.2,0.2,0.1248,0.2,0.2,0.10000000149011612,0.0708,0.2,0.2,0.20000000298023224,0.4705,False,,,0,,,,,,,,,,,,,,,,,,,True
Doug McDermott,SAC,129,21.2,-0.30000001192092896,20.899999618530273,7.7,9.4,6.5,0.5046,1.6,1.8,1.5,0.4074,1.0,1.2,0.9,0.1941,10.3,12.4,8.9,0.2291,9.3,11.2,8.0,0.3445,8.7,10.6,7.4,0.1818,0.1,,0.4,0.1312,0.2,0.4,0.20000000298023224,0.0789,0.4,0.4,0.4000000059604645,0.2884,False,,,0,,,,,,,,,,,,,,,,,,,True
Aaron Gordon,DEN,156,25.5,0.800000011920929,26.299999237060547,13.9,14.6,15.3,0.3271,5.4,5.2,5.9,0.4547,2.5,2.6,3.0,0.1549,21.8,22.4,24.2,0.2797,19.3,19.8,21.2,0.2204,16.4,17.2,18.3,0.1728,0.5,0.4,0.6,0.1106,0.5,0.4,0.4000000059604645,0.1735,1.1,1.2,1.100000023841858,0.3102,False,,,0,,,,,,,,,,,,,,,,,,,True
T.J. Warren,MIN,10,12.3,-2.700000047683716,9.699999809265137,4.1,4.0,1.8,0.22,2.2,2.0,1.2,0.2001,0.9,0.8,0.5,0.1102,7.2,6.8,3.5,0.3354,6.3,6.0,3.0,0.1625,5.0,4.8,2.3,0.1772,0.4,0.4,0.1,0.1322,0.1,0.2,0.10000000149011612,0.0592,0.4,0.2,0.10000000149011612,0.2681,False,,,0,,,,,,,,,,,,,,,,,,,True
Marcus Smart,LAL,113,30.9,-0.10000000149011612,30.799999237060547,10.2,11.6,6.7,0.0956,2.3,2.0,2.5,0.2462,3.1,2.4,2.9,0.2267,15.6,16.0,12.1,0.0637,12.5,13.6,9.2,0.1076,13.3,14.0,9.6,0.1037,2.3,2.2,1.7,0.3202,0.4,0.2,0.4000000059604645,0.2092,1.1,0.6,1.0,0.2018,False,,,0,,,,,,,,,,,,,,,,,,,True
Kyle Anderson,MIN,176,18.7,-0.10000000149011612,18.600000381469727,4.0,4.6,4.0,0.073,3.8,3.2,3.5,0.2465,2.9,3.0,2.8,0.1917,10.7,10.8,10.3,0.0545,7.8,7.8,7.5,0.1494,6.9,7.6,6.8,0.1585,0.7,1.0,0.7,0.259,0.5,0.4,0.5,0.1368,1.1,1.0,0.6000000238418579,0.349,False,,,0,,,,,,,,,,,,,,,,,,,True
Dwight Powell,DAL,174,12.2,6.599999904632568,18.799999237060547,3.6,4.6,3.5,0.0567,3.9,4.0,4.3,0.1598,1.0,1.2,1.3,0.1006,8.5,9.8,9.1,0.0653,7.5,8.6,7.8,0.2274,4.6,5.8,4.8,0.1935,0.5,0.6,0.7,0.1123,0.2,0.2,0.4000000059604645,0.0287,0.9,0.8,0.5,0.1103,False,,,0,,,,,,,,,,,,,,,,,,,True
Julius Randle,MIN,189,31.5,1.2000000476837158,32.70000076293945,18.3,16.8,20.2,0.6556,6.0,5.8,6.9,0.4903,4.1,5.2,4.4,0.3418,28.4,27.8,31.5,0.4783,24.3,22.6,27.1,0.3135,22.4,22.0,24.6,0.4782,1.4,1.8,1.3,0.3963,0.2,0.2,0.30000001192092896,0.1676,3.5,3.6,2.5999999046325684,0.3534,False,,,0,,,,,,,,,,,,,,,,,,,True
Andrew Wiggins,MIA,193,28.2,1.5,29.700000762939453,12.9,12.4,11.8,0.1397,4.8,4.2,4.8,0.4681,2.4,1.6,2.3,0.4408,20.1,18.2,18.9,0.1023,17.7,16.6,16.6,0.0976,15.3,14.0,14.1,0.0466,1.2,1.8,1.0,0.4671,1.6,1.2,1.2999999523162842,0.1388,0.7,0.6,0.699999988079071,0.2016,False,,,0,,,,,,,,,,,,,,,,,,,True
Joel Embiid,PHI,93,32.9,0.6000000238418579,33.5,31.5,30.0,32.0,0.7378,7.5,7.6,8.2,0.4268,4.8,4.2,4.4,0.3631,43.8,41.8,44.6,0.5556,39.0,37.6,40.2,0.7393,36.3,34.2,36.4,0.5673,0.6,0.2,1.0,0.491,1.0,1.0,0.800000011920929,0.112,2.4,2.2,3.0999999046325684,0.8175,False,,,0,,,,,,,,,,,,,,,,,,,True
Dante Exum,DAL,74,17.9,-1.600000023841858,16.299999237060547,7.9,9.4,7.1,0.1954,1.7,1.6,1.6,0.402,1.8,1.8,2.3,0.0931,11.4,12.8,11.0,0.2448,9.6,11.0,8.7,0.1647,9.7,11.2,9.4,0.0872,0.6,0.4,0.5,0.1851,0.1,,0.10000000149011612,0.1002,1.2,1.2,0.800000011920929,0.3884,False,,,0,,,,,,,,,,,,,,,,,,,True
Dario Saric,SAC,84,11.1,0.20000000298023224,11.300000190734863,2.7,1.8,1.9,0.0758,2.1,1.4,1.9,0.3496,1.4,0.6,1.1,0.3036,6.2,3.8,4.9,0.1883,4.8,3.2,3.8,0.5067,4.1,2.4,3.0,0.1201,0.1,,0.1,0.4004,0.1,,0.0,0.0711,0.6,0.6,0.20000000298023224,0.3181,False,,,0,,,,,,,,,,,,,,,,,,,True
Clint Capela,HOU,196,14.6,0.699999988079071,15.300000190734863,4.0,2.0,7.0,0.836,5.1,5.2,5.0,0.5191,1.0,0.8,1.1,0.2079,10.1,8.0,13.1,0.6231,9.1,7.2,12.0,0.7738,5.0,2.8,8.1,0.7006,0.4,,0.4,0.1448,1.1,1.2,1.0,0.0528,1.0,0.6,1.100000023841858,0.7278,False,,,0,,,,,,,,,,,,,,,,,,,True
Bogdan Bogdanović,LAC,153,16.7,0.30000001192092896,17.0,6.2,5.2,7.3,0.2846,2.3,1.8,2.8,0.271,1.8,1.4,2.2,0.2777,10.3,8.4,12.3,0.0964,8.5,7.0,10.1,0.3629,8.0,6.6,9.5,0.2283,0.3,0.4,0.4,0.131,,,0.20000000298023224,0.0714,1.3,1.4,1.0,0.5108,False,,,0,,,,,,,,,,,,,,,,,,,True
Jusuf Nurkić,UTA,167,29.1,-0.30000001192092896,28.799999237060547,13.1,10.4,11.2,0.077,12.8,11.6,12.0,0.6811,6.1,5.0,5.3,0.3259,32.0,27.0,28.5,0.3523,25.9,22.0,23.2,0.2573,19.2,15.4,16.5,0.077,1.2,0.8,1.0,0.6075,1.1,1.2,0.800000011920929,0.183,2.4,3.2,1.7999999523162842,0.3845,False,,,0,,,,,,,,,,,,,,,,,,,True
Vasilije Micic,PHX,100,17.8,-8.0,9.8,7.0,2.6,2.5,0.2085,2.1,1.0,1.5,0.341,2.5,1.0,1.8,0.553,11.6,4.6,5.8,0.2092,9.1,3.6,4.0,0.1768,9.5,3.6,4.3,0.16,0.1,,0.1,0.4147,,,0.0,0.131,1.8,0.6,0.699999988079071,0.2672,False,,,0,,,,,,,,,,,,,,,,,,,True
Nikola Jokić,DEN,209,36.6,-0.20000000298023224,36.400001525878906,24.0,25.2,26.8,0.2464,14.7,16.4,14.7,0.536,12.8,14.0,11.4,0.3149,51.5,55.6,52.9,0.4701,38.7,41.6,41.5,0.3619,36.8,39.2,38.2,0.2493,1.5,1.0,1.4,0.3024,0.8,0.2,0.800000011920929,0.1482,4.1,3.4,4.0,0.7109,False,,,0,,,,,,,,,,,,,,,,,,,True
Kristaps Porziņģis,GSW,126,22.7,3.5,26.200000762939453,17.1,16.6,20.6,0.6587,4.7,5.6,5.4,0.3688,2.6,2.4,2.9,0.2404,24.4,24.6,28.9,0.4899,21.8,22.2,26.0,0.6228,19.7,19.0,23.5,0.605,0.7,0.6,0.9,0.2001,1.4,0.8,1.5,0.1706,1.7,1.8,1.899999976158142,0.6908,False,,,0,19.5,0.3000000000000007,6.0,-0.19999980926513672,3.0,0.20000000000000018,28.5,0.3000000000000007,24.5,1.1000003814697266,24.5,-1.5,1.0,-0.10000002384185791,1.5,0.0,1.5,0.3999999761581421,True
Joe Ingles,MIN,111,3.9,-0.20000000298023224,3.700000047683716,0.9,1.8,0.4,0.0568,0.4,0.4,0.3,0.1806,0.8,1.0,0.5,0.1926,2.1,3.2,1.2,0.0275,1.3,2.2,0.7,0.1444,1.7,2.8,0.9,0.0542,0.1,,0.1,0.1501,0.1,0.2,0.10000000149011612,0.0948,0.3,0.4,0.10000000149011612,0.2259,False,,,0,,,,,,,,,,,,,,,,,,,True
T.J. McConnell,IND,205,18.7,-1.600000023841858,17.100000381469727,8.8,8.6,8.2,0.3655,2.5,2.4,2.0,0.4573,6.4,6.0,5.2,0.2406,17.7,17.0,15.4,0.5322,11.3,11.0,10.2,0.5452,15.2,14.6,13.4,0.4347,0.8,1.0,0.7,0.2194,0.1,0.2,0.10000000149011612,0.1188,0.6,0.4,1.100000023841858,0.816,False,,,0,,,,,,,,,,,,,,,,,,,True
Tyus Jones,DEN,210,8.9,-3.200000047683716,5.699999809265137,1.7,1.4,1.3,0.0541,1.1,0.6,0.7,0.2413,1.3,0.8,1.5,0.3,4.1,2.8,3.5,0.0778,2.8,2.0,2.0,0.1387,3.0,2.2,2.8,0.0383,0.1,,0.1,0.3124,,,0.0,0.1048,0.6,,0.10000000149011612,0.1725,False,,,0,,,,,,,,,,,,,,,,,,,True
Delon Wright,NYK,86,19.6,0.20000000298023224,19.799999237060547,5.1,7.2,5.5,0.3986,1.7,2.4,1.9,0.3528,2.4,3.2,2.6,0.1113,9.2,12.8,10.0,0.1981,6.8,9.6,7.4,0.3558,7.5,10.4,8.1,0.1335,1.0,1.8,1.0,0.2719,0.2,0.4,0.30000001192092896,0.1928,0.8,0.8,0.800000011920929,0.5717,False,,,0,,,,,,,,,,,,,,,,,,,True
D'Angelo Russell,DAL,159,14.7,-0.699999988079071,14.0,7.7,4.8,9.7,0.4832,1.7,1.0,2.7,0.38,2.7,2.2,3.1,0.2097,12.1,8.0,15.5,0.1602,9.4,5.8,12.4,0.3223,10.4,7.0,12.8,0.2266,0.4,0.6,0.5,0.2162,,,0.10000000149011612,0.1866,1.2,1.0,1.5,0.433,False,,,0,,,,,,,,,,,,,,,,,,,True
Karl-Anthony Towns,NYK,205,29.8,0.699999988079071,30.5,21.8,19.4,26.1,0.9409,11.6,11.8,12.6,0.6708,3.0,2.2,2.9,0.2439,36.4,33.4,41.6,0.8589,33.4,31.2,38.7,0.942,24.8,21.6,29.0,0.8585,0.7,0.4,0.9,0.1675,0.3,,0.6000000238418579,0.1043,2.3,2.0,2.700000047683716,0.5008,False,,,0,,,,,,,,,,,,,,,,,,,True
Richaun Holmes,WAS,70,18.3,-1.2000000476837158,17.100000381469727,9.9,6.6,8.7,0.4478,7.1,6.0,6.4,0.6484,1.7,0.8,1.5,0.2757,18.7,13.4,16.6,0.5743,17.0,12.6,15.1,0.6378,11.6,7.4,10.2,0.4505,0.6,0.4,0.4,0.1667,0.5,0.8,0.699999988079071,0.1527,0.5,0.4,0.6000000238418579,0.7059,False,,,0,,,,,,,,,,,,,,,,,,,True
Kelly Oubre Jr.,PHI,171,31.1,0.699999988079071,31.799999237060547,16.0,16.0,16.9,0.9028,6.1,7.0,6.8,0.6869,2.0,1.8,2.0,0.1657,24.1,24.8,25.7,0.6507,22.1,23.0,23.7,0.9212,18.0,17.8,18.9,0.7906,1.2,1.0,1.3,0.3936,0.1,0.2,0.30000001192092896,0.0695,1.7,2.0,1.7000000476837158,0.669,False,,,0,,,,,,,,,,,,,,,,,,,True
Devin Booker,PHX,202,32.9,-0.10000000149011612,32.79999923706055,29.3,24.6,27.5,0.7983,3.4,3.0,4.1,0.4878,5.3,6.8,5.4,0.3357,38.0,34.4,37.0,0.6977,32.7,27.6,31.6,0.7795,34.6,31.4,32.9,0.6267,0.4,0.6,0.8,0.2495,0.5,0.4,0.4000000059604645,0.1844,2.9,1.8,2.9000000953674316,0.7765,False,,,0,,,,,,,,,,,,,,,,,,,True
Cameron Payne,PHI,170,20.2,-3.299999952316284,16.899999618530273,11.3,8.8,5.9,0.0861,2.3,2.4,2.0,0.5473,3.2,3.2,2.6,0.2685,16.8,14.4,10.5,0.2252,13.6,11.2,7.9,0.2232,14.5,12.0,8.5,0.081,1.3,0.8,0.9,0.4229,0.5,0.4,0.30000001192092896,0.0969,0.8,0.4,0.4000000059604645,0.4764,False,,,0,,,,,,,,,,,,,,,,,,,True
Myles Turner,MIL,216,23.6,0.8999999761581421,24.5,9.3,9.0,11.3,0.2101,3.8,3.2,4.3,0.3978,1.1,0.4,1.3,0.2145,14.2,12.6,16.9,0.1251,13.1,12.2,15.6,0.1615,10.4,9.4,12.6,0.1293,0.6,1.0,0.7,0.1932,1.0,1.2,1.2000000476837158,0.1937,1.5,1.8,1.0,0.4614,False,,,0,,,,,,,,,,,,,,,,,,,True
Trey Lyles,SAC,126,24.7,5.099999904632568,29.700000762939453,6.3,10.4,11.4,0.9148,4.9,6.6,6.1,0.6356,1.0,1.6,1.8,0.3529,12.2,18.6,19.3,0.7929,11.2,17.0,17.5,0.9212,7.3,12.0,13.2,0.6604,0.6,0.6,0.9,0.2233,0.2,0.2,0.30000001192092896,0.1099,0.6,0.8,1.100000023841858,0.7718,False,,,0,,,,,,,,,,,,,,,,,,,True
Bobby Portis,MIL,197,25.4,0.800000011920929,26.200000762939453,16.5,18.4,18.0,0.79,6.0,7.2,6.2,0.4833,1.7,2.0,1.5,0.264,24.2,27.6,25.7,0.5643,22.5,25.6,24.2,0.7215,18.2,20.4,19.5,0.7232,0.9,1.4,1.0,0.3141,0.3,,0.30000001192092896,0.0955,0.9,0.8,1.2000000476837158,0.6088,False,,,0,,,,,,,,,,,,,,,,,,,True
Kevon Looney,NOP,168,14.6,-3.799999952316284,10.800000190734863,3.2,3.6,4.3,0.8826,6.5,8.0,4.8,0.6081,1.3,1.0,1.1,0.2495,11.0,12.6,10.2,0.7212,9.7,11.6,9.1,0.781,4.5,4.6,5.4,0.6339,0.4,0.4,0.4,0.2959,0.5,0.4,0.5,0.1176,0.3,0.4,0.699999988079071,0.8205,False,,,0,,,,,,,,,,,,,,,,,,,True
Christian Wood,LAL,49,12.9,1.7999999523162842,14.699999809265137,5.9,6.8,7.2,0.2495,3.0,3.0,4.1,0.3604,0.5,0.2,1.0,0.1402,9.4,10.0,12.3,0.5204,8.9,9.8,11.3,0.3116,6.4,7.0,8.2,0.2198,0.5,0.4,0.6,0.2004,0.3,0.4,0.5,0.0931,0.4,0.2,0.5,0.5326,False,,,0,,,,,,,,,,,,,,,,,,,True
Terry Rozier,MIA,124,15.6,0.10000000149011612,15.600000381469727,5.3,3.4,5.9,0.5519,2.6,2.0,2.9,0.4846,1.7,2.0,1.9,0.4578,9.6,7.4,10.7,0.173,7.9,5.4,8.8,0.313,7.0,5.4,7.8,0.161,0.6,0.4,0.6,0.17,,,0.20000000298023224,0.0455,0.4,0.4,0.4000000059604645,0.4694,False,,,0,,,,,,,,,,,,,,,,,,,True
Norman Powell,MIA,190,27.6,2.700000047683716,30.299999237060547,18.7,19.4,18.7,0.1629,3.5,3.4,3.9,0.3373,2.3,2.6,2.7,0.2586,24.5,25.4,25.3,0.1261,22.2,22.8,22.6,0.0778,21.0,22.0,21.4,0.0814,0.9,0.8,0.9,0.2194,0.3,0.4,0.30000001192092896,0.1299,1.9,1.4,1.7999999523162842,0.1696,False,,,0,,,,,,,,,,,,,,,,,,,True
Pat Connaughton,CHA,153,5.6,-0.800000011920929,4.800000190734863,2.1,0.8,2.4,0.1848,1.1,0.8,1.2,0.451,0.1,,0.5,0.1965,3.3,,4.1,0.0629,3.2,,3.6,0.2571,2.2,,2.9,0.1165,0.4,0.4,0.3,0.2107,,,0.10000000149011612,0.0736,0.2,,0.20000000298023224,0.3236,False,,,0,,,,,,,,,,,,,,,,,,,True
Josh Richardson,MIA,50,19.6,0.800000011920929,20.399999618530273,5.2,5.6,8.3,0.6383,2.1,1.8,2.5,0.4318,1.4,1.8,1.6,0.2648,8.7,9.2,12.4,0.6445,7.3,7.4,10.8,0.6046,6.6,7.4,9.9,0.614,1.0,1.2,0.8,0.1745,0.1,0.2,0.20000000298023224,0.0596,0.7,0.8,1.100000023841858,0.7479,False,,,0,,,,,,,,,,,,,,,,,,,True
Larry Nance Jr.,CLE,115,7.9,-1.2000000476837158,6.699999809265137,3.0,2.0,3.1,0.1906,2.4,2.4,1.8,0.5166,0.7,0.6,0.8,0.2019,6.1,5.0,5.7,0.1842,5.4,4.4,4.9,0.5967,3.7,2.6,3.9,0.1991,0.4,,0.3,0.0923,,,0.30000001192092896,0.0527,0.5,0.6,0.30000001192092896,0.3852,False,,,0,,,,,,,,,,,,,,,,,,,True
Royce O'Neale,PHX,226,27.3,-0.10000000149011612,27.200000762939453,10.3,9.4,10.1,0.7535,4.3,3.2,4.5,0.6907,2.4,2.2,2.2,0.3687,17.0,14.8,16.8,0.6103,14.6,12.6,14.6,0.5878,12.7,11.6,12.3,0.4502,1.0,0.8,0.9,0.23,0.8,1.0,0.6000000238418579,0.1741,0.6,0.8,0.699999988079071,0.5188,False,,,0,,,,,,,,,,,,,,,,,,,True
Cedi Osman,SAS,71,17.3,5.5,22.799999237060547,6.6,8.6,8.0,0.6708,2.6,3.0,4.0,0.637,1.1,2.0,1.7,0.1513,10.3,13.6,13.7,0.3386,9.2,11.6,12.0,0.6834,7.7,10.6,9.7,0.5692,0.4,0.6,0.7,0.1348,0.2,,0.20000000298023224,0.1277,0.5,0.6,1.0,0.426,False,,,0,,,,,,,,,,,,,,,,,,,True
Boban Marjanovic,HOU,13,3.9,-0.5,3.4000000953674316,2.2,3.0,4.0,0.2427,1.6,1.2,2.2,0.3764,0.2,0.2,0.2,0.3157,4.0,4.4,6.4,0.457,3.8,4.2,6.2,0.2251,2.4,3.2,4.2,0.1946,,,0.2,0.1226,,,0.10000000149011612,0.1105,0.3,0.4,0.5,0.6095,False,,,0,,,,,,,,,,,,,,,,,,,True
Ben Simmons,LAC,65,14.6,-0.20000000298023224,14.399999618530273,1.6,1.2,2.0,0.1433,3.7,3.0,3.3,0.3981,2.3,2.8,2.8,0.3679,7.6,7.0,8.1,0.3024,5.3,4.2,5.3,0.4736,3.9,4.0,4.8,0.3272,0.3,0.2,0.4,0.3244,0.3,0.2,0.4000000059604645,0.0521,1.1,1.0,0.6000000238418579,0.2584,False,,,0,,,,,,,,,,,,,,,,,,,True
Domantas Sabonis,SAC,170,27.6,0.6000000238418579,28.200000762939453,15.1,13.4,21.3,0.9527,9.5,10.4,11.1,0.4455,4.4,5.4,3.8,0.3157,29.0,29.2,36.2,0.8938,24.6,23.8,32.4,0.9288,19.5,18.8,25.1,0.9072,0.9,0.6,1.1,0.3955,0.3,0.2,0.4000000059604645,0.207,3.1,2.4,3.299999952316284,0.7281,False,,,0,,,,,,,,,,,,,,,,,,,True
Malik Beasley,DET,160,30.8,-1.2999999523162842,29.600000381469727,16.0,15.4,18.2,0.6496,2.3,1.8,2.1,0.5182,1.5,1.2,1.5,0.3159,19.8,18.4,21.8,0.5355,18.3,17.2,20.3,0.8857,17.5,16.6,19.7,0.6189,0.4,0.4,0.6,0.2755,,,0.10000000149011612,0.1611,0.4,,0.8999999761581421,0.9077,False,,,0,,,,,,,,,,,,,,,,,,,True
Kris Dunn,LAC,215,27.0,-0.5,26.5,5.9,4.6,5.5,0.4368,3.3,2.6,3.8,0.3895,3.3,3.6,3.3,0.2735,12.5,10.8,12.6,0.307,9.2,7.2,9.3,0.716,9.2,8.2,8.8,0.1968,2.1,2.0,1.8,0.5505,0.4,0.6,0.30000001192092896,0.1391,0.9,0.6,0.800000011920929,0.0839,False,,,0,5.0,-0.2999999999999998,4.0,-0.40000009536743164,3.5,-0.3999999999999999,12.0,-0.5999999999999996,7.5,0.8000001907348633,8.5,-0.7000000000000002,2.5,-0.7000000476837158,0.5,-0.19999998807907104,0.5,0.30000001192092896,True
Buddy Hield,ATL,214,14.2,-7.099999904632568,7.099999904632568,4.9,2.2,5.1,0.4475,1.8,1.2,1.8,0.4768,1.4,0.8,1.0,0.5011,8.1,4.2,7.9,0.4853,6.7,3.4,6.9,0.5422,6.3,3.0,6.1,0.1866,0.6,0.8,0.5,0.2597,0.3,,0.20000000298023224,0.0626,1.1,1.4,0.5,0.3635,False,,,0,,,,,,,,,,,,,,,,,,,True
Brandon Ingram,TOR,152,34.2,-0.10000000149011612,34.099998474121094,18.6,14.8,20.2,0.8424,5.0,5.2,5.5,0.4751,3.0,2.6,3.1,0.3395,26.6,22.6,28.8,0.2565,23.6,20.0,25.7,0.3481,21.6,17.4,23.3,0.3115,0.8,0.4,0.9,0.3103,0.6,1.0,0.6000000238418579,0.0645,2.9,3.2,2.700000047683716,0.5269,False,,,0,,,,,,,,,,,,,,,,,,,True
Damian Jones,CLE,38,7.1,-2.9000000953674316,4.300000190734863,4.6,1.4,3.6,0.4808,2.2,0.8,2.0,0.379,0.3,0.2,0.4,0.2206,7.1,2.4,6.0,0.6485,6.8,2.2,5.6,0.3599,4.9,1.6,4.0,0.2821,0.2,,0.2,0.3859,0.2,0.2,0.30000001192092896,0.0661,0.3,,0.30000001192092896,0.4159,False,,,0,,,,,,,,,,,,,,,,,,,True
Caris LeVert,DET,186,19.9,0.5,20.399999618530273,7.9,7.0,8.3,0.3265,3.0,3.2,2.7,0.5352,3.0,3.4,2.7,0.1924,13.9,13.6,13.7,0.1869,10.9,10.2,11.0,0.5265,10.9,10.4,11.0,0.3248,0.9,0.6,0.9,0.1757,0.7,1.0,0.6000000238418579,0.1211,1.6,1.4,1.399999976158142,0.5711,False,,,0,,,,,,,,,,,,,,,,,,,True
Dejounte Murray,NOP,121,28.3,0.5,28.799999237060547,17.6,16.6,17.0,0.8683,5.8,5.2,5.6,0.3931,6.6,8.0,6.6,0.2797,30.0,29.8,29.2,0.7498,23.4,21.8,22.6,0.6282,24.2,24.6,23.6,0.6856,1.5,1.4,1.4,0.4408,0.1,,0.20000000298023224,0.3839,3.0,3.2,2.799999952316284,0.0864,False,,,0,16.5,1.1000000000000014,6.0,-0.40000009536743164,6.25,0.4500000000000002,28.5,1.3999999999999986,20.5,2.700000762939453,22.0,2.3000000000000007,2.5,-1.100000023841858,0.5,-0.29999999701976776,2.5,0.2999999523162842,True
Jamal Murray,DEN,197,36.6,-0.800000011920929,35.79999923706055,25.3,29.4,26.7,0.7792,4.8,4.2,4.4,0.4922,7.3,7.6,6.4,0.2283,37.4,41.2,37.5,0.6362,30.1,33.6,31.1,0.8147,32.6,37.0,33.1,0.4089,0.7,0.6,0.9,0.4814,0.2,0.4,0.30000001192092896,0.1878,2.3,2.6,2.700000047683716,0.843,False,,,0,,,,,,,,,,,,,,,,,,,True
Jakob Poeltl,TOR,146,26.0,1.100000023841858,27.100000381469727,12.7,10.4,12.9,0.6892,7.6,5.6,7.7,0.4152,2.0,2.0,1.9,0.1142,22.3,18.0,22.5,0.5948,20.3,16.0,20.6,0.5505,14.7,12.4,14.8,0.4642,0.7,0.8,0.8,0.1708,0.9,0.8,1.0,0.1425,0.6,0.4,1.0,0.5599,False,,,0,,,,,,,,,,,,,,,,,,,True
Taurean Prince,MIL,177,22.4,5.199999809265137,27.600000381469727,8.4,9.8,11.6,0.6864,3.2,4.6,3.6,0.4246,1.8,2.6,2.1,0.1989,13.4,17.0,17.3,0.2838,11.6,14.4,15.2,0.6038,10.2,12.4,13.7,0.4907,0.6,0.6,1.0,0.4403,0.1,0.2,0.30000001192092896,0.0874,1.2,2.0,1.7000000476837158,0.3358,False,,,0,,,,,,,,,,,,,,,,,,,True
Jaylen Brown,BOS,199,35.1,0.699999988079071,35.79999923706055,27.3,30.2,30.1,0.9177,6.5,7.4,7.1,0.3628,6.3,6.4,6.3,0.3815,40.1,44.0,43.5,0.6303,33.8,37.6,37.2,0.7819,33.6,36.6,36.4,0.8302,1.0,1.0,1.3,0.5061,0.2,,0.30000001192092896,0.0924,3.9,4.0,4.0,0.8203,False,,,0,,,,,,,,,,,,,,,,,,,True
Malcolm Brogdon,WAS,62,22.8,-1.0,21.799999237060547,11.6,8.8,13.2,0.7753,3.7,3.6,3.8,0.2984,4.9,4.2,4.4,0.3892,20.2,16.6,21.4,0.7364,15.3,12.4,17.0,0.6669,16.5,13.0,17.6,0.7915,0.6,0.6,0.7,0.2131,0.1,,0.20000000298023224,0.1908,1.6,1.2,1.899999976158142,0.8357,False,,,0,,,,,,,,,,,,,,,,,,,True
Georges Niang,ATL,160,19.4,-0.5,19.0,10.2,9.0,13.7,0.5964,1.5,1.6,2.0,0.2587,1.3,1.4,1.2,0.1326,13.0,12.0,16.9,0.643,11.7,10.6,15.7,0.5293,11.5,10.4,14.9,0.6993,0.4,0.2,0.4,0.0745,0.1,0.2,0.10000000149011612,0.1074,1.6,1.6,1.5,0.655,False,,,0,,,,,,,,,,,,,,,,,,,True
Gary Payton II,GSW,172,23.4,0.10000000149011612,23.5,14.1,14.0,11.6,0.5175,5.2,5.0,4.6,0.5961,2.4,2.8,2.2,0.3156,21.7,21.8,18.4,0.4606,19.3,19.0,16.2,0.5267,16.5,16.8,13.8,0.3311,1.8,1.8,1.4,0.3141,0.3,0.2,0.30000001192092896,0.1512,0.6,0.6,0.800000011920929,0.4275,False,,,0,,,,,,,,,,,,,,,,,,,True
Pascal Siakam,IND,218,31.4,0.699999988079071,32.099998474121094,24.9,22.4,27.2,0.678,6.3,6.6,6.5,0.5913,3.2,3.2,4.0,0.6375,34.4,32.2,37.7,0.5359,31.2,29.0,33.7,0.5788,28.1,25.6,31.2,0.4369,1.3,1.2,1.2,0.4146,0.2,0.4,0.5,0.2267,2.6,3.2,2.700000047683716,0.6763,False,,,0,,,,,,,,,,,,,,,,,,,True
Furkan Korkmaz,PHI,34,13.0,2.5,15.5,4.3,7.2,3.2,0.0981,1.6,1.8,1.6,0.1643,1.5,1.4,1.3,0.2257,7.4,10.4,6.1,0.0396,5.9,9.0,4.8,0.2451,5.8,8.6,4.5,0.0689,0.3,0.2,0.4,0.1717,0.1,,0.20000000298023224,0.0622,0.2,0.2,0.30000001192092896,0.4555,False,,,0,,,,,,,,,,,,,,,,,,,True
Damion Lee,PHX,24,5.5,-0.699999988079071,4.900000095367432,3.5,3.2,3.3,0.2749,0.6,0.8,0.8,0.2562,0.3,0.4,0.4,0.1354,4.4,4.4,4.5,0.2629,4.1,4.0,4.1,0.3291,3.8,3.6,3.7,0.1351,0.2,0.4,0.2,0.1819,,,0.10000000149011612,0.084,0.5,0.4,0.5,0.5037,False,,,0,,,,,,,,,,,,,,,,,,,True
Guerschon Yabusele,CHI,132,23.7,1.0,24.700000762939453,9.3,9.4,11.9,0.9446,4.5,5.4,5.6,0.5266,1.3,1.4,1.6,0.1419,15.1,16.2,19.1,0.8721,13.8,14.8,17.5,0.7972,10.6,10.8,13.5,0.8523,0.9,1.2,0.9,0.1494,0.4,0.6,0.4000000059604645,0.0624,0.8,0.6,1.2999999523162842,0.8855,False,,,0,,,,,,,,,,,,,,,,,,,True
Ivica Zubac,IND,195,26.8,0.5,27.299999237060547,11.3,9.6,17.6,0.9458,10.0,7.4,10.5,0.4877,1.5,1.6,1.7,0.0807,22.8,18.6,29.8,0.9168,21.3,17.0,28.1,0.9105,12.8,11.2,19.3,0.8657,0.4,0.4,0.5,0.0997,0.5,0.8,0.800000011920929,0.1595,1.2,0.8,1.7999999523162842,0.6222,False,,,0,,,,,,,,,,,,,,,,,,,True
Dorian Finney-Smith,HOU,165,19.3,-6.699999809265137,12.600000381469727,3.3,2.4,3.1,0.1679,2.9,2.2,2.2,0.5406,1.7,1.8,1.1,0.2137,7.9,6.4,6.4,0.3146,6.2,4.6,5.3,0.6194,5.0,4.2,4.2,0.2121,0.7,0.6,0.5,0.2626,0.2,0.4,0.20000000298023224,0.0742,0.5,0.6,0.20000000298023224,0.3928,False,,,0,,,,,,,,,,,,,,,,,,,True
Fred VanVleet,HOU,132,36.6,-3.700000047683716,32.900001525878906,12.7,8.0,13.6,0.6313,2.8,1.6,2.8,0.3174,5.0,6.2,4.3,0.462,20.5,15.8,20.7,0.3972,15.5,9.6,16.4,0.6253,17.7,14.2,17.9,0.3655,1.3,1.4,1.0,0.7411,0.4,0.4,0.20000000298023224,0.1286,1.2,1.2,1.5,0.2958,False,,,0,,,,,,,,,,,,,,,,,,,True
Ryan Arcidiacono,NYK,19,2.5,0.699999988079071,3.200000047683716,,,2.4,0.3693,0.3,0.4,0.5,0.4067,0.1,0.2,0.2,0.2099,,,3.1,0.3481,,,2.9,0.3569,,,2.6,0.5734,0.1,0.2,0.2,0.152,,,0.0,0.0507,0.1,0.2,0.4000000059604645,0.7299,False,,,0,,,,,,,,,,,,,,,,,,,True
Danuel House Jr.,PHI,33,21.0,-0.4000000059604645,20.600000381469727,6.1,5.6,7.3,0.7702,2.2,2.0,2.6,0.5283,1.0,1.2,1.0,0.0779,9.3,8.8,10.9,0.6673,8.3,7.6,9.9,0.7844,7.1,6.8,8.3,0.5293,0.8,1.0,0.7,0.145,0.4,0.4,0.30000001192092896,0.1441,0.4,,0.800000011920929,0.7927,False,,,0,,,,,,,,,,,,,,,,,,,True
Derrick Jones Jr.,LAC,196,29.3,-0.800000011920929,28.5,8.9,8.2,7.4,0.0284,4.3,5.0,3.5,0.1706,2.0,1.8,1.5,0.3348,15.2,15.0,12.4,0.0535,13.2,13.2,10.9,0.0351,10.9,10.0,8.9,0.0494,1.0,0.8,0.8,0.4063,0.9,0.8,0.800000011920929,0.1396,0.8,0.8,0.4000000059604645,0.1097,False,,,0,,,,,,,,,,,,,,,,,,,True
Alex Caruso,OKC,177,17.6,1.100000023841858,18.700000762939453,5.8,5.8,4.8,0.0577,3.4,2.8,3.0,0.2803,1.9,2.6,1.9,0.0793,11.1,11.2,9.7,0.0256,9.2,8.6,7.8,0.0615,7.7,8.4,6.7,0.0865,1.3,0.6,1.1,0.3146,0.3,0.4,0.30000001192092896,0.1253,0.7,0.4,0.4000000059604645,0.1663,False,,,0,6.5,-2.9,3.5,-0.5,2.5,-0.6000000000000001,12.5,-4.0,9.5,-2.9000000953674316,9.5,-4.0,1.5,-0.3999999761581421,0.5,-0.19999998807907104,,,True
Markelle Fultz,TOR,68,10.0,-3.9000000953674316,6.099999904632568,2.0,1.6,2.1,0.4575,1.0,0.6,0.5,0.4804,2.0,2.4,1.1,0.2013,5.0,4.6,3.7,0.6299,3.0,2.2,2.6,0.3387,4.0,4.0,3.2,0.6901,0.6,0.4,0.3,0.2253,0.1,0.2,0.0,0.0706,0.8,1.0,0.699999988079071,0.8075,False,,,0,,,,,,,,,,,,,,,,,,,True
Lonzo Ball,CLE,69,15.0,2.0999999046325684,17.100000381469727,2.9,2.4,3.5,0.0564,3.3,4.0,4.1,0.3791,2.0,2.2,2.9,0.2827,8.2,8.6,10.5,0.0891,6.2,6.4,7.6,0.2657,4.9,4.6,6.4,0.2609,1.1,1.4,1.5,0.6204,0.3,0.2,0.30000001192092896,0.0732,1.1,1.6,0.6000000238418579,0.1591,False,,,0,,,,,,,,,,,,,,,,,,,True
De'Aaron Fox,SAS,201,28.9,-1.7999999523162842,27.100000381469727,17.2,14.0,13.0,0.1499,3.7,3.4,3.3,0.4784,6.2,5.6,5.9,0.2484,27.1,23.0,22.2,0.266,20.9,17.4,16.3,0.2467,23.4,19.6,18.9,0.1695,1.1,1.2,0.9,0.361,0.3,,0.20000000298023224,0.1326,2.2,2.8,1.2000000476837158,0.2717,False,,,0,17.0,-5.9,4.5,-1.4000000953674316,6.0,-0.09999999999999964,25.5,-5.399999999999999,23.5,-9.300000190734863,21.5,-4.5,1.5,-0.6000000238418579,0.5,-0.29999999701976776,,,True
Jayson Tatum,BOS,157,31.4,1.2999999523162842,32.70000076293945,21.5,21.2,22.9,0.6246,8.8,9.8,8.7,0.4543,3.9,4.4,5.2,0.6053,34.2,35.4,36.8,0.5142,30.3,31.0,31.6,0.5926,25.4,25.6,28.1,0.4561,1.1,1.0,1.0,0.2179,0.2,0.4,0.5,0.1624,2.0,2.2,2.200000047683716,0.5796,False,,,0,,,,,,,,,,,,,,,,,,,True
Malik Monk,SAC,195,24.1,2.9000000953674316,27.0,14.1,13.2,15.2,0.2196,1.9,2.0,3.1,0.5974,5.3,7.4,5.1,0.4061,21.3,22.6,23.4,0.3049,16.0,15.2,18.3,0.3647,19.4,20.6,20.3,0.4883,0.3,0.6,0.7,0.254,0.3,0.4,0.4000000059604645,0.1485,1.3,1.4,1.7999999523162842,0.6703,False,,,0,,,,,,,,,,,,,,,,,,,True
Jonathan Isaac,ORL,180,9.5,-2.5999999046325684,6.900000095367432,1.5,2.2,2.6,0.422,2.3,2.4,1.5,0.6235,0.7,0.8,0.4,0.1447,4.5,5.4,4.5,0.629,3.8,4.6,4.1,0.4629,2.2,3.0,3.0,0.6677,0.3,0.4,0.2,0.175,0.8,1.0,0.4000000059604645,0.2666,0.3,0.2,0.5,0.7018,False,,,0,,,,,,,,,,,,,,,,,,,True
Dennis Smith Jr.,BKN,55,17.1,-1.7999999523162842,15.300000190734863,6.2,4.4,5.5,0.6859,1.8,1.2,1.6,0.5433,2.9,3.2,2.8,0.3147,10.9,8.8,9.9,0.5318,8.0,5.6,7.1,0.5551,9.1,7.6,8.3,0.5447,1.7,1.6,1.1,0.3971,,,0.10000000149011612,0.0908,1.3,1.6,1.2000000476837158,0.6277,False,,,0,,,,,,,,,,,,,,,,,,,True
Lauri Markkanen,UTA,143,30.0,-3.0,27.0,23.3,21.6,27.9,0.9371,6.8,6.0,6.5,0.5963,2.2,1.6,2.1,0.5059,32.3,29.2,36.5,0.9395,30.1,27.6,34.4,0.9409,25.5,23.2,30.0,0.8866,0.7,0.4,0.7,0.3857,0.8,0.2,0.6000000238418579,0.1715,1.3,1.2,1.7000000476837158,0.487,False,,,0,,,,,,,,,,,,,,,,,,,True
Donovan Mitchell,CLE,192,34.3,-0.699999988079071,33.599998474121094,24.8,27.4,21.4,0.3162,4.0,4.2,3.9,0.3297,5.4,4.2,5.6,0.4889,34.2,35.8,30.9,0.1791,28.8,31.6,25.3,0.2503,30.2,31.6,27.0,0.1378,1.4,1.2,1.2,0.2195,0.1,,0.30000001192092896,0.1059,1.6,2.0,1.7000000476837158,0.2389,False,,,0,24.5,-5.5,4.25,-0.4500000476837158,6.0,-0.2999999999999998,34.5,-6.0,27.5,-4.700000762939453,32.0,-7.300000000000001,1.5,-0.2999999523162842,0.5,-0.19999998807907104,2.5,-0.7999999523162842,True
Luke Kennard,LAL,175,20.0,2.0,22.0,6.2,10.2,6.4,0.0888,1.9,2.8,1.9,0.3046,1.3,1.2,1.6,0.306,9.4,14.2,9.9,0.032,8.1,13.0,8.3,0.0813,7.5,11.4,8.0,0.171,0.5,0.4,0.6,0.08,0.1,,0.20000000298023224,0.0609,0.6,0.6,0.4000000059604645,0.1831,False,,,0,9.5,-4.5,3.0,-1.100000023841858,2.0,-0.3999999999999999,11.5,-3.0,9.5,-2.5999999046325684,8.5,-1.9000000000000004,1.0,-0.3999999761581421,0.5,-0.29999999701976776,,,True
Zach Collins,CHI,142,17.5,0.699999988079071,18.200000762939453,10.0,11.6,9.3,0.3301,5.0,5.2,5.6,0.4493,1.5,1.8,1.7,0.2356,16.5,18.6,16.6,0.1476,15.0,16.8,14.9,0.2992,11.5,13.4,11.0,0.2726,0.2,0.4,0.4,0.1089,0.4,0.4,0.4000000059604645,0.068,1.0,1.6,0.8999999761581421,0.5288,False,,,0,,,,,,,,,,,,,,,,,,,True
John Collins,LAC,170,24.5,1.0,25.5,11.9,10.6,12.2,0.1173,5.2,5.0,5.5,0.4396,1.2,1.0,1.5,0.1437,18.3,16.6,19.2,0.1197,17.1,15.6,17.7,0.1937,13.1,11.6,13.7,0.1018,1.1,1.0,0.9,0.217,0.5,0.6,0.6000000238418579,0.1436,1.3,1.2,1.0,0.1096,False,,,0,12.5,-2.9000000000000004,6.0,-0.8000001907348633,1.5,0.0,19.0,-2.6999999999999993,17.5,-2.6999998092651367,13.5,-2.4000000000000004,1.0,-0.10000002384185791,1.5,-0.8999999761581421,0.5,0.5,True
OG Anunoby,NYK,186,33.7,-0.20000000298023224,33.5,16.8,13.0,19.4,0.7871,4.0,3.0,4.5,0.4918,2.1,1.8,1.8,0.432,22.9,17.8,25.7,0.5367,20.8,16.0,23.9,0.8892,18.9,14.8,21.2,0.4743,1.1,1.2,1.3,0.3949,0.5,0.6,0.5,0.0806,1.6,1.4,1.5,0.5183,False,,,0,,,,,,,,,,,,,,,,,,,True
Harry Giles III,LAL,22,3.1,-0.30000001192092896,2.799999952316284,1.3,0.4,0.6,0.0955,0.9,0.2,0.6,0.2949,0.3,,0.2,0.1949,2.5,,1.4,0.0864,2.2,,1.2,0.25,1.6,,0.8,0.0955,0.1,0.2,0.1,0.2388,,,0.0,0.0761,0.2,,0.0,0.1638,False,,,0,,,,,,,,,,,,,,,,,,,True
Jarrett Allen,CLE,211,27.5,-0.5,27.0,19.0,19.6,19.7,0.8657,9.5,7.8,9.5,0.7096,1.3,1.2,1.4,0.2727,29.8,28.6,30.6,0.8202,28.5,27.4,29.2,0.8063,20.3,20.8,21.1,0.785,0.8,1.0,0.8,0.1854,1.0,0.6,0.8999999761581421,0.1472,1.2,1.0,1.399999976158142,0.5327,False,,,0,14.0,6.100000000000001,6.75,3.0500001907348633,1.5,-0.10000000000000009,22.5,8.8,21.0,8.899999618530273,17.5,4.0,1.0,-0.19999998807907104,1.5,-0.6000000238418579,0.5,0.8999999761581421,True
Bam Adebayo,MIA,216,36.6,-0.4000000059604645,36.20000076293945,27.1,17.4,25.6,0.6166,11.2,11.4,11.0,0.6634,3.5,4.6,4.0,0.3678,41.8,33.4,40.6,0.1433,38.3,28.8,36.6,0.4542,30.6,22.0,29.6,0.3317,1.5,1.0,1.3,0.1554,0.6,0.4,0.6000000238418579,0.1265,1.6,1.2,1.899999976158142,0.6883,False,,,0,,,,,,,,,,,,,,,,,,,True
Isaiah Hartenstein,OKC,174,22.3,0.20000000298023224,22.5,5.8,6.2,7.8,0.4221,9.9,12.0,9.3,0.2978,4.2,5.6,4.2,0.1355,19.9,23.8,21.3,0.645,15.7,18.2,17.1,0.8754,10.0,11.8,12.0,0.4621,1.2,1.6,1.1,0.2622,1.0,0.4,0.8999999761581421,0.1495,1.3,1.8,1.2999999523162842,0.7701,False,,,0,7.75,-1.9500000000000002,9.5,0.3000001907348633,3.5,0.7999999999999998,18.5,1.3999999999999986,17.5,-1.8999996185302734,10.0,0.09999999999999964,1.5,-0.3999999761581421,2.0,-1.100000023841858,1.5,-0.20000004768371582,True
Tony Bradley,IND,51,12.5,0.8999999761581421,13.399999618530273,3.7,5.4,5.5,0.6062,3.7,5.2,3.6,0.4476,0.6,0.8,0.4,0.0821,8.0,11.4,9.5,0.3977,7.4,10.6,9.1,0.3509,4.3,6.2,5.9,0.6776,0.3,0.4,0.3,0.1602,0.3,0.4,0.4000000059604645,0.083,0.6,0.6,0.800000011920929,0.8231,False,,,0,,,,,,,,,,,,,,,,,,,True
Kyle Kuzma,MIL,200,25.2,-3.0,22.200000762939453,13.5,10.6,14.8,0.9202,2.7,2.8,3.3,0.4004,2.8,2.6,2.6,0.2647,19.0,16.0,20.7,0.7633,16.2,13.4,18.1,0.7642,16.3,13.2,17.4,0.7669,0.8,0.8,0.7,0.3234,0.4,0.6,0.20000000298023224,0.1242,2.1,2.2,2.0999999046325684,0.8604,False,,,0,,,,,,,,,,,,,,,,,,,True
Derrick White,BOS,220,34.6,-1.100000023841858,33.5,14.5,11.6,10.2,0.0421,5.0,4.4,4.1,0.5235,4.2,3.8,4.6,0.3808,23.7,19.8,18.9,0.036,19.5,16.0,14.3,0.0374,18.7,15.4,14.8,0.0163,1.1,1.2,0.9,0.4377,0.7,0.6,0.8999999761581421,0.1576,1.8,1.8,0.8999999761581421,0.0824,False,,,0,,,,,,,,,,,,,,,,,,,True
Josh Hart,NYK,219,30.9,0.30000001192092896,31.200000762939453,14.8,14.0,12.5,0.4438,7.5,6.4,7.2,0.4325,3.3,3.2,3.8,0.2101,25.6,23.6,23.5,0.5022,22.3,20.4,19.7,0.4964,18.1,17.2,16.3,0.2901,1.3,1.8,1.1,0.3208,,,0.30000001192092896,0.1306,1.6,1.6,1.2000000476837158,0.3783,False,,,0,,,,,,,,,,,,,,,,,,,True
Dillon Brooks,PHX,197,29.0,-5.5,23.5,22.9,20.6,16.6,0.4882,4.2,4.0,3.7,0.7882,2.0,1.6,1.6,0.4416,29.1,26.2,21.9,0.4409,27.1,24.6,20.3,0.4203,24.9,22.2,18.2,0.3866,0.9,0.8,0.7,0.1546,0.2,,0.20000000298023224,0.1052,1.5,1.4,1.100000023841858,0.7791,False,,,0,,,,,,,,,,,,,,,,,,,True
Thomas Bryant,CLE,161,15.5,0.800000011920929,16.299999237060547,8.0,7.4,7.6,0.3966,4.5,6.0,4.5,0.4039,0.2,0.4,0.6,0.2211,12.7,13.8,12.7,0.3894,12.5,13.4,12.1,0.3874,8.2,7.8,8.2,0.2879,0.6,0.6,0.6,0.1352,0.4,0.2,0.5,0.1081,0.9,1.6,0.6000000238418579,0.5909,False,,,0,,,,,,,,,,,,,,,,,,,True
Monte Morris,IND,83,11.1,-1.399999976158142,9.699999809265137,5.5,3.2,3.6,0.3065,1.7,1.4,0.9,0.4223,1.6,1.8,1.0,0.2534,8.8,6.4,5.5,0.3769,7.2,4.6,4.5,0.473,7.1,5.0,4.6,0.5042,0.4,0.2,0.2,0.3119,0.1,0.2,0.0,0.0586,0.5,0.2,0.6000000238418579,0.8713,False,,,0,,,,,,,,,,,,,,,,,,,True
Sasha Vezenkov,SAC,41,9.9,-0.5,9.399999618530273,5.3,4.8,3.5,0.1617,1.5,1.4,1.5,0.3199,0.5,0.6,0.4,0.0854,7.3,6.8,5.4,0.043,6.8,6.2,5.0,0.0719,5.8,5.4,3.9,0.0681,0.5,0.2,0.4,0.1677,0.1,,0.10000000149011612,0.0655,0.1,,0.10000000149011612,0.2313,False,,,0,,,,,,,,,,,,,,,,,,,True
Vlatko Čančar,DEN,12,12.2,3.0,15.199999809265137,2.2,3.0,4.2,0.873,2.9,4.4,3.1,0.7414,0.9,1.8,1.0,0.15,6.0,9.2,8.3,0.4522,5.1,7.4,7.3,0.7214,3.1,4.8,5.2,0.4933,0.3,0.6,0.5,0.2415,0.1,0.2,0.30000001192092896,0.1393,0.9,1.2,1.0,0.6229,False,,,0,,,,,,,,,,,,,,,,,,,True
Luke Kornet,SAS,198,19.0,-0.0,19.0,4.7,4.2,6.7,0.7823,5.3,6.2,5.6,0.5704,1.5,1.4,1.4,0.2,11.5,11.8,13.7,0.5872,10.0,10.4,12.3,0.6914,6.2,5.6,8.1,0.4885,0.5,0.6,0.6,0.3192,0.6,0.6,0.6000000238418579,0.0573,0.4,0.4,0.6000000238418579,0.8496,False,,,0,10.0,-4.1,4.5,1.5,2.5,-1.0,16.0,-2.5999999999999996,14.0,-2.1000003814697266,8.5,-1.0999999999999996,1.5,-0.8999999761581421,2.0,-1.399999976158142,,,True
Chris Boucher,BOS,108,12.3,-1.0,11.300000190734863,2.6,2.4,5.5,0.4655,2.4,1.8,3.1,0.4587,0.3,0.2,0.4,0.1786,5.3,4.4,9.0,0.5511,5.0,4.2,8.6,0.3209,2.9,2.6,5.9,0.4387,0.6,0.6,0.4,0.2906,0.8,0.4,0.5,0.1034,0.2,0.2,0.5,0.7315,False,,,0,,,,,,,,,,,,,,,,,,,True
Daniel Theis,NOP,97,20.7,-5.199999809265137,15.5,5.6,5.2,4.3,0.5619,5.2,4.8,4.5,0.6065,1.9,3.0,1.7,0.2405,12.7,13.0,10.5,0.6884,10.8,10.0,8.8,0.6847,7.5,8.2,6.0,0.4547,0.7,0.6,0.5,0.3158,0.2,,0.30000001192092896,0.1781,0.8,1.0,0.5,0.4413,False,,,0,,,,,,,,,,,,,,,,,,,True
Maxi Kleber,LAL,113,8.2,-0.30000001192092896,7.900000095367432,2.1,2.0,3.4,0.7481,1.5,1.6,2.3,0.3418,0.2,0.2,0.5,0.0889,3.8,3.8,6.2,0.57,3.6,3.6,5.7,0.3524,2.3,2.2,3.9,0.4275,0.3,0.4,0.4,0.1575,0.4,0.8,0.30000001192092896,0.0678,0.4,,0.5,0.6884,False,,,0,,,,,,,,,,,,,,,,,,,True
Torrey Craig,BOS,78,12.0,2.200000047683716,14.199999809265137,2.3,2.0,4.9,0.5966,3.3,5.2,3.8,0.5085,0.8,1.4,1.0,0.2412,6.4,8.6,9.7,0.3016,5.6,7.2,8.7,0.4571,3.1,3.4,5.9,0.3155,0.5,0.6,0.7,0.3902,0.7,1.2,0.699999988079071,0.1166,0.5,0.8,0.6000000238418579,0.5263,False,,,0,,,,,,,,,,,,,,,,,,,True
Nigel Hayes-Davis,PHX,26,5.5,-0.20000000298023224,5.300000190734863,1.0,0.6,2.5,0.7443,1.3,1.0,2.4,0.3095,0.1,,0.3,0.2998,2.4,,5.2,0.477,2.3,,4.9,0.4019,1.1,,2.8,0.1439,0.2,0.2,0.3,0.1989,0.1,0.2,0.20000000298023224,0.0642,0.1,,0.4000000059604645,0.6253,False,,,0,,,,,,,,,,,,,,,,,,,True
Grayson Allen,PHX,185,26.3,-0.8999999761581421,25.399999618530273,17.3,16.0,14.9,0.1344,2.5,2.8,2.5,0.2895,4.6,3.4,4.3,0.3521,24.4,22.2,21.7,0.1302,19.8,18.8,17.4,0.23,21.9,19.4,19.2,0.2353,1.3,0.8,1.1,0.2889,0.1,,0.10000000149011612,0.111,1.3,0.8,1.2999999523162842,0.7958,False,,,0,,,,,,,,,,,,,,,,,,,True
Udoka Azubuike,PHX,15,5.5,-0.8999999761581421,4.599999904632568,0.7,1.0,1.9,0.345,1.2,1.6,2.5,0.5609,0.1,0.2,0.3,0.197,2.0,2.8,4.7,0.2263,1.9,2.6,4.4,0.3618,0.8,1.2,2.2,0.1387,0.1,0.2,0.2,0.2307,0.3,,0.30000001192092896,0.1329,0.3,0.2,0.30000001192092896,0.433,False,,,0,,,,,,,,,,,,,,,,,,,True
Marvin Bagley III,DAL,136,19.4,-0.10000000149011612,19.299999237060547,7.3,8.8,11.5,0.823,5.7,5.2,6.8,0.2898,1.6,1.6,1.5,0.0959,14.6,15.6,19.8,0.5308,13.0,14.0,18.3,0.7025,8.9,10.4,13.0,0.5979,0.2,0.4,0.4,0.1281,0.4,,0.6000000238418579,0.0763,0.7,0.6,1.2000000476837158,0.6989,False,,,0,,,,,,,,,,,,,,,,,,,True
Mo Bamba,UTA,92,12.5,1.2000000476837158,13.800000190734863,3.2,2.4,5.3,0.7505,4.4,4.0,6.5,0.4668,0.5,0.4,0.6,0.28,8.1,6.8,12.4,0.7428,7.6,6.4,11.8,0.7612,3.7,2.8,5.9,0.4601,,,0.4,0.2115,1.2,0.8,1.0,0.0381,0.6,0.6,0.699999988079071,0.6045,False,,,0,,,,,,,,,,,,,,,,,,,True
Keita Bates-Diop,BKN,52,4.6,-0.10000000149011612,4.5,1.4,0.8,1.3,0.0427,0.7,1.0,1.2,0.3196,0.4,0.4,0.3,0.1719,2.5,2.2,2.8,0.0901,2.1,1.8,2.5,0.2393,1.8,1.2,1.6,0.2305,0.2,0.4,0.1,0.1771,0.1,,0.10000000149011612,0.119,0.1,,0.0,0.149,False,,,0,,,,,,,,,,,,,,,,,,,True
Mikal Bridges,NYK,240,31.4,-0.4000000059604645,31.0,10.6,12.8,14.9,0.9172,2.9,1.2,3.1,0.3109,3.1,4.0,3.4,0.1942,16.6,18.0,21.4,0.4998,13.5,14.0,18.0,0.6678,13.7,16.8,18.3,0.683,0.7,1.0,1.0,0.3913,0.6,0.2,0.5,0.095,0.9,1.2,1.5,0.7209,False,,,0,,,,,,,,,,,,,,,,,,,True
Miles Bridges,CHA,203,29.4,0.5,29.899999618530273,14.8,12.8,17.2,0.6301,5.1,5.0,4.9,0.3558,2.3,2.2,2.4,0.2803,22.2,20.0,24.5,0.284,19.9,17.8,22.1,0.5007,17.1,15.0,19.6,0.5937,0.5,0.2,0.7,0.2253,0.1,,0.20000000298023224,0.1119,1.4,1.0,1.5,0.3238,False,,,0,,,,,,,,,,,,,,,,,,,True
Bruce Brown,DEN,184,20.6,-0.0,20.600000381469727,9.3,10.0,8.7,0.2376,3.0,3.6,3.3,0.3617,1.4,1.6,1.6,0.2752,13.7,15.2,13.6,0.239,12.3,13.6,12.0,0.345,10.7,11.6,10.3,0.117,0.4,0.6,0.7,0.1069,0.3,0.2,0.20000000298023224,0.0822,0.8,0.6,0.800000011920929,0.2754,False,,,0,,,,,,,,,,,,,,,,,,,True
Troy Brown Jr.,DET,58,25.7,0.699999988079071,26.399999618530273,5.0,6.0,5.1,0.4262,4.1,4.2,3.8,0.6804,1.2,1.6,1.3,0.2091,10.3,11.8,10.2,0.1182,9.1,10.2,8.9,0.4879,6.2,7.6,6.4,0.2528,1.4,1.6,1.1,0.2751,,,0.20000000298023224,0.0876,0.7,0.8,0.699999988079071,0.3941,False,,,0,,,,,,,,,,,,,,,,,,,True
Jalen Brunson,NYK,211,37.1,-0.6000000238418579,36.5,26.9,26.0,19.7,0.1525,3.3,2.6,3.5,0.7251,7.8,7.4,8.1,0.6686,38.0,36.0,31.3,0.2105,30.2,28.6,23.2,0.1443,34.7,33.4,27.8,0.0694,1.1,0.8,0.8,0.4018,0.1,,0.20000000298023224,0.1284,3.1,2.6,2.299999952316284,0.775,False,,,0,,,,,,,,,,,,,,,,,,,True
Jevon Carter,ORL,154,20.6,0.20000000298023224,20.799999237060547,8.6,6.2,6.0,0.1054,2.2,1.4,2.1,0.3887,1.8,1.6,2.2,0.2966,12.6,9.2,10.3,0.3903,10.8,7.6,8.1,0.6601,10.4,7.8,8.2,0.1826,1.1,1.0,0.8,0.2417,,,0.20000000298023224,0.0777,1.0,0.8,0.6000000238418579,0.2845,False,,,0,,,,,,,,,,,,,,,,,,,True
Wendell Carter Jr.,ORL,194,30.1,0.10000000149011612,30.200000762939453,13.6,12.2,13.9,0.3911,7.3,7.4,7.9,0.5869,1.6,1.0,1.8,0.2896,22.5,20.6,23.6,0.538,20.9,19.6,21.8,0.6369,15.2,13.2,15.7,0.4614,1.0,1.0,1.0,0.1857,0.4,0.4,0.5,0.2073,1.8,2.2,1.399999976158142,0.5101,False,,,0,,,,,,,,,,,,,,,,,,,True
Donte DiVincenzo,MIN,217,30.4,0.6000000238418579,31.0,10.6,13.8,12.4,0.4193,4.0,3.0,4.3,0.4092,2.4,3.0,3.2,0.3063,17.0,19.8,19.9,0.1678,14.6,16.8,16.7,0.5751,13.0,16.8,15.6,0.173,0.9,1.0,1.2,0.3964,0.5,0.8,0.4000000059604645,0.1307,1.6,2.0,1.2999999523162842,0.4561,False,,,0,,,,,,,,,,,,,,,,,,,True
Bruno Fernando,TOR,61,9.9,-1.2999999523162842,8.600000381469727,4.2,3.8,3.8,0.3532,3.2,2.6,3.3,0.3478,1.4,1.2,1.0,0.1198,8.8,7.6,8.1,0.4694,7.4,6.4,7.1,0.3763,5.6,5.0,4.8,0.2287,0.3,0.6,0.3,0.2504,0.6,0.4,0.5,0.1335,0.8,0.8,0.4000000059604645,0.4024,False,,,0,,,,,,,,,,,,,,,,,,,True
Shai Gilgeous-Alexander,OKC,214,33.7,0.800000011920929,34.5,30.0,30.0,34.7,0.8414,4.1,3.0,4.4,0.682,7.1,5.8,6.8,0.285,41.2,38.8,45.9,0.9061,34.1,33.0,39.1,0.8859,37.1,35.8,41.5,0.5641,1.7,1.0,1.6,0.6699,1.0,1.0,0.800000011920929,0.0911,2.3,3.0,2.700000047683716,0.9016,False,,,0,32.25,3.549999999999997,4.25,0.15000009536743164,6.5,0.20000000000000018,39.5,7.399999999999999,37.5,2.700000762939453,38.5,4.0,2.0,-0.3999999761581421,1.0,-0.19999998807907104,2.5,0.20000004768371582,True
Devonte' Graham,SAS,22,19.5,2.9000000953674316,22.399999618530273,6.7,9.0,9.8,0.3452,1.9,2.4,2.3,0.3374,2.8,4.2,2.7,0.2006,11.4,15.6,14.8,0.3347,8.6,11.4,12.1,0.2494,9.5,13.2,12.5,0.4846,0.6,0.6,0.8,0.3163,0.1,0.2,0.20000000298023224,0.0938,1.1,1.6,1.7999999523162842,0.4307,False,,,0,,,,,,,,,,,,,,,,,,,True
Aaron Holiday,HOU,190,13.5,0.5,14.0,4.7,4.2,4.3,0.1094,0.9,1.4,1.1,0.5182,1.3,1.2,1.2,0.1771,6.9,6.8,6.6,0.0927,5.6,5.6,5.4,0.1871,6.0,5.4,5.5,0.0741,0.5,0.4,0.5,0.2271,,,0.10000000149011612,0.0742,1.0,1.2,0.6000000238418579,0.1779,False,,,0,,,,,,,,,,,,,,,,,,,True
Kevin Huerter,DET,196,24.3,3.0999999046325684,27.399999618530273,10.9,13.0,12.0,0.6669,3.3,2.8,3.6,0.4914,2.6,2.8,2.6,0.3031,16.8,18.6,18.2,0.4908,14.2,15.8,15.6,0.7145,13.5,15.8,14.6,0.6996,1.4,1.4,1.3,0.2696,0.1,,0.30000001192092896,0.0396,1.0,1.4,1.399999976158142,0.3203,False,,,0,,,,,,,,,,,,,,,,,,,True
Jaren Jackson Jr.,UTA,187,30.7,0.5,31.200000762939453,22.3,23.2,23.3,0.8698,6.1,5.6,6.4,0.4889,2.1,2.8,2.0,0.5309,30.5,31.6,31.7,0.6926,28.4,28.8,29.7,0.8469,24.4,26.0,25.3,0.7351,1.9,2.6,1.4,0.3827,1.3,0.6,1.399999976158142,0.274,2.4,2.0,2.4000000953674316,0.6035,False,,,0,,,,,,,,,,,,,,,,,,,True
Kevin Knox II,GSW,44,5.6,-0.800000011920929,4.800000190734863,2.3,3.2,2.8,0.444,1.0,1.0,1.1,0.2076,0.2,0.2,0.2,0.0884,3.5,4.4,4.1,0.2165,3.3,4.2,3.9,0.3399,2.5,3.4,3.0,0.7324,0.1,0.2,0.1,0.1712,0.2,,0.10000000149011612,0.0734,0.2,0.2,0.4000000059604645,0.5535,False,,,0,,,,,,,,,,,,,,,,,,,True
Caleb Martin,DAL,166,19.0,-1.7000000476837158,17.299999237060547,6.0,2.6,6.2,0.7464,2.7,2.8,3.1,0.5508,0.8,0.6,1.2,0.3503,9.5,6.0,10.5,0.7115,8.7,5.4,9.3,0.7336,6.8,3.2,7.4,0.5769,0.7,0.2,0.6,0.1411,0.4,0.6,0.4000000059604645,0.2448,0.7,0.8,0.699999988079071,0.6155,False,,,0,,,,,,,,,,,,,,,,,,,True
Cody Martin,IND,84,14.6,2.9000000953674316,17.5,2.5,1.6,3.4,0.0754,3.3,3.6,3.4,0.4252,0.9,0.8,1.2,0.201,6.7,6.0,8.0,0.1198,5.8,5.2,6.8,0.1964,3.4,2.4,4.6,0.3992,0.8,1.0,0.8,0.2216,0.5,0.4,0.5,0.092,0.7,1.2,0.5,0.4769,False,,,0,,,,,,,,,,,,,,,,,,,True
De'Anthony Melton,GSW,86,25.0,0.4000000059604645,25.399999618530273,14.4,10.6,9.0,0.0855,4.6,4.4,3.7,0.4663,2.7,2.8,2.9,0.2336,21.7,17.8,15.6,0.1265,19.0,15.0,12.7,0.1152,17.1,13.4,11.9,0.0318,1.8,1.8,1.6,0.6799,0.5,0.4,0.4000000059604645,0.1355,2.7,3.4,1.600000023841858,0.0345,False,,,0,13.5,-6.6,4.0,-0.2999999523162842,3.0,-0.10000000000000009,19.0,-5.5,18.0,-7.399999618530273,17.5,-7.699999999999999,1.5,0.10000002384185791,0.5,-0.09999999403953552,,,True
Chimezie Metu,DET,50,29.7,2.200000047683716,31.899999618530273,11.1,13.2,12.2,0.7795,6.5,8.0,6.1,0.6397,2.1,2.2,1.9,0.3178,19.7,23.4,20.2,0.5901,17.6,21.2,18.3,0.8077,13.2,15.4,14.1,0.6691,1.9,1.8,1.6,0.5305,0.6,,0.5,0.1945,1.3,1.6,1.399999976158142,0.5491,False,,,0,,,,,,,,,,,,,,,,,,,True
Shake Milton,LAL,104,8.9,-2.9000000953674316,5.900000095367432,2.7,1.6,4.2,0.6322,1.6,1.8,1.6,0.4363,0.9,0.8,1.0,0.3451,5.2,4.2,6.8,0.2926,4.3,3.4,5.8,0.3327,3.6,2.4,5.2,0.4965,0.4,0.2,0.3,0.2028,,,0.10000000149011612,0.0566,0.4,0.4,0.4000000059604645,0.5183,False,,,0,,,,,,,,,,,,,,,,,,,True
Svi Mykhailiuk,UTA,127,19.6,-2.5999999046325684,17.0,9.9,12.0,10.6,0.5791,2.1,2.0,2.1,0.5532,1.6,1.8,1.5,0.1477,13.6,15.8,14.2,0.6533,12.0,14.0,12.7,0.6479,11.5,13.8,12.1,0.549,0.5,0.4,0.4,0.1224,,,0.10000000149011612,0.0864,1.0,0.6,1.100000023841858,0.7039,False,,,0,,,,,,,,,,,,,,,,,,,True
Josh Okogie,HOU,171,9.7,-3.299999952316284,6.400000095367432,2.3,0.6,4.0,0.7581,1.5,0.4,2.0,0.4256,1.1,0.8,0.8,0.2476,4.9,1.8,6.8,0.462,3.8,1.0,6.0,0.3749,3.4,1.4,4.8,0.4091,0.7,0.2,0.5,0.2527,0.1,,0.10000000149011612,0.0669,0.1,,0.4000000059604645,0.5945,False,,,0,,,,,,,,,,,,,,,,,,,True
Jontay Porter,TOR,25,12.8,3.0,15.899999618530273,3.5,5.6,4.4,0.4709,2.7,4.2,3.2,0.6979,2.3,3.6,2.7,0.2719,8.5,13.4,10.3,0.3777,6.2,9.8,7.6,0.4563,5.8,9.2,7.1,0.2205,0.6,1.2,0.9,0.4044,0.8,1.4,0.8999999761581421,0.0611,0.9,0.8,0.800000011920929,0.4627,False,,,0,,,,,,,,,,,,,,,,,,,True
Michael Porter Jr.,BKN,209,31.5,1.0,32.5,21.5,22.0,27.9,0.4213,7.1,7.2,6.9,0.3257,2.7,2.0,2.7,0.3632,31.3,31.2,37.5,0.5526,28.6,29.2,34.8,0.3857,24.2,24.0,30.6,0.6961,1.1,1.8,1.2,0.3926,0.3,0.4,0.4000000059604645,0.1812,1.7,1.6,2.4000000953674316,0.7173,False,,,0,,,,,,,,,,,,,,,,,,,True
Jerome Robinson,GSW,21,3.9,-0.30000001192092896,3.5999999046325684,1.6,1.2,2.2,0.2152,0.3,0.6,0.7,0.1753,0.3,,0.4,0.2946,2.2,,3.3,0.0846,1.9,,2.9,0.1397,1.9,,2.6,0.1312,,,0.3,0.259,0.2,,0.10000000149011612,0.0703,0.2,0.2,0.30000001192092896,0.3894,False,,,0,,,,,,,,,,,,,,,,,,,True
Mitchell Robinson,NYK,104,21.2,-0.5,20.700000762939453,6.5,6.2,6.5,0.481,9.5,7.6,9.1,0.5943,0.8,0.4,0.8,0.0618,16.8,14.2,16.4,0.3758,16.0,13.8,15.6,0.7071,7.3,6.6,7.3,0.5674,1.1,0.6,0.8,0.4272,1.4,2.0,1.2999999523162842,0.3126,1.1,1.0,0.8999999761581421,0.7308,False,,,0,,,,,,,,,,,,,,,,,,,True
Collin Sexton,CHI,202,25.7,2.4000000953674316,28.100000381469727,21.0,21.8,18.5,0.4542,2.4,2.4,2.9,0.6084,3.1,2.8,2.9,0.299,26.5,27.0,24.3,0.3718,23.4,24.2,21.4,0.5472,24.1,24.6,21.4,0.578,1.0,1.4,1.1,0.2007,0.1,0.2,0.20000000298023224,0.1204,1.1,1.2,1.7000000476837158,0.6916,False,,,0,,,,,,,,,,,,,,,,,,,True
Landry Shamet,NYK,142,25.7,-5.900000095367432,19.799999237060547,8.6,6.2,8.1,0.5824,2.1,2.6,2.1,0.428,1.0,1.2,1.2,0.2648,11.7,10.0,11.4,0.4998,10.7,8.8,10.2,0.6387,9.6,7.4,9.3,0.188,0.8,1.0,0.7,0.1571,0.1,0.2,0.10000000149011612,0.2103,1.0,0.6,0.6000000238418579,0.4606,False,,,0,,,,,,,,,,,,,,,,,,,True
Anfernee Simons,CHI,170,28.1,1.0,29.100000381469727,17.5,17.4,15.0,0.3364,2.6,3.0,3.1,0.4025,2.7,3.6,2.7,0.1761,22.8,24.0,20.8,0.1006,20.1,20.4,18.1,0.3099,20.2,21.0,17.7,0.2739,0.5,,0.7,0.3059,0.3,0.4,0.20000000298023224,0.1313,1.7,2.4,1.7000000476837158,0.5614,False,,,0,,,,,,,,,,,,,,,,,,,True
Gary Trent Jr.,MIL,208,22.1,4.699999809265137,26.799999237060547,11.9,17.4,13.9,0.1299,1.4,1.4,2.1,0.4063,0.9,1.6,1.2,0.1617,14.2,20.4,17.2,0.1071,13.3,18.8,16.0,0.3005,12.8,19.0,15.1,0.241,0.5,1.0,0.9,0.1766,,,0.20000000298023224,0.1512,0.9,1.6,1.2999999523162842,0.3296,False,,,0,,,,,,,,,,,,,,,,,,,True
Jarred Vanderbilt,LAL,123,11.5,0.8999999761581421,12.399999618530273,2.0,2.6,3.6,0.3925,2.7,2.6,3.4,0.4653,0.8,0.8,0.9,0.1643,5.5,6.0,7.9,0.2817,4.7,5.2,7.0,0.5156,2.8,3.4,4.5,0.4413,0.2,0.2,0.4,0.1357,0.1,,0.20000000298023224,0.0829,0.2,,0.4000000059604645,0.5834,False,,,0,,,,,,,,,,,,,,,,,,,True
Moritz Wagner,ORL,143,10.9,-0.4000000059604645,10.5,4.7,4.0,8.4,0.3489,3.0,1.8,2.9,0.4481,0.5,0.6,0.7,0.1222,8.2,6.4,12.0,0.3317,7.7,5.8,11.3,0.4443,5.2,4.6,9.1,0.5233,0.2,0.2,0.3,0.1398,,,0.20000000298023224,0.1277,0.5,0.2,0.699999988079071,0.3477,False,,,0,,,,,,,,,,,,,,,,,,,True
Lonnie Walker IV,PHI,77,24.8,4.400000095367432,29.200000762939453,13.4,17.4,16.7,0.458,2.5,2.6,3.7,0.3947,2.9,3.0,3.5,0.4004,18.8,23.0,23.9,0.3032,15.9,20.0,20.4,0.4382,16.3,20.4,20.2,0.4675,0.6,0.6,0.9,0.2914,0.2,0.4,0.30000001192092896,0.0814,1.4,2.0,2.0,0.7195,False,,,0,,,,,,,,,,,,,,,,,,,True
P.J. Washington,DAL,184,31.7,0.8999999761581421,32.599998474121094,14.3,18.0,12.5,0.0354,7.9,8.0,6.9,0.3372,1.5,1.2,1.6,0.2509,23.7,27.2,21.0,0.1157,22.2,26.0,19.4,0.0689,15.8,19.2,14.1,0.0773,1.2,1.0,1.0,0.1398,0.6,0.6,0.6000000238418579,0.1193,0.8,0.6,0.699999988079071,0.2447,False,,,0,,,,,,,,,,,,,,,,,,,True
Kenrich Williams,OKC,187,12.6,-4.699999809265137,7.900000095367432,5.2,4.4,7.0,0.4592,2.3,1.8,2.3,0.6902,0.8,1.0,0.7,0.1948,8.3,7.2,10.0,0.6331,7.5,6.2,9.3,0.602,6.0,5.4,7.7,0.4418,0.5,1.0,0.4,0.1062,,,0.20000000298023224,0.0598,0.5,0.6,0.5,0.4203,False,,,0,,,,,,,,,,,,,,,,,,,True
Trae Young,WAS,144,22.9,1.2999999523162842,24.200000762939453,16.5,12.8,20.3,0.8981,1.9,2.6,2.4,0.3696,7.7,7.2,8.1,0.2125,26.1,22.6,30.8,0.7925,18.4,15.4,22.7,0.922,24.2,20.0,28.4,0.741,0.8,0.8,1.0,0.2446,0.1,,0.10000000149011612,0.2545,2.7,3.2,3.5,0.6866,False,,,0,,,,,,,,,,,,,,,,,,,True
Deandre Ayton,LAL,160,28.8,-1.600000023841858,27.200000762939453,11.8,9.8,14.7,0.834,8.6,8.0,8.4,0.6445,0.9,0.4,0.9,0.1035,21.3,18.2,24.0,0.6769,20.4,17.8,23.1,0.8057,12.7,10.2,15.6,0.7972,0.4,0.4,0.5,0.3318,1.1,1.2,1.100000023841858,0.547,1.2,1.6,1.2000000476837158,0.3704,False,,,0,8.25,6.25,8.5,0.10000038146972656,1.0,-0.09999999999999998,20.5,3.5,17.5,5.600000381469727,14.5,0.9000000000000004,1.0,-0.5,1.5,-0.3999999761581421,1.5,-0.2999999523162842,True
Luka Dončić,LAL,182,38.5,-0.699999988079071,37.79999923706055,39.7,41.8,34.8,0.7292,8.0,6.6,7.3,0.2069,7.4,5.4,8.5,0.5047,55.1,53.8,50.6,0.8371,47.7,48.4,42.1,0.8777,47.1,47.2,43.3,0.5833,2.5,3.2,2.4,0.5097,0.7,0.4,0.699999988079071,0.1519,3.9,3.8,2.9000000953674316,0.6835,False,,,0,35.5,0.3999999999999986,8.5,-1.5,8.0,0.9000000000000004,46.5,5.299999999999997,44.5,-1.5999984741210938,44.5,0.29999999999999716,2.0,0.40000009536743164,1.0,-0.30000001192092896,,,True
Goga Bitadze,ORL,189,12.3,1.2000000476837158,13.5,4.2,5.0,6.2,0.5048,3.2,3.4,4.1,0.6009,1.6,1.6,1.5,0.222,9.0,10.0,11.8,0.1712,7.4,8.4,10.3,0.3726,5.8,6.6,7.7,0.2636,0.3,0.4,0.4,0.1782,0.1,,0.30000001192092896,0.0772,0.9,1.4,0.8999999761581421,0.8594,False,,,0,,,,,,,,,,,,,,,,,,,True
Oshae Brissett,PHI,60,18.0,3.0999999046325684,21.100000381469727,6.9,9.4,7.3,0.4891,3.8,3.6,3.9,0.1484,0.8,0.8,1.1,0.0812,11.5,13.8,12.3,0.329,10.7,13.0,11.2,0.1942,7.7,10.2,8.4,0.1657,0.7,0.8,0.8,0.2022,0.6,0.6,0.6000000238418579,0.0493,1.3,1.6,0.8999999761581421,0.5645,False,,,0,,,,,,,,,,,,,,,,,,,True
Robert Williams III,POR,79,18.0,-2.5999999046325684,15.399999618530273,6.6,6.4,5.2,0.2294,8.1,6.8,7.0,0.4135,0.6,0.4,0.7,0.1142,15.3,13.6,12.9,0.3888,14.7,13.2,12.2,0.2971,7.2,6.8,5.9,0.1796,0.4,0.2,0.3,0.1787,1.5,1.0,1.2999999523162842,0.165,0.8,0.8,0.5,0.4698,False,,,0,,,,,,,,,,,,,,,,,,,True
Rui Hachimura,LAL,188,25.5,-0.699999988079071,24.799999237060547,8.8,7.8,11.4,0.7506,3.0,2.8,2.7,0.3173,0.4,,0.7,0.1643,12.2,,14.8,0.7984,11.8,,14.1,0.823,9.2,,12.1,0.7362,0.4,0.4,0.6,0.1165,0.3,0.4,0.30000001192092896,0.1276,0.3,0.2,0.6000000238418579,0.327,False,,,0,8.5,2.3000000000000007,3.5,-0.7000000476837158,,,12.5,1.8000000000000007,9.5,4.100000381469727,,,1.0,-0.3999999761581421,0.5,-0.19999998807907104,,,True
Jock Landale,ATL,165,19.7,2.799999952316284,22.5,7.5,9.6,11.6,0.7256,4.2,5.8,4.9,0.6392,2.1,2.4,2.2,0.1195,13.8,17.8,18.7,0.3896,11.7,15.4,16.5,0.3703,9.6,12.0,13.8,0.3155,0.5,1.0,0.8,0.1474,0.7,1.2,0.800000011920929,0.116,0.6,1.0,0.8999999761581421,0.3234,False,,,0,,,,,,,,,,,,,,,,,,,True
Duncan Robinson,DET,213,25.5,0.0,25.5,12.1,12.8,12.1,0.8418,3.2,3.0,3.0,0.2963,2.7,2.4,2.6,0.2534,18.0,18.2,17.7,0.3899,15.3,15.8,15.1,0.7164,14.8,15.2,14.7,0.6376,0.3,0.4,0.6,0.1179,0.1,0.2,0.20000000298023224,0.1026,0.6,0.8,0.800000011920929,0.8441,False,,,0,,,,,,,,,,,,,,,,,,,True
Yuta Watanabe,MEM,33,9.2,2.5,11.699999809265137,2.3,2.6,3.0,0.253,1.1,1.6,1.3,0.4162,0.5,1.0,0.8,0.1436,3.9,5.2,5.1,0.1871,3.4,4.2,4.3,0.134,2.8,3.6,3.8,0.0865,0.4,0.4,0.5,0.1806,,,0.20000000298023224,0.0875,0.3,0.2,0.4000000059604645,0.1715,False,,,0,,,,,,,,,,,,,,,,,,,True
Jordan McLaughlin,SAS,141,7.9,0.699999988079071,8.600000381469727,2.0,2.2,3.5,0.3602,0.7,0.6,1.4,0.6109,1.4,2.2,1.4,0.0515,4.1,5.0,6.3,0.2441,2.7,2.8,4.9,0.3302,3.4,4.4,4.9,0.4823,0.4,0.8,0.5,0.1926,0.1,0.2,0.20000000298023224,0.0722,0.4,0.4,0.699999988079071,0.7188,False,,,0,,,,,,,,,,,,,,,,,,,True
Gabe Vincent,ATL,131,14.0,1.0,15.0,3.4,4.0,4.9,0.7447,1.1,1.4,1.4,0.6225,1.3,1.4,1.6,0.1825,5.8,6.8,7.9,0.3178,4.5,5.4,6.3,0.5455,4.7,5.4,6.5,0.5781,0.6,1.2,0.7,0.1341,,,0.10000000149011612,0.1112,0.8,1.4,0.800000011920929,0.6282,False,,,0,,,,,,,,,,,,,,,,,,,True
Drew Eubanks,SAC,177,11.3,2.9000000953674316,14.199999809265137,5.6,6.8,6.8,0.5098,3.8,4.2,4.3,0.3683,0.9,0.4,1.0,0.1896,10.3,11.4,12.1,0.1576,9.4,11.0,11.1,0.3229,6.5,7.2,7.8,0.195,0.3,0.4,0.5,0.1704,0.7,1.0,0.800000011920929,0.0967,0.4,0.8,0.699999988079071,0.7011,False,,,0,,,,,,,,,,,,,,,,,,,True
Juan Toscano-Anderson,SAC,10,5.0,3.4000000953674316,8.399999618530273,0.4,0.4,4.1,0.5904,1.4,2.2,2.9,0.4417,0.4,0.4,0.6,0.1359,2.2,3.0,7.6,0.2253,1.8,2.6,7.0,0.3363,0.8,0.8,4.7,0.5541,0.1,,0.4,0.1819,0.1,0.2,0.20000000298023224,0.0873,0.2,0.2,0.6000000238418579,0.7667,False,,,0,,,,,,,,,,,,,,,,,,,True
Haywood Highsmith,PHX,145,19.1,0.10000000149011612,19.100000381469727,6.8,6.0,6.2,0.2351,3.6,2.2,3.8,0.5812,1.6,1.2,1.7,0.2906,12.0,9.4,11.7,0.2728,10.4,8.2,10.0,0.2319,8.4,7.2,7.9,0.1089,0.4,0.8,0.6,0.2327,,,0.20000000298023224,0.1229,0.3,,0.4000000059604645,0.451,False,,,0,,,,,,,,,,,,,,,,,,,True
Amir Coffey,PHX,184,13.3,-3.5999999046325684,9.699999809265137,3.8,3.2,2.7,0.1304,1.8,1.6,1.7,0.3736,0.8,,0.7,0.1964,6.4,,5.1,0.281,5.6,,4.4,0.3782,4.6,,3.4,0.3076,0.4,0.2,0.3,0.335,0.2,0.2,0.20000000298023224,0.0826,,,0.20000000298023224,0.1277,False,,,0,,,,,,,,,,,,,,,,,,,True
DaQuan Jeffries,SAC,66,24.4,-0.30000001192092896,24.200000762939453,7.6,8.4,9.6,0.723,3.1,2.8,3.6,0.271,1.0,0.6,1.1,0.1434,11.7,11.8,14.3,0.3749,10.7,11.2,13.2,0.7289,8.6,9.0,10.7,0.5147,0.2,0.2,0.5,0.0681,0.3,0.4,0.4000000059604645,0.0405,0.6,0.6,0.800000011920929,0.5309,False,,,0,,,,,,,,,,,,,,,,,,,True
Terance Mann,BKN,203,22.1,1.399999976158142,23.5,4.9,3.8,7.7,0.658,3.6,3.6,3.9,0.5059,2.1,1.4,2.1,0.1785,10.6,8.8,13.7,0.3661,8.5,7.4,11.6,0.3199,7.0,5.2,9.8,0.2026,0.3,0.6,0.6,0.2955,0.3,0.2,0.30000001192092896,0.0786,0.7,1.0,1.0,0.7842,False,,,0,,,,,,,,,,,,,,,,,,,True
Andrew Nembhard,IND,189,29.0,2.299999952316284,31.299999237060547,15.2,14.6,13.7,0.1304,2.7,3.2,3.1,0.2256,8.8,11.4,9.1,0.3701,26.7,29.2,25.9,0.2659,17.9,17.8,16.8,0.1831,24.0,26.0,22.8,0.163,1.0,0.8,1.2,0.3781,0.1,0.2,0.20000000298023224,0.15,2.0,1.8,2.0,0.3376,False,,,0,,,,,,,,,,,,,,,,,,,True
Jalen Pickett,DEN,122,8.0,-2.200000047683716,5.800000190734863,2.5,1.4,2.1,0.1176,0.6,0.2,1.1,0.3168,0.5,0.4,1.0,0.3105,3.6,2.0,4.2,0.1655,3.1,1.6,3.2,0.2853,3.0,1.8,3.1,0.1086,,,0.2,0.2097,,,0.0,0.1038,0.2,0.2,0.0,0.177,False,,,0,,,,,,,,,,,,,,,,,,,True
Max Strus,CLE,126,26.5,-0.10000000149011612,26.299999237060547,11.7,10.2,10.8,0.1826,6.1,6.2,5.0,0.5399,2.9,2.2,2.8,0.2826,20.7,18.6,18.6,0.1835,17.8,16.4,15.8,0.2754,14.6,12.4,13.6,0.3095,0.4,0.6,0.5,0.2036,0.2,,0.20000000298023224,0.1012,1.2,0.8,1.100000023841858,0.3768,False,,,0,11.5,-1.0,4.25,0.8499999046325684,3.0,-0.20000000000000018,15.0,3.3999999999999986,14.5,1.1000003814697266,12.75,0.5500000000000007,1.0,-0.5,0.5,-0.29999999701976776,0.5,0.6000000238418579,True
Bol Bol,PHX,78,9.7,-2.799999952316284,6.900000095367432,4.6,3.8,4.7,0.1095,1.8,0.8,1.9,0.3719,0.6,0.6,0.5,0.1308,7.0,5.2,7.1,0.3279,6.4,4.6,6.6,0.2925,5.2,4.4,5.2,0.0619,0.4,0.2,0.1,0.2391,0.2,0.2,0.30000001192092896,0.071,0.5,0.4,0.10000000149011612,0.1161,False,,,0,,,,,,,,,,,,,,,,,,,True
Zion Williamson,NOP,158,30.7,0.4000000059604645,31.100000381469727,20.6,21.0,21.7,0.5804,4.9,5.6,5.9,0.3896,2.4,2.8,2.9,0.4195,27.9,29.4,30.5,0.3251,25.5,26.6,27.6,0.5751,23.0,23.8,24.6,0.3248,0.9,1.4,1.1,0.2197,0.5,0.4,0.6000000238418579,0.1277,1.5,1.6,1.5,0.4571,False,,,0,20.5,0.10000000000000142,5.5,0.8000001907348633,3.5,-0.6000000000000001,29.5,0.3000000000000007,25.5,1.3999996185302734,25.75,-2.25,1.5,-0.3999999761581421,1.5,-0.8999999761581421,2.5,-1.0,True
RJ Barrett,TOR,167,30.3,1.399999976158142,31.700000762939453,20.8,21.0,21.9,0.8613,4.7,4.6,5.5,0.6082,3.3,3.8,3.0,0.2476,28.8,29.4,30.4,0.7163,25.5,25.6,27.4,0.8663,24.1,24.8,24.9,0.8263,0.8,1.0,1.0,0.2014,0.3,,0.30000001192092896,0.1643,1.8,1.2,2.0999999046325684,0.799,False,,,0,,,,,,,,,,,,,,,,,,,True
Cam Reddish,LAL,80,14.0,-3.9000000953674316,10.100000381469727,1.9,1.6,2.5,0.1727,1.5,1.0,1.5,0.4223,0.6,,0.6,0.1052,4.0,,4.6,0.3287,3.4,,4.0,0.413,2.5,,3.1,0.0739,0.6,0.2,0.5,0.34,0.1,,0.10000000149011612,0.1612,0.1,,0.30000001192092896,0.4383,False,,,0,,,,,,,,,,,,,,,,,,,True
Ja Morant,MEM,78,26.5,4.099999904632568,30.600000381469727,18.5,23.6,21.4,0.7437,2.8,2.8,3.6,0.6459,7.8,8.8,9.3,0.5833,29.1,35.2,34.3,0.7819,21.3,26.4,25.0,0.7377,26.3,32.4,30.7,0.5556,0.8,1.2,1.1,0.3251,0.2,,0.20000000298023224,0.1936,3.3,3.2,4.599999904632568,0.8066,False,,,0,,,,,,,,,,,,,,,,,,,True
De'Andre Hunter,SAC,165,22.0,1.2999999523162842,23.299999237060547,11.3,11.6,13.4,0.3422,3.0,2.4,4.5,0.5506,1.8,0.8,1.9,0.3121,16.1,14.8,19.8,0.2248,14.3,14.0,17.9,0.6729,13.1,12.4,15.3,0.3232,0.7,1.0,0.8,0.1546,0.1,,0.20000000298023224,0.11,1.8,1.6,1.5,0.5796,False,,,0,,,,,,,,,,,,,,,,,,,True
Coby White,CHA,197,20.8,0.6000000238418579,21.399999618530273,16.8,16.6,17.6,0.7705,3.7,4.8,3.4,0.303,2.8,2.6,3.5,0.4541,23.3,24.0,24.5,0.2693,20.5,21.4,21.0,0.4701,19.6,19.2,21.1,0.7616,0.2,0.2,0.5,0.1491,0.3,,0.20000000298023224,0.078,1.9,2.0,2.200000047683716,0.8401,False,,,0,,,,,,,,,,,,,,,,,,,True
Brandon Clarke,MEM,71,19.0,-1.7999999523162842,17.200000762939453,9.7,9.2,8.9,0.5053,5.4,3.8,4.5,0.6376,1.1,1.0,1.0,0.1409,16.2,14.0,14.4,0.5925,15.1,13.0,13.4,0.7418,10.8,10.2,9.9,0.3459,0.9,0.8,0.6,0.0988,0.7,0.2,0.6000000238418579,0.0758,0.6,0.8,0.699999988079071,0.8464,False,,,0,,,,,,,,,,,,,,,,,,,True
Darius Garland,LAC,171,29.3,1.5,30.799999237060547,23.2,25.0,20.4,0.4794,1.9,2.2,2.5,0.5293,7.5,7.8,7.1,0.3578,32.6,35.0,30.0,0.3932,25.1,27.2,22.9,0.348,30.7,32.8,27.5,0.2837,1.3,1.0,1.2,0.4648,0.2,0.4,0.20000000298023224,0.4142,3.3,3.8,3.5999999046325684,0.7245,False,,,0,19.5,3.3000000000000007,3.0,-0.20000004768371582,7.25,-0.04999999999999982,30.5,2.299999999999997,23.5,2.1000003814697266,28.25,1.75,1.5,-0.2999999523162842,0.5,-0.29999999701976776,3.5,0.09999990463256836,True
Jaxson Hayes,LAL,189,20.5,4.0,24.5,8.6,13.8,8.4,0.0983,5.1,7.0,6.0,0.3001,0.5,0.6,0.9,0.1633,14.2,21.4,15.3,0.1542,13.7,20.8,14.4,0.1373,9.1,14.4,9.3,0.2036,0.7,0.8,0.9,0.1325,1.9,3.2,1.899999976158142,0.5534,0.3,0.4,0.800000011920929,0.1548,False,,,0,6.5,1.9000000000000004,4.5,2.0999999046325684,1.0,0.0,12.5,3.5,10.0,5.0,,,1.0,-0.10000002384185791,1.0,0.8999999761581421,0.5,0.30000001192092896,True
Nickeil Alexander-Walker,ATL,237,33.0,1.2000000476837158,34.20000076293945,23.2,22.2,23.7,0.893,3.6,3.8,3.5,0.6707,4.1,5.6,4.8,0.4917,30.9,31.6,32.0,0.643,26.8,26.0,27.2,0.7185,27.3,27.8,28.5,0.7712,1.7,1.4,1.6,0.303,0.2,,0.20000000298023224,0.1407,1.3,0.8,1.899999976158142,0.3759,False,,,0,,,,,,,,,,,,,,,,,,,True
Tyler Herro,MIA,148,32.9,1.899999976158142,34.79999923706055,20.9,21.6,19.9,0.1881,5.1,3.4,4.5,0.5618,4.0,3.6,4.6,0.3602,30.0,28.6,29.0,0.4382,26.0,25.0,24.4,0.2073,24.9,25.2,24.5,0.0937,0.7,0.8,0.9,0.2237,0.4,0.6,0.4000000059604645,0.1012,1.9,1.6,2.0,0.478,False,,,0,,,,,,,,,,,,,,,,,,,True
Keldon Johnson,SAS,221,22.5,0.6000000238418579,23.100000381469727,14.1,18.2,14.4,0.3397,4.1,3.8,4.2,0.4358,1.9,2.8,1.5,0.2371,20.1,24.8,20.1,0.2439,18.2,22.0,18.6,0.4406,16.0,21.0,15.9,0.2778,0.2,0.4,0.5,0.14,0.1,,0.20000000298023224,0.1065,0.5,0.6,0.8999999761581421,0.254,False,,,0,12.0,2.0,4.5,-0.19999980926513672,1.5,0.10000000000000009,20.5,-0.6000000000000014,19.5,-1.2000007629394531,15.0,0.5999999999999996,1.5,-1.0,0.5,-0.29999999701976776,1.5,-0.6000000238418579,True
Nassir Little,PHX,44,2.8,-0.30000001192092896,2.5,1.4,1.8,2.4,0.4365,0.4,0.6,0.8,0.4425,0.2,0.2,0.3,0.1816,2.0,2.6,3.5,0.3046,1.8,2.4,3.2,0.4188,1.6,2.0,2.7,0.2257,,,0.2,0.1705,,,0.10000000149011612,0.0537,0.1,0.2,0.30000001192092896,0.5181,False,,,0,,,,,,,,,,,,,,,,,,,True
Chuma Okeke,CLE,55,18.3,-2.4000000953674316,15.899999618530273,5.0,8.6,4.9,0.2697,4.4,7.0,4.1,0.4107,1.4,2.2,1.1,0.1027,10.8,17.8,10.1,0.0776,9.4,15.6,9.0,0.2128,6.4,10.8,6.0,0.2921,0.5,0.6,0.6,0.2513,0.3,0.6,0.4000000059604645,0.0781,0.4,0.4,0.5,0.4733,False,,,0,,,,,,,,,,,,,,,,,,,True
Kevin Porter Jr.,MIL,112,31.8,0.800000011920929,32.599998474121094,16.3,10.6,17.8,0.8604,5.2,6.0,5.3,0.5177,6.4,5.6,6.7,0.303,27.9,22.2,29.8,0.7241,21.5,16.6,23.1,0.6793,22.7,16.2,24.5,0.4635,2.5,2.0,2.2,0.6716,0.5,0.4,0.6000000238418579,0.1245,2.2,2.6,2.5,0.5956,False,,,0,,,,,,,,,,,,,,,,,,,True
Charles Bassey,BOS,61,7.0,-1.7000000476837158,5.300000190734863,2.4,2.2,3.6,0.2976,2.4,1.6,3.3,0.4124,0.5,0.2,0.5,0.0823,5.3,4.0,7.4,0.4373,4.8,3.8,6.9,0.5368,2.9,2.4,4.1,0.3706,0.4,0.2,0.3,0.153,0.3,0.2,0.30000001192092896,0.0669,0.2,,0.5,0.5825,False,,,0,,,,,,,,,,,,,,,,,,,True
Moses Brown,DAL,34,8.9,8.0,16.9,5.2,5.8,9.6,0.4545,3.0,4.4,5.8,0.4423,0.2,0.4,0.7,0.1124,8.4,10.6,16.1,0.5126,8.2,10.2,15.4,0.4165,5.4,6.2,10.3,0.2127,0.6,0.8,0.8,0.1358,0.4,0.6,0.699999988079071,0.2969,1.1,1.2,1.2000000476837158,0.3624,False,,,0,,,,,,,,,,,,,,,,,,,True
Nic Claxton,BKN,208,21.6,0.6000000238418579,22.200000762939453,8.7,10.4,10.8,0.108,6.2,5.8,6.2,0.4147,2.3,2.0,2.9,0.1171,17.2,18.2,19.9,0.1282,14.9,16.2,17.0,0.0881,11.0,12.4,13.7,0.0611,0.2,0.4,0.5,0.1203,0.9,0.8,0.800000011920929,0.1098,1.1,1.2,0.8999999761581421,0.2011,False,,,0,,,,,,,,,,,,,,,,,,,True
Luguentz Dort,OKC,212,25.1,-0.5,24.600000381469727,7.5,7.2,7.0,0.0907,3.2,2.6,3.2,0.2242,0.7,0.6,1.2,0.2765,11.4,10.4,11.4,0.0854,10.7,9.8,10.2,0.0784,8.2,7.8,8.2,0.0408,0.5,0.4,0.6,0.0829,0.4,0.4,0.30000001192092896,0.2444,0.9,0.8,0.6000000238418579,0.095,False,,,0,7.5,-1.5,3.5,-0.40000009536743164,1.5,-0.30000000000000004,11.5,-1.1999999999999993,11.0,-1.8999996185302734,8.5,-1.2999999999999998,1.0,-0.3999999761581421,0.5,-0.19999998807907104,0.5,0.10000002384185791,True
Daniel Gafford,DAL,183,24.7,1.5,26.200000762939453,15.9,18.8,15.3,0.4859,9.7,10.0,9.0,0.3059,1.8,1.8,1.6,0.1782,27.4,30.6,25.9,0.4055,25.6,28.8,24.3,0.352,17.7,20.6,16.9,0.2103,0.5,0.2,0.7,0.1264,0.8,0.8,1.100000023841858,0.2437,1.0,1.0,1.600000023841858,0.2828,False,,,0,,,,,,,,,,,,,,,,,,,True
Quentin Grimes,PHI,194,32.7,-0.5,32.20000076293945,19.2,16.8,16.3,0.771,4.1,4.4,3.8,0.5125,3.7,4.6,3.2,0.3545,27.0,25.8,23.3,0.5079,23.3,21.2,20.1,0.7491,22.9,21.4,19.5,0.5504,1.1,0.8,1.0,0.3882,0.5,0.6,0.4000000059604645,0.1511,1.8,1.6,1.600000023841858,0.2877,False,,,0,,,,,,,,,,,,,,,,,,,True
Talen Horton-Tucker,CHI,108,15.5,4.900000095367432,20.399999618530273,9.3,9.8,9.8,0.339,1.4,1.0,2.0,0.2651,1.3,1.6,2.1,0.3005,12.0,12.4,13.9,0.0894,10.7,10.8,11.8,0.3066,10.6,11.4,11.9,0.156,0.3,0.2,0.6,0.1059,0.1,0.2,0.20000000298023224,0.0496,0.7,1.0,0.8999999761581421,0.5478,False,,,0,,,,,,,,,,,,,,,,,,,True
Ty Jerome,MEM,86,23.6,1.5,25.100000381469727,19.8,21.4,21.2,0.5839,3.2,3.0,3.3,0.245,5.9,6.8,5.8,0.3435,28.9,31.2,30.3,0.373,23.0,24.4,24.5,0.5397,25.7,28.2,27.0,0.2558,1.0,0.6,1.0,0.4045,0.2,0.2,0.20000000298023224,0.2718,1.6,2.0,2.0999999046325684,0.5935,False,,,0,,,,,,,,,,,,,,,,,,,True
Cameron Johnson,DEN,165,29.6,-3.4000000953674316,26.200000762939453,14.0,12.6,12.1,0.8013,3.3,2.2,3.6,0.5611,2.1,2.2,2.1,0.2309,19.4,17.0,17.8,0.7284,17.3,14.8,15.7,0.7687,16.1,14.8,14.2,0.628,0.9,1.0,0.8,0.154,0.4,0.6,0.4000000059604645,0.1411,0.7,0.4,0.6000000238418579,0.7163,False,,,0,,,,,,,,,,,,,,,,,,,True
Jalen McDaniels,WAS,53,12.1,-7.400000095367432,4.599999904632568,3.4,2.0,1.4,0.2062,1.5,0.6,1.0,0.3434,1.2,0.6,0.8,0.3599,6.1,3.2,3.2,0.3579,4.9,2.6,2.4,0.5323,4.6,2.6,2.2,0.1595,0.3,0.6,0.2,0.426,0.1,,0.0,0.1094,0.5,0.4,0.10000000149011612,0.3396,False,,,0,,,,,,,,,,,,,,,,,,,True
Jaylen Nowell,NOP,20,18.4,5.0,23.5,8.1,10.4,11.6,0.6193,2.7,3.6,3.8,0.4493,1.5,2.6,2.2,0.262,12.3,16.6,17.6,0.2079,10.8,14.0,15.4,0.6184,9.6,13.0,13.8,0.5132,0.1,,0.6,0.313,0.3,0.4,0.30000001192092896,0.082,0.6,0.6,1.2999999523162842,0.3137,False,,,0,,,,,,,,,,,,,,,,,,,True
Jordan Nwora,TOR,51,19.3,-4.300000190734863,15.0,8.4,8.0,8.8,0.4778,4.0,4.4,3.7,0.3906,2.0,2.0,1.3,0.1876,14.4,14.4,13.8,0.594,12.4,12.4,12.5,0.6547,10.4,10.0,10.1,0.4054,0.6,0.2,0.4,0.2456,0.6,0.6,0.4000000059604645,0.0734,1.8,1.6,1.399999976158142,0.7338,False,,,0,,,,,,,,,,,,,,,,,,,True
Jordan Poole,NOP,182,19.5,0.699999988079071,20.200000762939453,9.0,7.0,8.6,0.0759,2.7,1.6,2.7,0.3407,3.1,3.0,2.9,0.284,14.8,11.6,14.2,0.1371,11.7,8.6,11.3,0.137,12.1,10.0,11.5,0.095,0.3,,0.5,0.1887,0.5,1.0,0.4000000059604645,0.126,1.1,1.4,0.8999999761581421,0.0992,False,,,0,,,,,,,,,,,,,,,,,,,True
Neemias Queta,BOS,160,27.0,0.5,27.5,9.7,10.2,10.9,0.8234,7.9,9.0,8.4,0.4186,2.3,2.0,2.1,0.1856,19.9,21.2,21.4,0.722,17.6,19.2,19.3,0.6576,12.0,12.2,13.0,0.6004,0.7,0.6,0.7,0.2028,1.0,0.8,1.0,0.111,0.9,1.0,1.0,0.5723,False,,,0,,,,,,,,,,,,,,,,,,,True
Naz Reid,MIN,232,25.2,0.800000011920929,26.0,11.8,10.0,14.0,0.8838,5.7,6.2,6.2,0.2859,1.4,1.4,1.8,0.2099,18.9,17.6,22.0,0.4183,17.5,16.2,20.2,0.5258,13.2,11.4,15.8,0.4115,0.7,1.2,0.9,0.3119,1.1,1.4,1.2000000476837158,0.1149,1.8,2.6,1.7000000476837158,0.359,False,,,0,,,,,,,,,,,,,,,,,,,True
Luka Samanic,UTA,42,15.2,8.0,23.2,6.7,9.6,12.0,0.2457,4.0,4.6,4.1,0.4089,0.9,1.4,1.1,0.1193,11.6,15.6,17.2,0.1462,10.7,14.2,16.1,0.2649,7.6,11.0,13.1,0.3116,0.2,0.4,0.8,0.1902,0.1,,0.30000001192092896,0.1826,0.6,1.0,1.7999999523162842,0.4472,False,,,0,,,,,,,,,,,,,,,,,,,True
Admiral Schofield,ORL,22,3.4,0.8999999761581421,4.300000190734863,1.1,1.6,4.4,0.374,0.8,1.0,1.7,0.3528,0.2,0.2,0.3,0.2803,2.1,2.8,6.4,0.156,1.9,2.6,6.1,0.3412,1.3,1.8,4.7,0.5647,0.1,0.2,0.2,0.1677,,,0.10000000149011612,0.0666,,,0.6000000238418579,0.6639,False,,,0,,,,,,,,,,,,,,,,,,,True
Matisse Thybulle,POR,104,17.7,0.20000000298023224,17.899999618530273,6.8,8.2,5.3,0.1071,2.6,3.2,2.3,0.3452,0.9,0.8,1.1,0.2753,10.3,12.2,8.7,0.0774,9.4,11.4,7.6,0.2602,7.7,9.0,6.4,0.098,1.8,2.0,1.4,0.3335,0.5,0.4,0.5,0.0816,1.2,1.8,0.699999988079071,0.1657,False,,,0,7.5,-2.2,4.0,-1.5,1.5,-0.30000000000000004,10.5,-1.5,9.5,-1.6999998092651367,8.5,-2.0,2.5,-1.100000023841858,1.0,-0.5,0.5,0.19999998807907104,True
Grant Williams,CHA,122,18.6,0.10000000149011612,18.700000762939453,5.8,3.8,6.7,0.841,3.3,3.8,3.9,0.3764,1.3,0.6,1.7,0.2877,10.4,8.2,12.3,0.6673,9.1,7.6,10.6,0.7338,7.1,4.4,8.4,0.5409,0.3,,0.5,0.194,0.6,0.4,0.5,0.0721,1.3,1.4,1.0,0.3798,False,,,0,,,,,,,,,,,,,,,,,,,True
Dylan Windler,ATL,16,6.5,-1.100000023841858,5.5,1.9,3.2,2.9,0.3322,1.0,1.8,1.2,0.4737,0.6,0.4,0.7,0.1858,3.5,5.4,4.8,0.2614,2.9,5.0,4.1,0.2565,2.5,3.6,3.6,0.114,0.2,0.4,0.3,0.2262,,,0.20000000298023224,0.1247,0.1,0.2,0.30000001192092896,0.3214,False,,,0,,,,,,,,,,,,,,,,,,,True
Marques Bolden,CHA,10,9.1,8.0,17.1,2.3,3.8,5.3,0.8479,2.6,3.6,4.1,0.6672,0.2,0.4,0.5,0.1322,5.1,7.8,9.9,0.4514,4.9,7.4,9.4,0.7192,2.5,4.2,5.8,0.6684,0.2,0.4,0.4,0.1625,0.3,0.6,0.5,0.1449,0.2,0.2,0.699999988079071,0.6317,False,,,0,,,,,,,,,,,,,,,,,,,True
John Konchar,UTA,151,27.7,-0.5,27.200000762939453,6.8,10.4,7.7,0.5933,6.0,6.4,5.4,0.3507,2.5,3.0,2.4,0.2252,15.3,19.8,15.5,0.2529,12.8,16.8,13.1,0.7213,9.3,13.4,10.1,0.471,1.3,0.6,1.2,0.3392,0.9,1.2,0.8999999761581421,0.1997,0.6,0.2,0.8999999761581421,0.8489,False,,,0,,,,,,,,,,,,,,,,,,,True
Garrison Mathews,IND,127,14.7,-3.5999999046325684,11.100000381469727,6.3,5.8,5.0,0.2897,1.2,1.4,2.0,0.5656,0.9,1.0,0.7,0.2528,8.4,8.2,7.7,0.6495,7.5,7.2,7.0,0.4233,7.2,6.8,5.7,0.134,0.4,0.4,0.3,0.1829,0.2,0.2,0.20000000298023224,0.1545,0.1,,0.4000000059604645,0.7224,False,,,0,,,,,,,,,,,,,,,,,,,True
Dean Wade,CLE,169,21.9,-0.20000000298023224,21.700000762939453,6.2,6.2,6.0,0.317,4.9,3.8,4.7,0.5759,1.6,1.4,1.3,0.2358,12.7,11.4,12.0,0.1624,11.1,10.0,10.7,0.5059,7.8,7.6,7.3,0.4666,0.7,0.6,0.7,0.3193,0.4,,0.4000000059604645,0.071,0.2,0.2,0.4000000059604645,0.2217,False,,,0,,,,,,,,,,,,,,,,,,,True
Javonte Green,DET,152,16.0,4.5,20.5,7.0,9.2,6.2,0.0238,2.5,3.2,3.0,0.2528,0.9,1.2,0.9,0.0816,10.4,13.6,10.1,0.0242,9.5,12.4,9.2,0.0674,7.9,10.4,7.1,0.2064,1.1,1.2,0.9,0.2313,0.2,0.2,0.20000000298023224,0.0816,0.3,0.2,0.10000000149011612,0.0852,False,,,0,,,,,,,,,,,,,,,,,,,True
Xavier Moon,LAC,13,5.7,3.0999999046325684,8.800000190734863,1.5,1.6,4.4,0.5677,1.0,1.4,1.9,0.4264,1.2,2.0,2.0,0.1643,3.7,5.0,8.3,0.1226,2.5,3.0,6.3,0.3348,2.7,3.6,6.4,0.4345,0.1,,0.5,0.1994,0.2,0.2,0.30000001192092896,0.1364,0.3,0.2,0.699999988079071,0.5632,False,,,0,,,,,,,,,,,,,,,,,,,True
Anthony Edwards,MIN,216,35.6,-2.0999999046325684,33.5,29.4,29.0,25.2,0.7134,4.1,4.2,4.6,0.4333,4.1,4.2,4.3,0.5176,37.6,37.4,34.1,0.6915,33.5,33.2,29.8,0.7013,33.5,33.2,29.5,0.756,1.6,1.2,1.5,0.5667,0.8,1.0,0.699999988079071,0.2535,3.1,3.0,2.5999999046325684,0.4673,False,,,0,,,,,,,,,,,,,,,,,,,True
LaMelo Ball,CHA,134,27.9,2.9000000953674316,30.799999237060547,22.1,22.0,20.3,0.6275,4.7,4.2,5.1,0.5284,5.8,5.8,6.7,0.188,32.6,32.0,32.1,0.2536,26.8,26.2,25.4,0.2322,27.9,27.8,27.0,0.3563,1.6,1.4,1.5,0.4995,0.3,0.2,0.30000001192092896,0.1009,2.5,2.0,3.0,0.631,False,,,0,,,,,,,,,,,,,,,,,,,True
James Wiseman,IND,67,20.7,-4.900000095367432,15.800000190734863,6.1,7.4,6.3,0.3333,5.6,5.2,4.7,0.3103,0.9,0.6,0.9,0.2425,12.6,13.2,11.9,0.5847,11.7,12.6,11.0,0.4624,7.0,8.0,7.2,0.3544,0.3,0.4,0.3,0.1257,0.5,0.4,0.4000000059604645,0.0706,1.1,1.0,0.6000000238418579,0.3274,False,,,0,,,,,,,,,,,,,,,,,,,True
Killian Hayes,SAC,65,18.8,-4.199999809265137,14.600000381469727,6.5,4.2,6.8,0.521,2.9,2.4,2.6,0.3584,3.7,3.0,3.3,0.4802,13.1,9.6,12.7,0.4095,9.4,6.6,9.4,0.5616,10.2,7.2,10.1,0.3633,0.7,0.6,0.6,0.3148,0.4,0.4,0.30000001192092896,0.0976,1.9,1.4,1.399999976158142,0.5954,False,,,0,,,,,,,,,,,,,,,,,,,True
Deni Avdija,POR,207,31.7,1.600000023841858,33.29999923706055,21.6,19.8,24.7,0.7948,6.8,6.2,7.9,0.6451,6.6,6.8,6.9,0.568,35.0,32.8,39.5,0.8184,28.4,26.0,32.6,0.7472,28.2,26.6,31.6,0.741,0.8,0.8,1.0,0.3326,0.7,0.6,0.699999988079071,0.1175,4.4,3.8,3.5,0.4995,False,,,0,28.0,-3.8999999999999986,7.25,1.0500001907348633,7.25,0.15000000000000036,41.5,-1.7000000000000028,36.5,-4.099998474121094,33.5,-2.0,1.5,-0.5,1.0,-0.30000001192092896,3.5,0.0,True
Obi Toppin,IND,178,17.0,1.0,18.0,12.2,13.2,12.4,0.3248,3.7,3.8,4.0,0.4913,2.5,3.4,2.4,0.207,18.4,20.4,18.8,0.4564,15.9,17.0,16.4,0.4293,14.7,16.6,14.8,0.3209,0.3,0.6,0.6,0.2159,0.1,0.2,0.20000000298023224,0.1518,1.3,1.8,1.2999999523162842,0.3118,False,,,0,,,,,,,,,,,,,,,,,,,True
Onyeka Okongwu,ATL,198,29.1,1.7000000476837158,30.799999237060547,11.1,12.2,17.4,0.6945,6.7,6.0,7.6,0.6057,2.9,2.8,3.0,0.1713,20.7,21.0,28.0,0.7145,17.8,18.2,25.0,0.6763,14.0,15.0,20.4,0.4912,1.1,1.4,1.1,0.3607,1.0,0.6,1.0,0.1273,1.1,1.6,1.7999999523162842,0.4677,False,,,0,,,,,,,,,,,,,,,,,,,True
Tyrese Haliburton,IND,141,30.8,0.6000000238418579,31.399999618530273,19.1,17.6,20.3,0.6169,3.1,2.6,4.0,0.448,10.2,10.4,10.6,0.361,32.4,30.6,34.9,0.5178,22.2,20.2,24.3,0.4251,29.3,28.0,30.9,0.1542,1.1,0.8,1.6,0.3831,0.9,1.2,0.699999988079071,0.2239,1.4,1.8,1.899999976158142,0.3486,False,,,0,,,,,,,,,,,,,,,,,,,True
Devin Vassell,SAS,192,29.8,-0.20000000298023224,29.600000381469727,12.5,11.8,13.2,0.7848,3.8,4.4,4.0,0.5852,2.9,2.8,2.8,0.2548,19.2,19.0,20.0,0.4994,16.3,16.2,17.2,0.5462,15.4,14.6,16.0,0.6995,1.0,1.2,0.9,0.1997,0.2,0.2,0.30000001192092896,0.121,0.5,0.4,0.800000011920929,0.5615,False,,,0,10.5,2.9000000000000004,4.5,-0.3000001907348633,3.0,-0.3999999999999999,21.0,-0.8000000000000007,19.25,-1.6499996185302734,18.0,-2.0,1.0,-0.10000002384185791,0.5,-0.19999998807907104,1.5,-0.699999988079071,True
Isaac Okoro,CHI,183,29.7,0.10000000149011612,29.799999237060547,9.1,11.0,9.7,0.2894,2.7,2.8,3.2,0.4561,1.3,0.6,1.5,0.1979,13.1,14.4,14.4,0.1826,11.8,13.8,12.9,0.2211,10.4,11.6,11.2,0.1039,0.7,0.4,0.8,0.1467,0.4,0.8,0.4000000059604645,0.098,0.9,0.4,0.800000011920929,0.4106,False,,,0,,,,,,,,,,,,,,,,,,,True
Patrick Williams,CHI,171,20.7,0.30000001192092896,21.0,5.1,4.4,7.7,0.7626,2.3,2.6,2.9,0.3986,0.7,0.6,1.2,0.144,8.1,7.6,11.8,0.3102,7.4,7.0,10.6,0.7014,5.8,5.0,8.9,0.5596,0.5,0.4,0.6,0.1212,0.6,0.4,0.5,0.0793,1.1,0.4,1.2000000476837158,0.4995,False,,,0,,,,,,,,,,,,,,,,,,,True
Precious Achiuwa,SAC,198,30.0,1.399999976158142,31.399999618530273,14.7,14.4,16.2,0.8122,9.1,9.0,10.1,0.4729,1.1,1.0,1.7,0.1943,24.9,24.4,28.0,0.763,23.8,23.4,26.3,0.7629,15.8,15.4,17.9,0.6268,0.9,1.2,1.0,0.1627,1.1,0.6,1.0,0.144,1.5,1.8,1.5,0.4191,False,,,0,,,,,,,,,,,,,,,,,,,True
Aaron Nesmith,IND,161,28.8,0.800000011920929,29.600000381469727,15.6,13.4,16.6,0.5079,2.3,2.2,3.0,0.3576,1.3,0.8,1.5,0.1231,19.2,16.4,21.1,0.3242,17.9,15.6,19.6,0.6317,16.9,14.2,18.1,0.5921,0.4,0.4,0.6,0.1314,0.5,0.2,0.4000000059604645,0.0677,1.1,1.0,1.399999976158142,0.8663,False,,,0,,,,,,,,,,,,,,,,,,,True
Cole Anthony,MIL,182,13.4,2.4000000953674316,15.800000190734863,5.9,8.6,7.5,0.2857,2.0,2.0,2.4,0.3435,1.8,2.6,2.4,0.2341,9.7,13.2,12.3,0.2286,7.9,10.6,9.9,0.2407,7.7,11.2,9.9,0.1533,0.4,0.4,0.6,0.2879,0.2,0.2,0.30000001192092896,0.0748,1.7,1.8,1.600000023841858,0.5316,False,,,0,,,,,,,,,,,,,,,,,,,True
Theo Maledon,PHX,16,10.6,-4.900000095367432,5.599999904632568,2.6,1.0,3.6,0.3027,1.2,0.2,1.3,0.5108,1.6,1.0,1.2,0.2427,5.4,2.2,6.1,0.2455,3.8,1.2,4.9,0.1236,4.2,2.0,4.8,0.38,0.2,,0.3,0.3232,,,0.10000000149011612,0.073,1.1,0.6,0.800000011920929,0.6911,False,,,0,,,,,,,,,,,,,,,,,,,True
Tyrese Maxey,PHI,185,37.4,0.800000011920929,38.20000076293945,28.5,25.2,28.0,0.7344,4.8,5.2,4.6,0.6765,7.0,6.0,6.9,0.3073,40.3,36.4,39.5,0.3824,33.3,30.4,32.6,0.6918,35.5,31.2,34.9,0.6363,2.2,1.4,2.1,0.5622,1.2,1.4,0.8999999761581421,0.2167,2.6,2.6,2.4000000953674316,0.5935,False,,,0,,,,,,,,,,,,,,,,,,,True
Saddiq Bey,NOP,131,31.8,0.30000001192092896,32.099998474121094,17.8,18.6,18.9,0.5187,4.9,3.8,4.8,0.4686,3.1,3.4,2.9,0.2808,25.8,25.8,26.6,0.3368,22.7,22.4,23.7,0.5252,20.9,22.0,21.8,0.1577,1.1,0.8,1.0,0.1874,0.2,0.2,0.20000000298023224,0.2664,1.2,1.4,1.2999999523162842,0.4256,False,,,0,16.5,0.3000000000000007,5.25,-0.4499998092651367,3.0,-0.10000000000000009,27.0,-2.5,23.5,-1.8999996185302734,18.5,1.1999999999999993,1.5,-0.5,0.5,-0.29999999701976776,1.5,-0.20000004768371582,True
Josh Green,CHA,176,14.9,-1.7000000476837158,13.199999809265137,2.7,2.6,4.3,0.2865,1.4,0.8,1.9,0.4633,0.5,0.6,0.8,0.111,4.6,4.0,7.0,0.4211,4.1,3.4,6.2,0.4185,3.2,3.2,5.1,0.3651,0.8,0.8,0.6,0.1312,,,0.20000000298023224,0.0991,0.7,0.8,0.5,0.3825,False,,,0,,,,,,,,,,,,,,,,,,,True
Jaden McDaniels,MIN,224,28.9,1.399999976158142,30.299999237060547,11.3,14.0,16.1,0.8777,3.3,4.4,4.3,0.471,2.5,2.8,2.6,0.2101,17.1,21.2,23.0,0.7539,14.6,18.4,20.4,0.7648,13.8,16.8,18.7,0.7695,1.5,1.8,1.6,0.382,0.4,0.6,0.699999988079071,0.1275,1.9,1.2,1.7999999523162842,0.2313,False,,,0,,,,,,,,,,,,,,,,,,,True
Kira Lewis Jr.,UTA,27,8.9,-1.100000023841858,7.800000190734863,3.2,4.8,4.5,0.2199,0.9,1.4,1.4,0.6969,1.6,1.6,1.3,0.1041,5.7,7.8,7.2,0.1236,4.1,6.2,5.9,0.2059,4.8,6.4,5.8,0.1588,0.3,0.4,0.3,0.255,0.1,0.2,0.10000000149011612,0.0821,0.5,1.0,0.6000000238418579,0.509,False,,,0,,,,,,,,,,,,,,,,,,,True
Jalen Smith,CHI,177,24.5,0.4000000059604645,24.899999618530273,11.7,12.8,9.0,0.0331,6.5,6.2,6.1,0.3654,1.2,1.2,1.2,0.1111,19.4,20.2,16.3,0.0858,18.2,19.0,15.1,0.0871,12.9,14.0,10.2,0.0393,0.6,0.2,0.5,0.1254,0.8,0.6,0.699999988079071,0.1799,1.3,1.6,0.6000000238418579,0.1091,False,,,0,,,,,,,,,,,,,,,,,,,True
Isaiah Stewart,DET,172,22.1,-0.0,22.100000381469727,9.5,11.8,12.7,0.8517,4.1,5.6,5.2,0.4286,1.3,1.6,1.4,0.1781,14.9,19.0,19.3,0.6493,13.6,17.4,17.9,0.6648,10.8,13.4,14.1,0.6541,0.4,0.2,0.6,0.11,0.8,1.0,0.800000011920929,0.095,1.0,1.0,1.2999999523162842,0.5135,False,,,0,,,,,,,,,,,,,,,,,,,True
Zeke Nnaji,DEN,163,7.9,-1.899999976158142,6.0,1.5,1.6,2.1,0.0389,1.9,2.2,1.8,0.2971,0.3,0.4,0.3,0.055,3.7,4.2,4.2,0.0385,3.4,3.8,3.9,0.1058,1.8,2.0,2.4,0.0519,0.4,0.6,0.1,0.1407,0.1,,0.10000000149011612,0.1448,0.4,0.6,0.10000000149011612,0.1377,False,,,0,,,,,,,,,,,,,,,,,,,True
Immanuel Quickley,TOR,167,33.0,-0.699999988079071,32.29999923706055,15.3,14.6,14.3,0.7544,3.1,3.4,3.3,0.4022,7.0,5.2,5.7,0.5033,25.4,23.2,23.3,0.4344,18.4,18.0,17.6,0.6705,22.3,19.8,20.0,0.2146,1.7,2.0,1.5,0.2957,,,0.20000000298023224,0.1236,1.1,0.8,1.0,0.0748,False,,,0,,,,,,,,,,,,,,,,,,,True
Paul Reed,DET,185,16.3,4.300000190734863,20.600000381469727,10.1,11.0,13.0,0.4903,4.5,4.8,6.1,0.5172,1.5,1.6,1.7,0.1246,16.1,17.4,20.8,0.5703,14.6,15.8,19.1,0.7438,11.6,12.6,14.7,0.4418,0.8,1.0,1.0,0.1411,1.3,1.2,1.5,0.3592,0.9,1.0,1.399999976158142,0.3515,False,,,0,,,,,,,,,,,,,,,,,,,True
Aleksej Pokusevski,CHA,27,19.2,-0.6000000238418579,18.600000381469727,8.7,9.2,9.4,0.6366,4.8,5.2,4.5,0.3274,1.2,1.0,1.4,0.1345,14.7,15.4,15.3,0.4611,13.5,14.4,13.9,0.4026,9.9,10.2,10.8,0.6607,0.5,0.2,0.6,0.2271,0.7,0.8,0.6000000238418579,0.1108,0.6,0.8,1.0,0.8259,False,,,0,,,,,,,,,,,,,,,,,,,True
Isaiah Joe,OKC,218,20.1,-4.5,15.600000381469727,9.4,8.2,8.4,0.3715,2.6,2.0,2.7,0.3612,1.0,0.8,0.9,0.1593,13.0,11.0,12.0,0.2677,12.0,10.2,11.1,0.407,10.4,9.0,9.3,0.2711,0.5,0.8,0.5,0.1172,0.2,,0.20000000298023224,0.0953,0.6,0.4,0.5,0.4487,False,,,0,,,,,,,,,,,,,,,,,,,True
Tre Jones,CHI,181,28.3,0.20000000298023224,28.5,17.5,18.6,15.7,0.7992,4.3,5.4,4.0,0.4025,5.2,6.2,5.1,0.4549,27.0,30.2,24.8,0.3669,21.8,24.0,19.7,0.535,22.7,24.8,20.8,0.6185,1.3,1.0,1.1,0.3251,0.2,0.2,0.20000000298023224,0.1305,1.9,1.8,2.200000047683716,0.4919,False,,,0,,,,,,,,,,,,,,,,,,,True
Malachi Flynn,CHA,72,17.3,-3.5999999046325684,13.699999809265137,10.5,5.0,7.9,0.3039,1.8,1.2,1.8,0.5365,3.2,2.2,2.2,0.4231,15.5,8.4,11.9,0.3992,12.3,6.2,9.7,0.5355,13.7,7.2,10.1,0.187,1.1,1.2,0.7,0.2675,,,0.10000000149011612,0.1272,1.6,0.8,1.0,0.6396,False,,,0,,,,,,,,,,,,,,,,,,,True
Payton Pritchard,BOS,235,32.7,1.0,33.70000076293945,17.9,20.8,13.4,0.0676,3.6,3.6,3.0,0.4885,3.8,2.8,4.8,0.4939,25.3,27.2,21.2,0.0505,21.5,24.4,16.4,0.0395,21.7,23.6,18.2,0.0253,0.6,0.4,0.7,0.2813,0.2,0.2,0.20000000298023224,0.1161,1.9,2.0,1.100000023841858,0.2343,False,,,0,,,,,,,,,,,,,,,,,,,True
Ashton Hagans,POR,18,19.3,-6.800000190734863,12.600000381469727,5.1,4.4,3.9,0.236,3.0,2.4,2.6,0.5546,3.6,3.0,2.6,0.17,11.7,9.8,9.1,0.4992,8.1,6.8,6.5,0.414,8.7,7.4,6.5,0.1313,0.8,0.6,0.6,0.2506,0.4,0.4,0.30000001192092896,0.1084,2.3,1.6,1.2000000476837158,0.6819,False,,,0,,,,,,,,,,,,,,,,,,,True
Lamar Stevens,MEM,54,6.0,-1.5,4.599999904632568,1.9,0.6,7.4,0.2843,1.4,0.6,2.1,0.3776,0.2,,0.4,0.3102,3.5,,9.9,0.56,3.3,,9.5,0.2207,2.1,,7.8,0.218,0.2,0.2,0.3,0.2624,0.1,,0.20000000298023224,0.0738,0.4,,0.5,0.5746,False,,,0,,,,,,,,,,,,,,,,,,,True
Nate Hinton,HOU,14,4.4,-0.800000011920929,3.700000047683716,2.2,3.0,1.7,0.2229,1.4,1.8,1.7,0.2946,0.6,0.8,0.6,0.2162,4.2,5.6,4.0,0.2276,3.6,4.8,3.4,0.0809,2.8,3.8,2.3,0.0979,0.3,0.4,0.2,0.2276,0.2,0.2,0.20000000298023224,0.1047,0.3,0.2,0.10000000149011612,0.2599,False,,,0,,,,,,,,,,,,,,,,,,,True
Nick Richards,CHI,171,24.2,-0.0,24.200000762939453,10.2,9.2,10.6,0.3052,8.5,7.2,8.4,0.2074,0.6,0.4,0.7,0.0872,19.3,16.8,19.7,0.4705,18.7,16.4,19.0,0.2681,10.8,9.6,11.3,0.5317,0.2,,0.4,0.0979,0.9,0.8,1.0,0.0902,1.5,0.8,1.5,0.418,False,,,0,,,,,,,,,,,,,,,,,,,True
Omer Yurtseven,GSW,56,11.7,-3.200000047683716,8.600000381469727,3.2,2.2,5.8,0.4287,5.0,3.2,4.7,0.6779,0.9,0.6,0.8,0.3445,9.1,6.0,11.3,0.6777,8.2,5.4,10.5,0.5028,4.1,2.8,6.6,0.2309,0.2,0.4,0.3,0.2161,,,0.20000000298023224,0.1556,1.1,1.4,0.800000011920929,0.6634,False,,,0,,,,,,,,,,,,,,,,,,,True
Xavier Tillman,CHA,113,4.6,-1.0,3.5999999046325684,0.5,0.6,1.3,0.0584,1.3,1.8,1.3,0.3013,0.6,1.2,0.2,0.227,2.4,3.6,2.8,0.0271,1.8,2.4,2.6,0.1471,1.1,1.8,1.5,0.0801,0.2,0.4,0.1,0.2291,0.1,,0.0,0.1153,0.3,0.4,0.20000000298023224,0.1188,False,,,0,,,,,,,,,,,,,,,,,,,True
Jared Butler,PHI,99,28.6,0.10000000149011612,28.700000762939453,14.8,15.2,16.7,0.8646,2.7,3.0,2.7,0.3142,5.6,5.4,5.2,0.306,23.1,23.6,24.6,0.5757,17.5,18.2,19.4,0.7807,20.4,20.6,21.9,0.815,1.6,1.8,1.4,0.4057,0.2,0.4,0.20000000298023224,0.1262,2.1,2.2,2.700000047683716,0.7296,False,,,0,,,,,,,,,,,,,,,,,,,True
Desmond Bane,ORL,186,33.3,0.6000000238418579,33.900001525878906,18.6,19.0,20.0,0.5757,4.2,4.4,4.2,0.6059,3.9,4.6,4.4,0.4132,26.7,28.0,28.6,0.3015,22.8,23.4,24.2,0.398,22.5,23.6,24.4,0.2639,0.9,0.6,1.0,0.3991,0.3,0.2,0.30000001192092896,0.1179,2.3,2.4,2.200000047683716,0.543,False,,,0,,,,,,,,,,,,,,,,,,,True
Skylar Mays,LAL,37,3.8,-0.4000000059604645,3.4000000953674316,0.8,0.4,2.1,0.5351,0.3,,0.8,0.5926,0.2,0.4,0.7,0.1598,1.3,,3.6,0.422,1.1,,2.9,0.2548,1.0,,2.8,0.5612,0.4,0.6,0.4,0.2295,0.1,,0.10000000149011612,0.1246,0.1,0.2,0.4000000059604645,0.3727,False,,,0,,,,,,,,,,,,,,,,,,,True
Mason Jones,SAC,14,4.8,-0.699999988079071,4.099999904632568,2.3,3.6,0.9,0.0516,0.8,0.2,0.8,0.3539,1.0,0.2,0.6,0.3444,4.1,4.0,2.3,0.0636,3.1,3.8,1.7,0.0983,3.3,3.8,1.5,0.0404,,,0.1,0.3012,0.1,0.2,0.0,0.0667,0.2,,0.0,0.1998,False,,,0,,,,,,,,,,,,,,,,,,,True
Jalen Green,PHX,191,30.4,-1.600000023841858,28.799999237060547,23.4,23.4,16.9,0.4711,4.8,4.8,4.2,0.4081,3.7,3.8,3.2,0.3381,31.9,32.0,24.3,0.4046,28.2,28.2,21.1,0.3206,27.1,27.2,20.1,0.3853,1.0,0.4,1.0,0.5921,0.2,0.2,0.20000000298023224,0.1682,2.0,1.4,2.0,0.8693,False,,,0,,,,,,,,,,,,,,,,,,,True
Daishen Nix,MIN,17,3.7,0.4000000059604645,4.0,1.7,1.2,3.4,0.2565,0.6,1.2,1.0,0.2725,0.8,1.4,0.9,0.296,3.1,3.8,5.3,0.1454,2.3,2.4,4.4,0.2838,2.5,2.6,4.3,0.1223,0.4,0.2,0.4,0.1911,,,0.20000000298023224,0.1602,0.8,1.2,0.699999988079071,0.4777,False,,,0,,,,,,,,,,,,,,,,,,,True
Jonathan Kuminga,ATL,152,21.4,-0.8999999761581421,20.5,10.1,7.8,9.6,0.3026,6.0,4.4,5.0,0.4933,2.1,1.8,1.9,0.2456,18.2,14.0,16.5,0.3133,16.1,12.2,14.6,0.2453,12.2,9.6,11.5,0.2475,0.7,0.6,0.6,0.1084,0.4,0.6,0.4000000059604645,0.057,1.6,1.0,1.2000000476837158,0.5166,False,,,0,,,,,,,,,,,,,,,,,,,True
Naji Marshall,DAL,205,29.7,2.200000047683716,31.899999618530273,17.1,20.4,18.0,0.6062,4.3,4.6,4.3,0.3866,4.3,5.0,4.8,0.3064,25.7,30.0,27.1,0.2985,21.4,25.0,22.3,0.2625,21.4,25.4,22.8,0.3075,0.8,0.8,1.1,0.4,,,0.20000000298023224,0.0564,2.7,2.4,2.4000000953674316,0.3773,False,,,0,,,,,,,,,,,,,,,,,,,True
KJ Martin,UTA,102,21.1,0.800000011920929,22.0,4.3,4.4,7.9,0.6482,2.3,1.8,3.1,0.5723,1.8,2.0,1.6,0.1779,8.4,8.2,12.6,0.3236,6.6,6.2,11.0,0.577,6.1,6.4,9.5,0.5177,0.2,0.2,0.4,0.1352,0.3,,0.30000001192092896,0.116,0.4,0.2,0.800000011920929,0.8589,False,,,0,,,,,,,,,,,,,,,,,,,True
Trent Forrest,ATL,37,13.9,-1.899999976158142,12.0,2.4,2.8,0.8,0.0413,1.6,1.4,1.3,0.2806,3.7,2.2,2.6,0.2339,7.7,6.4,4.7,0.0534,4.0,4.2,2.1,0.0679,6.1,5.0,3.4,0.1072,0.4,0.2,0.2,0.2825,0.2,0.2,0.10000000149011612,0.0887,0.8,1.0,0.30000001192092896,0.2383,False,,,0,,,,,,,,,,,,,,,,,,,True
Saben Lee,PHX,23,8.0,-3.0,5.0,2.4,1.8,1.3,0.0529,1.3,1.0,0.8,0.2795,1.6,1.4,0.9,0.2146,5.3,4.2,3.0,0.104,3.7,2.8,2.1,0.0513,4.0,3.2,2.2,0.0837,,,0.0,0.2939,,,0.0,0.1077,0.1,0.2,0.0,0.2296,False,,,0,,,,,,,,,,,,,,,,,,,True
Sam Merrill,CLE,180,28.7,0.30000001192092896,29.0,12.1,15.0,14.1,0.4823,3.8,4.0,4.1,0.3353,2.9,2.8,2.6,0.3043,18.8,21.8,20.8,0.3724,15.9,19.0,18.2,0.4286,15.0,17.8,16.7,0.5052,0.6,0.6,0.7,0.1612,0.2,0.4,0.20000000298023224,0.1085,0.4,0.8,1.0,0.2013,False,,,0,10.5,4.1,3.0,1.5,3.0,-0.2999999999999998,19.5,2.3000000000000007,12.5,6.600000381469727,12.0,5.300000000000001,1.5,-0.800000011920929,0.5,-0.29999999701976776,0.5,0.5,True
Trevelin Queen,ORL,44,7.5,-0.6000000238418579,6.900000095367432,2.4,2.8,4.1,0.3981,1.5,1.4,2.1,0.333,0.4,0.2,0.8,0.1673,4.3,4.4,7.0,0.3532,3.9,4.2,6.2,0.2353,2.8,3.0,4.9,0.2419,0.6,0.6,0.5,0.1705,0.2,0.2,0.20000000298023224,0.1088,0.4,0.4,0.4000000059604645,0.4993,False,,,0,,,,,,,,,,,,,,,,,,,True
Ayo Dosunmu,MIN,185,29.2,-3.200000047683716,26.0,14.9,18.8,12.7,0.5582,5.2,7.2,4.6,0.3679,3.7,4.4,3.6,0.5249,23.8,30.4,20.9,0.378,20.1,26.0,17.3,0.4948,18.6,23.2,16.3,0.3159,0.7,0.8,1.0,0.3162,0.3,0.4,0.30000001192092896,0.0705,1.5,1.8,1.399999976158142,0.4217,False,,,0,,,,,,,,,,,,,,,,,,,True
Vít Krejčí,POR,142,19.8,-1.7999999523162842,18.0,5.5,3.0,8.8,0.7733,3.8,4.8,3.5,0.6339,2.0,2.4,1.5,0.3155,11.3,10.2,13.8,0.6254,9.3,7.8,12.3,0.6677,7.5,5.4,10.3,0.6205,0.5,0.4,0.5,0.2284,0.2,,0.30000001192092896,0.0941,0.7,0.8,1.100000023841858,0.5318,False,,,0,,,,,,,,,,,,,,,,,,,True
Jae'Sean Tate,HOU,157,9.0,2.0,11.0,2.4,2.6,3.8,0.5482,0.7,1.0,1.5,0.4258,0.2,,0.5,0.1183,3.3,,5.8,0.1385,3.1,,5.3,0.284,2.6,,4.3,0.1281,0.3,,0.4,0.1355,,,0.20000000298023224,0.0473,0.4,0.4,0.5,0.5807,False,,,0,,,,,,,,,,,,,,,,,,,True
Anthony Gill,WAS,149,24.4,4.699999809265137,29.100000381469727,7.8,11.8,8.4,0.5069,3.9,4.0,5.0,0.4157,1.7,1.8,2.2,0.1887,13.4,17.6,15.6,0.2764,11.7,15.8,13.4,0.3247,9.5,13.6,10.6,0.2048,1.2,1.4,1.2,0.2497,0.6,0.4,0.699999988079071,0.043,1.3,1.6,1.2999999523162842,0.6717,False,,,0,,,,,,,,,,,,,,,,,,,True
Kylor Kelley,NOP,10,11.1,5.599999904632568,16.600000381469727,3.1,2.6,3.3,0.3504,3.4,3.2,4.6,0.2867,0.4,0.6,0.5,0.1209,6.9,6.4,8.4,0.0511,6.5,5.8,7.9,0.2629,3.5,3.2,3.8,0.262,0.1,0.2,0.4,0.1603,0.2,,0.5,0.0452,0.3,0.4,0.4000000059604645,0.1563,False,,,0,,,,,,,,,,,,,,,,,,,True
Jeff Dowtin Jr.,PHI,52,24.7,2.799999952316284,27.5,16.6,16.2,11.1,0.2049,2.3,1.8,2.4,0.465,2.7,2.6,2.8,0.3566,21.6,20.6,16.3,0.2046,18.9,18.0,13.5,0.3161,19.3,18.8,13.9,0.233,1.4,1.6,1.2,0.3479,0.7,1.2,0.6000000238418579,0.1528,1.0,1.6,1.0,0.3679,False,,,0,,,,,,,,,,,,,,,,,,,True
Braxton Key,GSW,22,2.4,0.10000000149011612,2.5,0.8,1.2,2.0,0.3068,0.9,1.0,1.0,0.4401,0.1,0.2,0.2,0.1364,1.8,2.4,3.2,0.2111,1.7,2.2,3.0,0.2935,0.9,1.4,2.2,0.5406,0.2,0.4,0.3,0.1298,0.1,,0.10000000149011612,0.0888,0.1,,0.4000000059604645,0.8304,False,,,0,,,,,,,,,,,,,,,,,,,True
Pat Spencer,GSW,104,20.9,0.800000011920929,21.700000762939453,9.0,8.8,9.3,0.5503,2.7,3.0,3.0,0.4656,3.5,4.0,3.8,0.3619,15.2,15.8,16.1,0.4262,11.7,11.8,12.3,0.5787,12.5,12.8,13.1,0.6984,0.8,1.0,1.0,0.1978,0.1,,0.20000000298023224,0.1063,1.4,1.2,1.600000023841858,0.3047,False,,,0,7.0,3.9000000000000004,,,,,,,,,,,,,,,,,True
Brandon Williams,DAL,113,20.1,2.799999952316284,22.899999618530273,11.2,9.6,14.0,0.6917,3.1,2.2,3.9,0.4119,4.2,4.8,4.9,0.2966,18.5,16.6,22.8,0.7926,14.3,11.8,17.9,0.7195,15.4,14.4,18.9,0.8717,0.6,0.8,0.9,0.1765,0.7,0.4,0.6000000238418579,0.0987,1.5,1.2,2.4000000953674316,0.7739,False,,,0,,,,,,,,,,,,,,,,,,,True
Lindy Waters III,SAS,128,8.5,-0.10000000149011612,8.399999618530273,3.7,4.6,4.5,0.36,0.7,1.2,1.1,0.5144,0.8,1.4,0.8,0.1045,5.2,7.2,6.4,0.2347,4.4,5.8,5.6,0.4349,4.5,6.0,5.3,0.1743,0.1,,0.3,0.1693,0.1,,0.10000000149011612,0.0611,0.3,0.4,0.5,0.4073,False,,,0,,,,,,,,,,,,,,,,,,,True
Matt Ryan,NYK,46,2.2,-0.30000001192092896,1.899999976158142,1.4,1.6,4.3,0.3513,0.6,0.6,1.6,0.3349,0.1,0.2,0.2,0.2095,2.1,2.4,6.1,0.2473,2.0,2.2,5.9,0.2761,1.5,1.8,4.5,0.3576,0.2,0.2,0.3,0.172,,,0.10000000149011612,0.0507,,,0.4000000059604645,0.5229,False,,,0,,,,,,,,,,,,,,,,,,,True
Jeremiah Robinson-Earl,DAL,126,14.3,-1.399999976158142,12.899999618530273,4.7,4.8,4.8,0.5674,3.7,3.2,3.8,0.4909,0.7,0.6,0.6,0.2279,9.1,8.6,9.2,0.4832,8.4,8.0,8.6,0.4702,5.4,5.4,5.4,0.3682,0.3,0.4,0.4,0.1976,0.1,,0.20000000298023224,0.0757,0.4,0.2,0.30000001192092896,0.5961,False,,,0,,,,,,,,,,,,,,,,,,,True
Brandon Boston,NOP,73,19.7,-1.5,18.200000762939453,7.8,7.6,9.7,0.7477,2.8,2.0,2.6,0.3619,0.9,0.6,0.8,0.1907,11.5,10.2,13.1,0.5646,10.6,9.6,12.3,0.6367,8.7,8.2,10.5,0.7545,0.6,0.8,0.7,0.0934,0.1,,0.10000000149011612,0.1018,0.8,0.4,1.100000023841858,0.6324,False,,,0,,,,,,,,,,,,,,,,,,,True
Josh Christopher,MIA,13,2.3,1.2999999523162842,3.5999999046325684,0.6,1.0,5.1,0.2251,0.4,0.6,1.1,0.3626,0.2,0.2,0.7,0.3207,1.2,1.8,6.9,0.1663,1.0,1.6,6.2,0.3257,0.8,1.2,5.8,0.1699,0.1,0.2,0.5,0.1371,,,0.20000000298023224,0.1144,0.1,0.2,0.4000000059604645,0.4889,False,,,0,,,,,,,,,,,,,,,,,,,True
Herbert Jones,NOP,148,29.5,0.30000001192092896,29.799999237060547,9.4,9.8,11.0,0.2963,2.9,2.0,3.5,0.2509,2.8,3.4,3.1,0.1538,15.1,15.2,17.6,0.099,12.3,11.8,14.5,0.6753,12.2,13.2,14.1,0.5477,1.8,1.2,1.6,0.43,0.7,1.0,0.6000000238418579,0.1179,1.1,0.6,1.399999976158142,0.7386,False,,,0,9.5,2.3000000000000007,4.0,-0.2999999523162842,3.0,0.0,14.25,4.25,12.0,3.5,11.5,3.3000000000000007,2.5,-0.8999999761581421,1.5,-0.8999999761581421,1.5,-0.10000002384185791,True
Trey Murphy III,NOP,173,35.5,0.30000001192092896,35.79999923706055,20.7,18.2,19.7,0.3399,6.0,6.2,5.5,0.3242,4.0,4.2,4.1,0.5564,30.7,28.6,29.3,0.1997,26.7,24.4,25.2,0.2251,24.7,22.4,23.8,0.2175,1.7,1.4,1.5,0.3716,0.6,0.8,0.5,0.1266,1.8,2.2,1.399999976158142,0.2322,False,,,0,,,,,,,,,,,,,,,,,,,True
Jaden Springer,UTA,91,15.1,8.0,23.1,4.3,5.2,5.8,0.2724,2.5,3.4,3.0,0.5973,1.4,1.6,1.7,0.204,8.2,10.2,10.5,0.1052,6.8,8.6,8.8,0.5163,5.7,6.8,7.5,0.1809,0.9,1.0,1.1,0.2228,0.2,,0.30000001192092896,0.2041,0.6,0.8,0.800000011920929,0.3884,False,,,0,,,,,,,,,,,,,,,,,,,True
Franz Wagner,ORL,160,26.3,-2.5,23.799999237060547,18.2,11.6,19.6,0.8814,4.5,3.6,5.5,0.4838,2.9,2.8,3.0,0.5112,25.6,18.0,28.1,0.8312,22.7,15.2,25.1,0.8854,21.1,14.4,22.6,0.7533,1.2,0.6,1.0,0.437,0.2,,0.30000001192092896,0.1331,1.4,1.0,1.7000000476837158,0.7764,False,,,0,,,,,,,,,,,,,,,,,,,True
Ziaire Williams,BKN,168,23.2,-0.30000001192092896,22.899999618530273,14.1,17.2,11.5,0.2344,2.6,2.6,3.2,0.3191,1.5,1.8,1.7,0.3588,18.2,21.6,16.4,0.0997,16.7,19.8,14.7,0.6788,15.6,19.0,13.2,0.415,2.1,2.8,1.6,0.2208,0.1,0.2,0.30000001192092896,0.118,1.4,1.6,1.2000000476837158,0.1905,False,,,0,,,,,,,,,,,,,,,,,,,True
Ochai Agbaji,BKN,202,18.3,-0.20000000298023224,18.100000381469727,7.9,6.2,6.2,0.327,2.4,2.2,2.6,0.1011,0.5,0.6,0.7,0.1099,10.8,9.0,9.5,0.1646,10.3,8.4,8.8,0.3157,8.4,6.8,6.9,0.16,0.5,,0.5,0.0997,0.3,,0.30000001192092896,0.117,0.8,0.2,0.4000000059604645,0.422,False,,,0,,,,,,,,,,,,,,,,,,,True
Sharife Cooper,WAS,34,19.8,-2.200000047683716,17.600000381469727,7.5,9.6,6.9,0.3615,2.8,2.2,3.0,0.2849,3.6,4.6,2.8,0.1811,13.9,16.4,12.7,0.177,10.3,11.8,9.9,0.5444,11.1,14.2,9.7,0.3934,0.3,0.4,0.5,0.2791,0.2,0.4,0.20000000298023224,0.0482,1.3,1.4,1.399999976158142,0.4725,False,,,0,,,,,,,,,,,,,,,,,,,True
Chris Duarte,CHI,75,4.5,-0.4000000059604645,4.099999904632568,1.5,1.4,5.0,0.3476,1.6,1.2,1.9,0.4371,0.6,0.8,0.5,0.1285,3.7,3.4,7.4,0.1738,3.1,2.6,6.9,0.4414,2.1,2.2,5.5,0.5394,,,0.4,0.1455,,,0.10000000149011612,0.0547,0.1,,0.4000000059604645,0.3845,False,,,0,,,,,,,,,,,,,,,,,,,True
Bones Hyland,MIN,126,21.7,3.4000000953674316,25.100000381469727,12.9,14.4,11.0,0.6422,1.0,1.4,1.6,0.3436,2.8,2.6,3.3,0.3269,16.7,18.4,15.9,0.1056,13.9,15.8,12.6,0.3378,15.7,17.0,14.3,0.3359,0.7,1.0,0.9,0.2528,0.4,0.2,0.30000001192092896,0.1527,1.4,1.8,1.5,0.4896,False,,,0,,,,,,,,,,,,,,,,,,,True
Kai Jones,DAL,39,20.0,-4.5,15.600000381469727,10.5,10.2,8.4,0.568,6.3,4.6,4.8,0.6615,1.3,1.4,0.9,0.1236,18.1,16.2,14.1,0.4115,16.8,14.8,13.2,0.4569,11.8,11.6,9.3,0.2141,0.8,1.2,0.5,0.2433,0.9,1.0,0.699999988079071,0.1449,0.5,0.4,0.5,0.7607,False,,,0,,,,,,,,,,,,,,,,,,,True
Miles McBride,NYK,168,28.8,-4.900000095367432,23.899999618530273,12.0,7.4,11.3,0.838,2.6,2.6,2.2,0.6176,3.5,2.6,2.3,0.4669,18.1,12.6,15.8,0.9363,14.6,10.0,13.5,0.832,15.5,10.0,13.6,0.8918,1.2,1.4,0.8,0.1932,0.1,0.2,0.10000000149011612,0.1479,1.0,0.8,1.399999976158142,0.7423,False,,,0,,,,,,,,,,,,,,,,,,,True
Moses Moody,GSW,199,30.8,-4.199999809265137,26.600000381469727,15.7,16.6,16.1,0.7457,4.0,4.0,3.7,0.5658,2.5,3.0,1.9,0.4153,22.2,23.6,21.7,0.7534,19.7,20.6,19.8,0.8488,18.2,19.6,18.0,0.8727,1.0,1.0,0.8,0.256,0.2,,0.20000000298023224,0.1551,1.2,1.4,1.600000023841858,0.6198,False,,,0,,,,,,,,,,,,,,,,,,,True
Isaiah Jackson,LAC,119,18.5,-0.10000000149011612,18.399999618530273,8.9,10.2,8.2,0.3451,5.3,5.6,5.5,0.491,1.7,1.6,1.4,0.1593,15.9,17.4,15.1,0.141,14.2,15.8,13.7,0.2629,10.6,11.8,9.6,0.2362,0.6,0.6,0.7,0.1519,1.5,1.2,1.100000023841858,0.0951,1.0,1.2,0.800000011920929,0.8654,False,,,0,,,,,,,,,,,,,,,,,,,True
Tre Mann,CHA,102,4.6,-0.0,4.599999904632568,1.7,2.6,6.1,0.3476,0.3,,1.6,0.2635,0.5,0.4,0.9,0.2433,2.5,,8.6,0.2496,2.0,,7.7,0.5133,2.2,,7.0,0.2459,0.3,0.4,0.4,0.1535,,,0.10000000149011612,0.0924,0.5,0.6,0.6000000238418579,0.4543,False,,,0,,,,,,,,,,,,,,,,,,,True
Terrence Shannon Jr.,MIN,67,9.2,2.4000000953674316,11.600000381469727,3.5,3.2,6.4,0.4663,0.9,1.6,1.2,0.3395,1.0,0.8,0.9,0.0875,5.4,5.6,8.5,0.242,4.4,4.8,7.6,0.5514,4.5,4.0,7.3,0.3076,0.3,0.6,0.4,0.1509,,,0.10000000149011612,0.0974,0.2,0.2,0.6000000238418579,0.3108,False,,,0,,,,,,,,,,,,,,,,,,,True
James Bouknight,CHA,13,6.1,-0.0,6.099999904632568,3.3,3.4,1.6,0.1074,0.5,,0.6,0.1831,0.6,,0.3,0.3463,4.4,,2.5,0.0697,3.8,,2.2,0.0944,3.9,,1.9,0.0847,0.1,0.2,0.1,0.184,0.1,,0.10000000149011612,0.0855,0.1,0.2,0.0,0.1631,False,,,0,,,,,,,,,,,,,,,,,,,True
Johnny Juzang,MIN,104,5.3,-1.5,3.799999952316284,2.8,1.2,2.2,0.3028,1.3,1.0,0.8,0.3293,0.5,0.4,0.3,0.175,4.6,2.6,3.3,0.0761,4.1,2.2,3.0,0.1095,3.3,1.6,2.5,0.13,0.2,,0.3,0.2028,,,0.10000000149011612,0.0796,0.4,0.6,0.20000000298023224,0.2423,False,,,0,,,,,,,,,,,,,,,,,,,True
Day'Ron Sharpe,BKN,172,19.8,-0.10000000149011612,19.700000762939453,8.7,7.8,11.0,0.8533,6.4,6.6,6.7,0.2657,2.7,3.0,2.7,0.2727,17.8,17.4,20.4,0.8733,15.1,14.4,17.7,0.7028,11.4,10.8,13.7,0.8666,0.9,0.6,1.0,0.3833,0.4,0.2,0.4000000059604645,0.0906,2.2,2.4,2.299999952316284,0.6001,False,,,0,,,,,,,,,,,,,,,,,,,True
JT Thor,WAS,82,18.3,-2.0999999046325684,16.100000381469727,4.0,3.6,3.6,0.4256,3.8,4.6,2.9,0.2857,0.5,0.2,0.6,0.1322,8.3,8.4,7.1,0.3307,7.8,8.2,6.5,0.3627,4.5,3.8,4.2,0.1198,0.5,0.4,0.5,0.3511,0.6,0.6,0.5,0.2359,0.2,0.4,0.30000001192092896,0.6188,False,,,0,,,,,,,,,,,,,,,,,,,True
Justin Champagnie,WAS,141,22.5,1.399999976158142,23.899999618530273,11.0,11.0,14.0,0.8008,4.1,3.6,5.0,0.4963,1.6,1.8,1.5,0.1686,16.7,16.4,20.5,0.7552,15.1,14.6,19.0,0.8404,12.6,12.8,15.5,0.6818,1.0,0.4,0.9,0.1593,0.6,0.4,0.6000000238418579,0.1095,0.7,0.6,1.100000023841858,0.6903,False,,,0,,,,,,,,,,,,,,,,,,,True
Jalen Johnson,ATL,159,36.7,-0.699999988079071,36.0,22.8,23.2,23.5,0.6066,8.8,7.2,8.9,0.5171,8.7,7.2,8.1,0.5306,40.3,37.6,40.5,0.6249,31.6,30.4,32.4,0.4193,31.5,30.4,31.6,0.4201,0.9,0.6,1.0,0.4862,0.3,0.2,0.4000000059604645,0.1246,3.2,3.6,3.4000000953674316,0.7146,False,,,0,,,,,,,,,,,,,,,,,,,True
Keon Johnson,BKN,83,25.8,-1.399999976158142,24.399999618530273,13.6,15.0,11.2,0.4389,3.4,3.8,4.0,0.5127,3.4,4.0,2.7,0.4784,20.4,22.8,17.9,0.4891,17.0,18.8,15.2,0.5903,17.0,19.0,13.9,0.3865,0.9,0.4,0.9,0.2904,0.3,0.2,0.30000001192092896,0.1211,2.5,2.6,1.899999976158142,0.3351,False,,,0,,,,,,,,,,,,,,,,,,,True
Kessler Edwards,DAL,93,25.8,-1.2999999523162842,24.5,10.2,12.6,5.3,0.105,4.2,5.8,3.8,0.2379,1.7,1.0,1.4,0.4708,16.1,19.4,10.5,0.1264,14.4,18.4,9.1,0.1346,11.9,13.6,6.7,0.2819,0.8,0.8,0.6,0.4174,0.8,1.0,0.6000000238418579,0.1278,0.8,1.0,0.30000001192092896,0.2362,False,,,0,,,,,,,,,,,,,,,,,,,True
Corey Kispert,ATL,194,13.8,0.30000001192092896,14.100000381469727,6.4,5.8,8.4,0.0953,2.0,2.0,2.3,0.1755,1.4,1.8,1.5,0.1677,9.8,9.6,12.2,0.0749,8.4,7.8,10.7,0.3516,7.8,7.6,9.9,0.1435,0.1,0.2,0.3,0.149,,,0.20000000298023224,0.0686,0.5,0.6,0.699999988079071,0.7726,False,,,0,,,,,,,,,,,,,,,,,,,True
Davion Mitchell,MIA,211,29.1,-0.699999988079071,28.399999618530273,9.8,7.2,9.4,0.6829,2.9,3.0,3.2,0.4281,5.2,4.6,5.2,0.2118,17.9,14.8,17.8,0.5864,12.7,10.2,12.6,0.6928,15.0,11.8,14.6,0.7141,0.9,1.0,1.0,0.3081,0.2,0.2,0.20000000298023224,0.1369,1.6,2.2,1.399999976158142,0.507,False,,,0,,,,,,,,,,,,,,,,,,,True
Austin Reaves,LAL,204,38.9,-0.8999999761581421,38.0,22.9,24.0,22.0,0.3482,4.4,4.2,4.3,0.5175,6.2,6.4,5.5,0.3836,33.5,34.6,31.8,0.3184,27.3,28.2,26.3,0.2975,29.1,30.4,27.5,0.3254,1.2,1.2,1.1,0.4695,0.5,0.4,0.5,0.3501,2.5,3.0,2.700000047683716,0.8151,False,,,0,21.5,-0.1999999999999993,5.0,-0.6999998092651367,5.5,0.0,29.0,2.1000000000000014,24.5,1.1000003814697266,27.0,-0.1999999999999993,1.5,-0.3999999761581421,1.0,-0.5,,,True
Cam Thomas,MIL,132,14.7,2.200000047683716,16.899999618530273,8.0,8.4,12.0,0.4968,1.1,0.8,1.7,0.4797,2.2,2.8,2.6,0.2572,11.3,12.0,16.3,0.3536,9.1,9.2,13.7,0.6327,10.2,11.2,14.6,0.4607,0.4,0.6,0.5,0.1444,0.2,0.2,0.20000000298023224,0.2127,1.2,1.4,1.5,0.5728,False,,,0,,,,,,,,,,,,,,,,,,,True
Scottie Barnes,TOR,198,30.8,1.0,31.799999237060547,15.8,16.0,17.6,0.68,6.3,5.4,6.2,0.6406,9.0,12.2,8.1,0.3478,31.1,33.6,31.9,0.43,22.1,21.4,23.8,0.5736,24.8,28.2,25.7,0.3435,1.8,2.2,1.9,0.5762,1.4,1.4,1.399999976158142,0.2214,2.7,3.0,2.9000000953674316,0.5961,False,,,0,,,,,,,,,,,,,,,,,,,True
Luka Garza,BOS,129,17.7,1.399999976158142,19.100000381469727,10.7,9.0,10.8,0.7912,4.4,4.4,4.3,0.3678,1.0,1.2,0.9,0.0917,16.1,14.6,16.0,0.5131,15.1,13.4,15.1,0.5258,11.7,10.2,11.7,0.6392,0.4,,0.5,0.1012,0.1,0.2,0.20000000298023224,0.1495,0.9,0.6,1.2000000476837158,0.8642,False,,,0,,,,,,,,,,,,,,,,,,,True
Trendon Watford,PHI,157,19.3,-1.7999999523162842,17.5,9.1,10.6,6.3,0.2678,4.0,4.4,4.1,0.3449,2.8,3.4,2.2,0.2452,15.9,18.4,12.6,0.1315,13.1,15.0,10.4,0.1645,11.9,14.0,8.5,0.1804,0.5,0.2,0.5,0.2488,0.7,0.6,0.5,0.0468,2.0,2.2,1.100000023841858,0.345,False,,,0,,,,,,,,,,,,,,,,,,,True
Sandro Mamukelashvili,TOR,180,19.6,0.8999999761581421,20.5,13.2,17.8,10.9,0.0467,5.2,6.0,4.5,0.4166,1.6,1.2,1.8,0.401,20.0,25.0,17.2,0.1406,18.4,23.8,15.4,0.151,14.8,19.0,12.7,0.1122,1.3,2.0,1.0,0.2469,0.3,0.4,0.4000000059604645,0.0768,1.0,1.0,0.800000011920929,0.3309,False,,,0,,,,,,,,,,,,,,,,,,,True
Sam Hauser,BOS,222,25.0,0.4000000059604645,25.399999618530273,6.3,7.0,9.9,0.6407,3.4,3.2,3.7,0.3592,0.9,0.6,1.1,0.1738,10.6,10.8,14.7,0.5711,9.7,10.2,13.6,0.5245,7.2,7.6,11.0,0.511,0.3,,0.5,0.0794,0.2,0.2,0.30000001192092896,0.1461,0.3,0.4,0.6000000238418579,0.6461,False,,,0,,,,,,,,,,,,,,,,,,,True
Ariel Hukporti,NYK,75,5.8,1.0,6.800000190734863,0.4,0.4,2.8,0.4843,1.7,1.4,2.6,0.2828,0.3,0.4,0.6,0.1741,2.4,2.2,6.0,0.329,2.1,1.8,5.4,0.604,0.7,0.8,3.4,0.6057,0.1,0.2,0.3,0.1442,0.1,,0.20000000298023224,0.0665,0.7,0.4,0.800000011920929,0.621,False,,,0,,,,,,,,,,,,,,,,,,,True
Julian Champagnie,SAS,231,26.9,-0.5,26.399999618530273,10.5,10.0,12.5,0.8277,5.4,6.4,5.4,0.4356,1.4,1.4,1.5,0.117,17.3,17.8,19.4,0.704,15.9,16.4,17.9,0.7567,11.9,11.4,14.0,0.7296,0.8,0.8,0.8,0.1314,0.5,0.2,0.6000000238418579,0.0975,0.9,0.4,1.2000000476837158,0.7859,False,,,0,10.5,2.5,5.5,-0.09999990463256836,1.5,-0.10000000000000009,18.5,1.3000000000000007,14.5,3.8999996185302734,12.0,2.4000000000000004,1.5,-0.699999988079071,,,0.5,0.7000000476837158,True
Alperen Sengun,HOU,205,33.1,-0.699999988079071,32.400001525878906,21.1,25.2,21.0,0.6763,8.4,9.0,8.4,0.6732,6.7,7.4,6.2,0.5311,36.2,41.6,35.6,0.5449,29.5,34.2,29.4,0.4554,27.8,32.6,27.2,0.4211,1.0,1.4,1.1,0.211,1.4,2.2,1.2000000476837158,0.3524,2.2,1.2,2.200000047683716,0.3199,False,,,0,,,,,,,,,,,,,,,,,,,True
Jericho Sims,MIL,158,22.0,2.0999999046325684,24.100000381469727,6.0,8.0,5.7,0.1287,5.8,6.6,7.1,0.3271,1.5,1.8,2.0,0.1771,13.3,16.4,14.8,0.0705,11.8,14.6,12.8,0.1718,7.5,9.8,7.7,0.2391,0.4,0.8,0.6,0.1577,0.1,0.2,0.30000001192092896,0.125,1.6,2.0,1.2000000476837158,0.408,False,,,0,,,,,,,,,,,,,,,,,,,True
Josh Giddey,CHI,202,36.0,-1.2999999523162842,34.70000076293945,16.3,14.0,12.7,0.0131,8.9,8.4,8.5,0.4134,12.3,13.0,9.2,0.5225,37.5,35.4,30.4,0.1908,25.2,22.4,21.2,0.0905,28.6,27.0,21.9,0.069,1.3,1.0,0.9,0.4704,0.8,1.4,0.699999988079071,0.2393,3.9,4.2,2.5,0.2773,False,,,0,,,,,,,,,,,,,,,,,,,True
Santi Aldama,MEM,168,28.7,-2.299999952316284,26.399999618530273,13.3,14.8,14.8,0.4922,6.7,6.4,6.6,0.518,3.0,3.2,2.7,0.2657,23.0,24.4,24.1,0.6444,20.0,21.2,21.4,0.5489,16.3,18.0,17.5,0.3699,0.4,0.4,0.7,0.2711,0.9,0.6,0.6000000238418579,0.2156,1.3,0.8,1.2999999523162842,0.5069,False,,,0,,,,,,,,,,,,,,,,,,,True
Isaiah Livers,PHX,58,8.2,-1.7999999523162842,6.400000095367432,0.8,0.4,0.7,0.1172,0.8,0.8,0.7,0.3174,0.4,,0.3,0.2363,2.0,,1.7,0.1679,1.6,,1.4,0.3416,1.2,,1.0,0.1409,0.1,0.2,0.1,0.1792,0.1,,0.0,0.1222,0.2,,0.0,0.1719,False,,,0,,,,,,,,,,,,,,,,,,,True
Scotty Pippen Jr.,MEM,109,22.0,0.8999999761581421,23.0,11.4,10.6,10.6,0.5409,2.0,2.6,2.6,0.2448,5.1,5.0,5.3,0.2769,18.5,18.2,18.5,0.1078,13.4,13.2,13.2,0.2879,16.5,15.6,15.9,0.189,1.8,2.0,1.5,0.3786,0.4,0.2,0.4000000059604645,0.0842,2.5,3.4,2.0999999046325684,0.3393,False,,,0,,,,,,,,,,,,,,,,,,,True
Jalen Suggs,ORL,160,31.5,0.4000000059604645,31.899999618530273,14.0,12.8,16.7,0.9374,4.3,3.8,4.1,0.5013,5.2,4.6,5.4,0.3276,23.5,21.2,26.2,0.8376,18.3,16.6,20.8,0.8699,19.2,17.4,22.1,0.8189,1.6,1.6,1.6,0.5539,0.5,0.6,0.6000000238418579,0.1345,3.1,3.6,3.299999952316284,0.6527,False,,,0,,,,,,,,,,,,,,,,,,,True
Jalen Wilson,BKN,170,16.6,0.8999999761581421,17.5,7.5,11.0,9.1,0.4248,2.7,4.0,3.7,0.5316,1.0,1.0,1.1,0.208,11.2,16.0,13.9,0.1534,10.2,15.0,12.8,0.509,8.5,12.0,10.2,0.2227,0.2,0.2,0.5,0.2052,,,0.20000000298023224,0.0742,0.7,1.2,1.2000000476837158,0.2908,False,,,0,,,,,,,,,,,,,,,,,,,True
Cade Cunningham,DET,192,34.6,0.20000000298023224,34.79999923706055,22.4,21.0,23.5,0.7277,5.0,4.0,5.4,0.6741,11.5,12.4,9.2,0.4314,38.9,37.4,38.1,0.6053,27.4,25.0,28.9,0.5601,33.9,33.4,32.7,0.495,1.6,1.6,1.5,0.5367,0.5,0.2,0.6000000238418579,0.3418,4.3,3.4,3.9000000953674316,0.7607,False,,,0,,,,,,,,,,,,,,,,,,,True
Evan Mobley,CLE,181,31.3,0.5,31.799999237060547,22.0,20.4,16.2,0.0421,10.9,9.8,9.0,0.2716,3.4,3.8,2.8,0.1655,36.3,34.0,28.0,0.0527,32.9,30.2,25.2,0.0354,25.4,24.2,19.0,0.0374,0.5,0.6,0.6,0.102,1.5,1.2,1.5,0.3262,1.5,1.8,1.2000000476837158,0.2406,False,,,0,18.0,-5.6,8.75,0.05000019073486328,4.5,-1.6,29.5,-5.399999999999999,27.0,-5.799999237060547,24.5,-9.2,1.0,-0.3999999761581421,2.0,-0.5,1.5,-0.2999999523162842,True
Aaron Wiggins,OKC,212,16.9,-2.0,14.899999618530273,6.5,7.6,9.1,0.4662,2.6,3.0,2.5,0.4846,0.8,0.8,1.1,0.2836,9.9,11.4,12.7,0.2402,9.1,10.6,11.6,0.6782,7.3,8.4,10.2,0.28,0.6,0.8,0.5,0.1389,0.1,,0.10000000149011612,0.1106,1.1,1.6,0.800000011920929,0.453,False,,,0,,,,,,,,,,,,,,,,,,,True
Isaiah Mobley,PHI,10,7.2,-0.699999988079071,6.5,2.3,2.6,3.5,0.6552,1.0,0.8,1.3,0.4039,0.6,,0.9,0.1526,3.9,,5.7,0.1029,3.3,,4.8,0.2637,2.9,,4.4,0.2144,0.2,0.2,0.4,0.1631,,,0.10000000149011612,0.0749,0.2,0.2,0.30000001192092896,0.3274,False,,,0,,,,,,,,,,,,,,,,,,,True
E.J. Liddell,BKN,40,14.5,0.800000011920929,15.300000190734863,3.0,2.0,4.0,0.6097,2.7,2.0,2.6,0.7111,1.5,1.4,1.1,0.1471,7.2,5.4,7.7,0.1596,5.7,4.0,6.6,0.5077,4.5,3.4,5.1,0.1506,0.2,,0.4,0.3036,0.8,0.6,0.6000000238418579,0.0648,0.8,0.4,0.699999988079071,0.6814,False,,,0,,,,,,,,,,,,,,,,,,,True
DeJon Jarreau,MEM,19,21.0,3.0,24.0,8.4,10.4,8.7,0.5488,4.9,4.8,5.3,0.5609,3.4,3.0,3.6,0.1581,16.7,18.2,17.6,0.3882,13.3,15.2,14.0,0.3122,11.8,13.4,12.3,0.2315,0.8,1.0,0.9,0.269,0.6,0.8,0.6000000238418579,0.0614,2.2,2.2,2.0,0.3537,False,,,0,,,,,,,,,,,,,,,,,,,True
Gui Santos,GSW,142,31.7,1.2000000476837158,32.900001525878906,17.4,17.8,13.3,0.1458,4.4,4.0,5.5,0.4769,4.2,4.2,4.6,0.366,26.0,26.0,23.4,0.2682,21.8,21.8,18.8,0.1555,21.6,22.0,17.9,0.1364,1.0,1.2,1.3,0.3495,0.3,0.4,0.4000000059604645,0.0771,2.9,3.2,2.299999952316284,0.784,False,,,0,13.5,1.5,6.0,-0.8000001907348633,4.0,0.9000000000000004,24.0,1.1000000000000014,22.0,-1.7999992370605469,17.5,2.3999999999999986,1.5,-0.20000004768371582,0.5,-0.09999999403953552,1.5,0.7999999523162842,True
Moussa Cisse,DAL,34,15.0,-0.10000000149011612,14.899999618530273,4.2,3.2,6.0,0.6935,5.8,7.4,8.2,0.3522,0.3,0.2,0.4,0.0705,10.3,10.8,14.6,0.3796,10.0,10.6,14.2,0.4582,4.5,3.4,6.4,0.5583,0.4,0.4,0.5,0.2122,1.1,0.8,1.2999999523162842,0.1997,0.7,0.6,1.0,0.5925,False,,,0,,,,,,,,,,,,,,,,,,,True
Tyson Etienne,BKN,25,17.4,2.9000000953674316,20.299999237060547,9.7,11.0,6.8,0.1069,1.2,0.6,2.1,0.384,2.1,2.4,1.8,0.0848,13.0,14.0,10.7,0.0487,10.9,11.6,8.9,0.1283,11.8,13.4,8.6,0.0653,0.6,0.8,0.8,0.2789,,,0.20000000298023224,0.0968,0.8,0.4,0.800000011920929,0.2905,False,,,0,,,,,,,,,,,,,,,,,,,True
Dalano Banton,BOS,125,22.3,-8.0,14.3,10.7,5.8,7.5,0.5691,2.0,1.2,1.4,0.4177,3.1,2.0,2.2,0.3749,15.8,9.0,11.1,0.5576,12.7,7.0,8.9,0.6097,13.8,7.8,9.7,0.64,0.4,0.4,0.5,0.3009,0.4,0.2,0.30000001192092896,0.0968,2.0,0.8,1.5,0.7748,False,,,0,,,,,,,,,,,,,,,,,,,True
Jose Alvarado,NYK,177,14.2,0.20000000298023224,14.399999618530273,5.4,5.6,7.2,0.3666,1.3,1.4,1.7,0.533,4.0,3.0,3.8,0.2058,10.7,10.0,12.7,0.1093,6.7,7.0,8.9,0.5228,9.4,8.6,11.0,0.3195,0.6,0.2,0.7,0.2034,,,0.10000000149011612,0.0765,1.3,1.4,1.2000000476837158,0.6652,False,,,0,,,,,,,,,,,,,,,,,,,True
A.J. Lawson,TOR,85,7.9,6.599999904632568,14.5,3.8,5.4,4.2,0.1019,1.4,1.6,2.3,0.2858,0.4,0.4,0.7,0.0641,5.6,7.4,7.2,0.0373,5.2,7.0,6.5,0.2946,4.2,5.8,4.9,0.2102,0.5,0.8,0.6,0.1201,,,0.20000000298023224,0.0979,0.4,0.2,0.5,0.0861,False,,,0,,,,,,,,,,,,,,,,,,,True
Ibou Badji,POR,21,5.6,1.0,6.599999904632568,1.1,1.2,2.2,0.5432,0.8,1.0,2.3,0.321,0.5,0.2,0.7,0.1969,2.4,2.4,5.2,0.386,1.9,2.2,4.5,0.3087,1.6,1.4,2.9,0.2058,,,0.3,0.2361,0.4,0.2,0.699999988079071,0.0807,0.5,0.2,0.800000011920929,0.3437,False,,,0,,,,,,,,,,,,,,,,,,,True
Jay Huff,IND,159,20.7,0.4000000059604645,21.100000381469727,9.2,8.0,12.4,0.6956,3.2,4.4,4.0,0.3274,1.2,1.8,1.4,0.127,13.6,14.2,17.8,0.5123,12.4,12.4,16.4,0.5692,10.4,9.8,13.8,0.6053,0.3,0.2,0.6,0.1513,1.3,1.0,1.399999976158142,0.1299,0.8,0.8,1.2000000476837158,0.7466,False,,,0,,,,,,,,,,,,,,,,,,,True
Eugene Omoruyi,WAS,42,13.4,1.100000023841858,14.600000381469727,4.3,5.4,7.3,0.5217,2.0,2.2,2.5,0.3562,0.7,0.4,0.7,0.1407,7.0,8.0,10.5,0.2512,6.3,7.6,9.8,0.5755,5.0,5.8,8.0,0.5343,0.8,1.0,0.8,0.1422,0.4,0.6,0.30000001192092896,0.1808,0.6,0.6,0.8999999761581421,0.5473,False,,,0,,,,,,,,,,,,,,,,,,,True
Stanley Umude,SAS,47,4.3,-1.399999976158142,2.9000000953674316,0.9,1.0,1.9,0.5576,0.4,0.8,0.9,0.3856,0.2,0.4,0.3,0.1252,1.5,2.2,3.1,0.1197,1.3,1.8,2.8,0.28,1.1,1.4,2.2,0.2093,0.1,,0.2,0.1737,0.4,0.8,0.30000001192092896,0.0806,0.2,0.2,0.30000001192092896,0.4132,False,,,0,,,,,,,,,,,,,,,,,,,True
Colin Castleton,ORL,42,21.9,-2.4000000953674316,19.600000381469727,6.6,7.6,7.4,0.8063,5.8,7.2,5.9,0.4547,1.4,1.4,1.3,0.1981,13.8,16.2,14.6,0.6865,12.4,14.8,13.3,0.7633,8.0,9.0,8.7,0.7657,0.5,0.2,0.5,0.1805,0.4,0.2,0.5,0.086,0.8,0.2,1.100000023841858,0.8338,False,,,0,,,,,,,,,,,,,,,,,,,True
Terry Taylor,SAC,33,3.1,2.0,5.099999904632568,0.8,0.8,0.6,0.0465,0.4,0.4,0.9,0.3551,0.4,0.4,0.4,0.1239,1.6,1.6,1.9,0.0789,1.2,1.2,1.5,0.2167,1.2,1.2,1.0,0.2856,0.1,0.2,0.1,0.1928,,,0.0,0.0677,,,0.0,0.1177,False,,,0,,,,,,,,,,,,,,,,,,,True
Ethan Thompson,IND,25,16.4,2.299999952316284,18.700000762939453,5.5,8.4,9.2,0.6809,1.7,2.0,3.8,0.4232,1.2,1.8,1.6,0.2504,8.4,12.2,14.6,0.4754,7.2,10.4,13.0,0.4935,6.7,10.2,10.8,0.5884,0.7,1.0,0.9,0.2285,0.3,0.4,0.30000001192092896,0.0693,0.7,0.8,1.600000023841858,0.7544,False,,,0,,,,,,,,,,,,,,,,,,,True
Ish Wainright,PHX,10,6.1,-3.0999999046325684,3.0,2.3,4.0,0.9,0.1961,1.4,2.2,0.8,0.3451,0.1,0.2,0.1,0.0977,3.8,6.4,1.8,0.2279,3.7,6.2,1.7,0.1421,2.4,4.2,1.0,0.0692,0.4,0.6,0.2,0.2002,0.1,0.2,0.0,0.1219,0.2,0.4,0.0,0.1251,False,,,0,,,,,,,,,,,,,,,,,,,True
Jordan Goodwin,PHX,151,24.8,0.8999999761581421,25.700000762939453,7.7,9.8,10.4,0.5824,6.4,7.0,5.8,0.502,2.2,3.0,2.3,0.1905,16.3,19.8,18.5,0.6251,14.1,16.8,16.2,0.7844,9.9,12.8,12.7,0.5027,2.0,2.4,1.9,0.2649,0.2,0.2,0.30000001192092896,0.1002,1.0,1.6,1.2000000476837158,0.6888,False,,,0,,,,,,,,,,,,,,,,,,,True
Micah Potter,IND,94,14.9,2.799999952316284,17.700000762939453,9.0,10.6,9.5,0.2351,3.7,4.0,4.6,0.3234,0.8,1.0,1.3,0.1079,13.5,15.6,15.4,0.1604,12.7,14.6,14.1,0.1532,9.8,11.6,10.8,0.1158,0.3,0.2,0.5,0.088,0.3,0.4,0.5,0.1014,0.5,0.6,0.699999988079071,0.4964,False,,,0,,,,,,,,,,,,,,,,,,,True
Dru Smith,MIA,91,14.6,-4.0,10.600000381469727,4.7,3.6,3.7,0.2986,2.3,1.8,2.0,0.5464,2.2,2.0,1.9,0.3127,9.2,7.4,7.6,0.5721,7.0,5.4,5.7,0.7891,6.9,5.6,5.6,0.3576,1.3,,0.9,0.4672,0.2,0.2,0.20000000298023224,0.0618,0.7,0.6,0.4000000059604645,0.7864,False,,,0,,,,,,,,,,,,,,,,,,,True
MarJon Beauchamp,PHI,94,16.7,-4.800000190734863,11.899999618530273,7.9,8.2,5.1,0.3059,2.7,2.6,2.2,0.3762,1.0,1.2,1.0,0.0964,11.6,12.0,8.3,0.1314,10.6,10.8,7.3,0.2036,8.9,9.4,6.1,0.0617,0.6,0.4,0.5,0.2028,0.4,0.4,0.20000000298023224,0.0554,1.3,1.2,0.6000000238418579,0.3046,False,,,0,,,,,,,,,,,,,,,,,,,True
Dyson Daniels,ATL,208,32.7,0.699999988079071,33.400001525878906,13.9,16.0,14.9,0.8279,7.1,7.2,7.5,0.3903,4.6,4.8,5.0,0.1711,25.6,28.0,27.4,0.7514,21.0,23.2,22.4,0.7991,18.5,20.8,19.9,0.5344,2.2,2.2,2.0,0.4461,0.4,0.6,0.4000000059604645,0.1108,1.5,1.6,1.7000000476837158,0.4115,False,,,0,,,,,,,,,,,,,,,,,,,True
Jaden Hardy,WAS,183,21.6,-0.6000000238418579,21.0,13.9,16.2,12.0,0.394,1.7,2.2,1.8,0.3257,0.8,0.6,1.0,0.336,16.4,19.0,14.8,0.1873,15.6,18.4,13.8,0.4242,14.7,16.8,13.0,0.338,0.3,,0.4,0.1016,0.2,,0.20000000298023224,0.0881,1.7,1.2,1.399999976158142,0.1954,False,,,0,,,,,,,,,,,,,,,,,,,True
Scoot Henderson,POR,152,24.6,0.4000000059604645,25.0,15.1,15.8,15.0,0.5389,2.9,2.8,3.1,0.4374,3.6,4.0,3.8,0.4423,21.6,22.6,21.9,0.5855,18.0,18.6,18.1,0.6432,18.7,19.8,18.8,0.7516,1.3,1.6,1.1,0.2095,0.3,,0.30000001192092896,0.12,2.3,1.6,2.5,0.5406,False,,,0,16.5,0.6000000000000014,4.0,-0.7999999523162842,5.5,-1.5,23.5,0.8000000000000007,19.5,0.7999992370605469,23.0,-1.8999999999999986,1.0,0.10000002384185791,0.5,-0.19999998807907104,2.5,0.0,True
Keaton Wallace,ATL,80,4.5,-0.699999988079071,3.799999952316284,2.3,2.6,5.4,0.3233,0.5,0.6,1.4,0.3758,0.5,0.6,0.8,0.0664,3.3,3.8,7.6,0.2248,2.8,3.2,6.8,0.4339,2.8,3.2,6.2,0.4133,,,0.4,0.1217,,,0.10000000149011612,0.0908,0.3,0.6,0.6000000238418579,0.5367,False,,,0,,,,,,,,,,,,,,,,,,,True
Olivier Sarr,CLE,15,4.4,-0.5,4.0,2.2,2.8,1.9,0.1337,1.6,1.8,2.2,0.3447,0.1,,0.3,0.1081,3.9,,4.4,0.2177,3.8,,4.1,0.2101,2.3,,2.2,0.116,,,0.3,0.1891,0.2,0.4,0.4000000059604645,0.0719,0.1,0.2,0.20000000298023224,0.3689,False,,,0,,,,,,,,,,,,,,,,,,,True
Jaden Ivey,CHI,143,20.0,5.599999904632568,25.600000381469727,8.7,10.6,9.9,0.3118,3.1,4.4,4.1,0.7299,2.0,3.0,2.2,0.4579,13.8,18.0,16.2,0.4602,11.8,15.0,14.0,0.3509,10.7,13.6,12.1,0.2274,1.0,2.0,1.1,0.2157,0.3,0.2,0.4000000059604645,0.1032,1.5,1.4,1.5,0.1564,False,,,0,,,,,,,,,,,,,,,,,,,True
Paolo Banchero,ORL,191,35.2,-0.0,35.20000076293945,24.6,26.6,22.0,0.6632,6.9,6.6,7.9,0.6238,5.7,5.8,5.8,0.5608,37.2,39.0,35.7,0.6294,31.5,33.2,29.9,0.4826,30.3,32.4,27.8,0.2614,0.7,0.4,0.7,0.2867,0.5,0.2,0.5,0.154,3.6,4.0,2.9000000953674316,0.4477,False,,,0,,,,,,,,,,,,,,,,,,,True
Jabari Smith Jr.,HOU,204,38.2,-2.299999952316284,35.900001525878906,17.0,15.6,18.3,0.5584,7.4,8.6,6.8,0.4555,2.4,2.2,2.0,0.2076,26.8,26.4,27.1,0.6749,24.4,24.2,25.1,0.6299,19.4,17.8,20.3,0.6414,0.5,0.4,0.7,0.2463,0.8,0.8,0.699999988079071,0.1654,1.6,2.2,1.7000000476837158,0.4653,False,,,0,,,,,,,,,,,,,,,,,,,True
Chet Holmgren,OKC,178,28.9,0.8999999761581421,29.799999237060547,16.7,14.4,18.3,0.3524,8.4,7.0,9.8,0.6849,1.4,1.4,1.6,0.1508,26.5,22.8,29.7,0.645,25.1,21.4,28.1,0.6592,18.1,15.8,19.9,0.2321,0.5,0.4,0.7,0.1945,1.2,1.6,1.2999999523162842,0.1872,1.3,1.4,1.2999999523162842,0.2876,False,,,0,15.5,1.1000000000000014,8.0,1.6000003814697266,1.5,0.0,25.5,2.1999999999999993,23.5,2.700000762939453,19.5,-1.3999999999999986,1.0,-0.30000001192092896,2.5,-1.2000000476837158,1.5,-0.20000004768371582,True
Bennedict Mathurin,LAC,178,29.8,-0.10000000149011612,29.700000762939453,21.3,21.6,15.6,0.1221,5.5,5.4,5.5,0.2741,2.0,2.4,2.1,0.2205,28.8,29.4,23.2,0.1429,26.8,27.0,21.1,0.0897,23.3,24.0,17.7,0.0426,0.7,0.6,0.8,0.1934,0.4,0.4,0.4000000059604645,0.0666,1.9,2.2,1.7000000476837158,0.717,False,,,0,16.5,-2.3000000000000007,6.0,-0.5999999046325684,3.0,-0.8999999999999999,22.5,-0.8000000000000007,23.0,-3.3999996185302734,18.5,-2.1999999999999993,1.5,-0.699999988079071,0.5,-0.09999999403953552,1.5,0.20000004768371582,True
Johnny Davis,WAS,83,4.9,0.30000001192092896,5.199999809265137,1.3,1.2,1.4,0.1178,0.6,1.2,0.7,0.2422,0.2,0.4,0.2,0.2164,2.1,2.8,2.3,0.0387,1.9,2.4,2.1,0.2259,1.5,1.6,1.6,0.1177,0.3,0.4,0.1,0.1681,,,0.10000000149011612,0.104,0.3,0.4,0.10000000149011612,0.1005,False,,,0,,,,,,,,,,,,,,,,,,,True
Keegan Murray,SAC,175,33.7,0.6000000238418579,34.29999923706055,13.7,15.2,13.7,0.2533,4.6,5.4,5.5,0.4298,1.9,2.2,1.9,0.3559,20.2,22.8,21.1,0.137,18.3,20.6,19.2,0.3357,15.6,17.4,15.6,0.2615,0.4,0.4,0.7,0.3788,1.2,1.6,1.2999999523162842,0.1279,1.3,2.0,1.2000000476837158,0.3546,False,,,0,,,,,,,,,,,,,,,,,,,True
AJ Griffin,ATL,19,7.8,0.6000000238418579,8.399999618530273,1.0,1.0,3.8,0.4999,1.3,1.2,2.2,0.2514,0.3,0.2,0.3,0.2227,2.6,2.4,6.3,0.624,2.3,2.2,6.0,0.2381,1.3,1.2,4.1,0.351,,,0.4,0.1637,0.1,,0.10000000149011612,0.111,0.3,0.2,0.5,0.5936,False,,,0,,,,,,,,,,,,,,,,,,,True
Shaedon Sharpe,POR,151,32.2,-0.5,31.700000762939453,22.9,21.0,13.8,0.168,4.8,3.0,4.0,0.2921,2.8,2.4,3.4,0.6964,30.5,26.4,21.2,0.1564,27.7,24.0,17.8,0.1128,25.7,23.4,17.2,0.0424,1.4,0.8,1.0,0.5535,0.1,0.2,0.20000000298023224,0.2404,3.5,2.8,1.399999976158142,0.2397,False,,,0,,,,,,,,,,,,,,,,,,,True
TyTy Washington Jr.,LAC,37,6.4,-1.2000000476837158,5.199999809265137,2.1,0.8,0.5,0.1168,0.3,0.2,0.1,0.378,1.4,1.0,0.9,0.1859,3.8,2.0,1.5,0.1377,2.4,1.0,0.6,0.1902,3.5,1.8,1.4,0.2281,0.4,,0.2,0.195,0.2,,0.0,0.0337,0.3,0.4,0.10000000149011612,0.1538,False,,,0,,,,,,,,,,,,,,,,,,,True
Malaki Branham,WAS,149,11.0,1.0,12.0,4.7,5.0,6.6,0.6279,1.5,1.4,1.8,0.3166,1.1,0.4,1.0,0.2763,7.3,6.8,9.4,0.2701,6.2,6.4,8.4,0.439,5.8,5.4,7.6,0.311,0.8,0.4,0.6,0.2807,0.2,,0.20000000298023224,0.0599,0.4,0.2,0.699999988079071,0.7625,False,,,0,,,,,,,,,,,,,,,,,,,True
Blake Wesley,POR,146,11.3,0.20000000298023224,11.5,5.4,5.8,2.6,0.0305,1.0,1.6,0.4,0.2304,1.7,1.8,1.5,0.1604,8.1,9.2,4.5,0.0171,6.4,7.4,3.0,0.0538,7.1,7.6,4.1,0.0654,0.1,,0.1,0.2042,0.3,0.4,0.10000000149011612,0.0844,1.1,1.0,0.4000000059604645,0.2016,False,,,0,,,,,,,,,,,,,,,,,,,True
Jalen Duren,DET,203,29.2,2.700000047683716,31.899999618530273,23.3,21.8,25.0,0.8376,11.0,10.8,11.5,0.4848,2.3,3.8,2.4,0.5795,36.6,36.4,38.9,0.8531,34.3,32.6,36.5,0.8411,25.6,25.6,27.4,0.8416,0.6,0.6,0.8,0.157,0.9,1.0,1.100000023841858,0.1665,2.1,3.0,2.200000047683716,0.6,False,,,0,,,,,,,,,,,,,,,,,,,True
Tari Eason,HOU,132,24.5,2.0999999046325684,26.600000381469727,9.1,11.0,11.5,0.1944,7.0,6.8,7.0,0.5217,1.2,1.2,1.6,0.1391,17.3,19.0,20.1,0.2781,16.1,17.8,18.5,0.2057,10.3,12.2,13.1,0.0598,1.0,1.0,1.1,0.1818,0.4,0.4,0.5,0.0806,1.3,0.2,1.100000023841858,0.4024,False,,,0,,,,,,,,,,,,,,,,,,,True
Nikola Jović,MIA,137,12.7,-2.200000047683716,10.5,4.2,2.6,5.9,0.6133,2.2,1.2,2.2,0.2352,0.7,0.8,0.7,0.1328,7.1,4.6,8.8,0.5847,6.4,3.8,8.1,0.4623,4.9,3.4,6.6,0.4494,0.3,0.4,0.3,0.2277,0.3,0.2,0.20000000298023224,0.0798,0.5,0.2,0.6000000238418579,0.6487,False,,,0,,,,,,,,,,,,,,,,,,,True
Max Christie,DAL,215,28.4,-0.5,27.899999618530273,9.8,7.8,11.6,0.6715,2.2,2.8,2.8,0.4096,1.1,1.0,1.3,0.1881,13.1,11.6,15.7,0.3778,12.0,10.6,14.4,0.6796,10.9,8.8,12.9,0.4639,1.0,1.0,0.8,0.2254,0.6,0.8,0.4000000059604645,0.1765,1.6,1.0,1.5,0.4248,False,,,0,,,,,,,,,,,,,,,,,,,True
Mark Williams,PHX,118,21.8,-4.800000190734863,17.0,9.7,6.4,10.9,0.5854,8.1,7.8,7.5,0.69,0.6,0.4,0.7,0.2748,18.4,14.6,19.1,0.7688,17.8,14.2,18.4,0.8239,10.3,6.8,11.6,0.4024,0.3,0.2,0.4,0.1615,0.5,0.6,0.699999988079071,0.1254,0.8,1.0,0.800000011920929,0.6058,False,,,0,,,,,,,,,,,,,,,,,,,True
Jeremy Sochan,NYK,168,5.2,-0.6000000238418579,4.599999904632568,2.1,3.2,3.2,0.4085,1.9,2.2,1.2,0.2585,0.5,0.6,0.2,0.1233,4.5,6.0,4.6,0.2139,4.0,5.4,4.4,0.3049,2.6,3.8,3.4,0.7359,0.4,0.8,0.2,0.1242,,,0.10000000149011612,0.1406,0.2,0.4,0.4000000059604645,0.5871,False,,,0,,,,,,,,,,,,,,,,,,,True
Wendell Moore Jr.,DET,65,17.2,-2.0999999046325684,15.100000381469727,4.3,3.6,3.1,0.1435,2.2,1.6,2.2,0.2314,1.1,1.0,0.8,0.1412,7.6,6.2,6.1,0.4467,6.5,5.2,5.3,0.4481,5.4,4.6,3.9,0.4118,0.8,0.4,0.4,0.1285,0.2,0.2,0.10000000149011612,0.0515,1.1,0.2,0.30000001192092896,0.2699,False,,,0,,,,,,,,,,,,,,,,,,,True
Kendall Brown,IND,14,3.4,-0.0,3.4000000953674316,0.9,1.0,2.5,0.4505,0.2,0.4,1.0,0.3959,0.3,0.2,0.4,0.1348,1.4,1.6,3.9,0.1292,1.1,1.4,3.5,0.45,1.2,1.2,2.9,0.4376,,,0.3,0.1706,,,0.20000000298023224,0.0823,0.1,,0.4000000059604645,0.412,False,,,0,,,,,,,,,,,,,,,,,,,True
Jalen Williams,OKC,169,25.5,0.699999988079071,26.200000762939453,17.2,18.8,17.6,0.8471,3.7,4.0,4.1,0.3175,5.3,4.6,5.3,0.3379,26.2,27.4,27.0,0.2022,20.9,22.8,21.7,0.335,22.5,23.4,22.9,0.5842,0.7,0.4,0.9,0.2498,0.2,,0.20000000298023224,0.0936,1.7,1.6,1.7000000476837158,0.5642,False,,,0,19.0,-0.8999999999999986,4.5,-0.3000001907348633,5.0,0.09999999999999964,24.5,2.8999999999999986,23.5,-1.2000007629394531,23.5,-0.3000000000000007,1.5,-0.6000000238418579,0.5,-0.29999999701976776,1.5,0.20000004768371582,True
Orlando Robinson,ORL,83,18.6,-8.0,10.6,7.7,5.4,5.8,0.2672,4.7,4.4,4.1,0.4585,1.9,1.6,1.4,0.3919,14.3,11.4,11.3,0.6058,12.4,9.8,9.9,0.7571,9.6,7.0,7.2,0.2616,0.4,0.2,0.2,0.3088,0.2,,0.20000000298023224,0.0951,0.8,0.8,0.20000000298023224,0.3608,False,,,0,,,,,,,,,,,,,,,,,,,True
Patrick Baldwin Jr.,SAC,70,8.1,3.799999952316284,12.0,3.4,3.6,3.9,0.255,2.2,3.4,2.7,0.3808,0.5,0.8,0.6,0.0376,6.1,7.8,7.2,0.0457,5.6,7.0,6.6,0.3741,3.9,4.4,4.5,0.1283,0.2,0.4,0.5,0.1532,0.4,0.8,0.5,0.0807,0.3,0.4,0.4000000059604645,0.3081,False,,,0,,,,,,,,,,,,,,,,,,,True
Walker Kessler,UTA,126,28.3,2.200000047683716,30.5,11.0,15.8,11.7,0.0854,10.0,10.6,11.8,0.525,2.8,3.0,2.6,0.3066,23.8,29.4,26.1,0.4042,21.0,26.4,23.5,0.231,13.8,18.8,14.3,0.1165,1.1,1.6,1.0,0.2561,2.0,2.2,1.7000000476837158,0.312,2.1,2.6,2.200000047683716,0.3647,False,,,0,,,,,,,,,,,,,,,,,,,True
Jaylin Williams,OKC,176,18.7,-1.5,17.200000762939453,9.4,7.4,7.2,0.366,5.5,5.0,6.0,0.5633,1.7,1.4,1.9,0.3284,16.6,13.8,15.1,0.6843,14.9,12.4,13.2,0.5395,11.1,8.8,9.1,0.4335,0.4,0.6,0.5,0.1641,0.6,0.8,0.5,0.1009,0.6,0.4,0.6000000238418579,0.2945,False,,,0,9.5,-2.9000000000000004,5.0,0.40000009536743164,3.0,-1.3,10.5,3.1999999999999993,14.5,-2.5,9.5,-1.1999999999999993,1.0,-0.5,0.5,0.0,0.5,0.10000002384185791,True
JD Davison,HOU,49,9.5,-2.799999952316284,6.699999809265137,3.0,3.2,1.5,0.0815,1.8,1.6,0.9,0.4081,1.4,1.6,1.0,0.1094,6.2,6.4,3.4,0.0515,4.8,4.8,2.4,0.0615,4.4,4.8,2.5,0.1044,0.1,,0.1,0.1675,0.2,,0.10000000149011612,0.0655,0.2,0.4,0.0,0.0972,False,,,0,,,,,,,,,,,,,,,,,,,True
Bryce McGowens,NOP,113,24.2,-3.200000047683716,21.0,9.6,9.2,5.5,0.1692,2.6,2.8,1.9,0.4086,1.4,1.4,1.3,0.1695,13.6,13.4,8.7,0.1829,12.2,12.0,7.4,0.1734,11.0,10.6,6.8,0.2183,0.8,0.6,0.6,0.1624,0.3,0.4,0.20000000298023224,0.1595,0.1,0.2,0.20000000298023224,0.307,False,,,0,,,,,,,,,,,,,,,,,,,True
Jamaree Bouyea,PHX,54,10.6,-1.100000023841858,9.5,2.5,2.2,4.1,0.6301,1.6,1.8,1.5,0.497,1.5,1.4,1.4,0.4894,5.6,5.4,7.0,0.4412,4.1,4.0,5.6,0.4184,4.0,3.6,5.5,0.4283,0.7,0.4,0.5,0.318,0.2,,0.20000000298023224,0.0551,0.2,0.2,0.699999988079071,0.7156,False,,,0,,,,,,,,,,,,,,,,,,,True
Julian Strawther,DEN,166,9.4,1.0,10.399999618530273,4.5,4.4,4.4,0.2051,1.6,2.0,1.7,0.4824,0.8,1.0,1.1,0.0996,6.9,7.4,7.2,0.0392,6.1,6.4,6.1,0.178,5.3,5.4,5.5,0.0612,0.1,,0.3,0.0872,,,0.20000000298023224,0.051,0.2,0.2,0.30000001192092896,0.0967,False,,,0,,,,,,,,,,,,,,,,,,,True
Caleb Love,POR,46,22.1,-6.099999904632568,16.0,10.9,9.8,9.6,0.6734,1.8,0.4,2.4,0.3984,3.1,2.8,2.6,0.6104,15.8,13.0,14.6,0.8974,12.7,10.2,12.0,0.7394,14.0,12.6,12.2,0.6672,0.5,0.6,0.5,0.1957,,,0.10000000149011612,0.1246,1.6,1.4,1.7000000476837158,0.6227,False,,,0,,,,,,,,,,,,,,,,,,,True
Christian Braun,DEN,201,31.3,-1.5,29.799999237060547,14.0,11.6,13.7,0.7419,4.3,3.4,4.5,0.3887,2.2,1.4,2.0,0.2907,20.5,16.4,20.2,0.1947,18.3,15.0,18.2,0.6077,16.2,13.0,15.7,0.5185,0.7,,0.6,0.2469,0.1,0.2,0.20000000298023224,0.1354,0.7,0.6,0.800000011920929,0.5949,False,,,0,,,,,,,,,,,,,,,,,,,True
Oscar Tshiebwe,UTA,43,17.1,-0.699999988079071,16.399999618530273,8.3,9.2,6.9,0.595,6.7,7.6,6.5,0.5593,1.4,2.2,1.1,0.0762,16.4,19.0,14.5,0.3585,15.0,16.8,13.4,0.5009,9.7,11.4,8.0,0.3406,0.7,0.6,0.5,0.2008,0.2,0.4,0.30000001192092896,0.159,0.6,1.2,0.800000011920929,0.7733,False,,,0,,,,,,,,,,,,,,,,,,,True
Christian Koloko,ATL,61,11.0,-5.300000190734863,5.699999809265137,3.0,2.0,2.6,0.3374,2.6,1.6,2.6,0.2066,0.5,0.2,0.6,0.2628,6.1,3.8,5.8,0.3518,5.6,3.6,5.2,0.4251,3.5,2.2,3.2,0.2356,0.2,0.2,0.3,0.319,0.7,0.2,0.6000000238418579,0.069,0.5,0.4,0.20000000298023224,0.2045,False,,,0,,,,,,,,,,,,,,,,,,,True
Jabari Walker,PHI,192,14.4,-4.199999809265137,10.199999809265137,8.9,6.2,5.1,0.3656,3.7,2.2,2.6,0.5324,0.9,1.2,0.6,0.1427,13.5,9.6,8.3,0.5384,12.6,8.4,7.7,0.5691,9.8,7.4,5.7,0.0818,0.4,0.2,0.4,0.1335,0.2,0.2,0.20000000298023224,0.0956,0.8,0.6,0.4000000059604645,0.5772,False,,,0,,,,,,,,,,,,,,,,,,,True
Ryan Rollins,MIL,140,31.5,0.4000000059604645,31.899999618530273,19.3,20.4,17.4,0.45,3.8,4.4,4.5,0.2428,6.3,5.4,6.6,0.4929,29.4,30.2,28.5,0.4265,23.1,24.8,21.9,0.1711,25.6,25.8,24.0,0.2129,1.3,1.6,1.3,0.3864,0.4,0.2,0.4000000059604645,0.138,3.4,4.2,2.799999952316284,0.503,False,,,0,,,,,,,,,,,,,,,,,,,True
Leonard Miller,CHI,69,25.2,-1.600000023841858,23.600000381469727,13.5,14.6,11.0,0.6178,6.5,6.6,6.4,0.4739,1.5,1.8,1.4,0.2213,21.5,23.0,18.8,0.4907,20.0,21.2,17.4,0.5461,15.0,16.4,12.4,0.3978,0.6,0.6,0.6,0.1464,0.3,0.2,0.4000000059604645,0.1298,0.8,1.0,1.0,0.5477,False,,,0,,,,,,,,,,,,,,,,,,,True
Keon Ellis,CLE,203,27.6,0.8999999761581421,28.5,10.3,9.8,10.7,0.7948,2.6,1.8,3.0,0.2454,1.4,1.0,1.6,0.1208,14.3,12.6,15.3,0.4569,12.9,11.6,13.7,0.5339,11.7,10.8,12.3,0.7458,1.2,1.4,1.3,0.3531,0.7,0.4,0.800000011920929,0.0721,1.0,0.6,1.0,0.7246,False,,,0,,,,,,,,,,,,,,,,,,,True
Drew Timme,LAL,31,9.4,-3.0,6.400000095367432,3.5,1.8,1.3,0.1153,1.2,1.0,1.3,0.2807,0.6,0.6,0.5,0.1913,5.3,3.4,3.1,0.3151,4.7,2.8,2.6,0.4921,4.1,2.4,1.8,0.3766,,,0.1,0.2095,,,0.10000000149011612,0.0498,0.4,0.2,0.10000000149011612,0.1345,False,,,0,,,,,,,,,,,,,,,,,,,True
Josh Minott,BKN,124,20.8,3.0999999046325684,23.899999618530273,11.9,14.4,12.7,0.3924,3.0,3.8,3.2,0.3177,1.0,1.6,1.2,0.2279,15.9,19.8,17.1,0.1744,14.9,18.2,15.9,0.336,12.9,16.0,13.9,0.2417,1.3,1.8,1.3,0.2585,0.8,0.6,0.800000011920929,0.0608,1.9,2.4,1.899999976158142,0.4496,False,,,0,,,,,,,,,,,,,,,,,,,True
Jaime Jaquez Jr.,MIA,210,25.6,0.5,26.100000381469727,13.1,14.6,16.7,0.7781,3.9,4.0,4.3,0.4329,5.6,4.2,4.8,0.3868,22.6,22.8,25.8,0.6144,17.0,18.6,21.0,0.7573,18.7,18.8,21.5,0.836,0.3,,0.7,0.2442,0.3,0.4,0.4000000059604645,0.08,1.0,1.2,1.600000023841858,0.6713,False,,,0,,,,,,,,,,,,,,,,,,,True
Ousmane Dieng,MIL,120,28.6,0.10000000149011612,28.700000762939453,10.8,10.6,13.7,0.8221,4.5,5.4,5.5,0.4187,3.3,5.0,3.1,0.1874,18.6,21.0,22.3,0.6402,15.3,16.0,19.2,0.5896,14.1,15.6,16.8,0.7545,1.1,1.2,1.1,0.6036,0.3,0.4,0.30000001192092896,0.0797,2.4,3.2,3.0999999046325684,0.7838,False,,,0,,,,,,,,,,,,,,,,,,,True
Terquavion Smith,PHI,15,5.4,-1.0,4.5,4.0,1.0,3.5,0.3517,0.3,0.2,0.2,0.5131,0.6,0.4,0.5,0.3099,4.9,1.6,4.2,0.5468,4.3,1.2,3.7,0.5902,4.6,1.4,4.0,0.3751,0.4,0.2,0.3,0.1459,,,0.0,0.0843,0.4,0.4,0.5,0.6016,False,,,0,,,,,,,,,,,,,,,,,,,True
Tyler Burton,MEM,11,25.8,1.5,27.299999237060547,11.6,13.2,11.7,0.3655,4.6,4.2,5.6,0.4324,1.2,1.4,1.4,0.1939,17.4,18.8,18.7,0.2321,16.2,17.4,17.3,0.3325,12.8,14.6,13.1,0.3038,1.1,1.2,1.1,0.2255,0.3,0.4,0.4000000059604645,0.1199,1.0,0.8,1.2999999523162842,0.5182,False,,,0,,,,,,,,,,,,,,,,,,,True
Jared Rhoden,TOR,30,18.6,-7.300000190734863,11.300000190734863,9.1,12.0,9.5,0.3218,3.2,4.0,3.1,0.5145,1.0,1.8,1.0,0.2576,13.3,17.8,13.6,0.4831,12.3,16.0,12.6,0.1705,10.1,13.8,10.5,0.1801,0.9,1.6,0.6,0.1236,0.2,,0.30000001192092896,0.099,0.8,0.8,0.699999988079071,0.5205,False,,,0,,,,,,,,,,,,,,,,,,,True
Ron Harper Jr.,BOS,26,8.8,-4.800000190734863,4.0,3.6,1.0,3.2,0.2407,0.8,0.6,1.2,0.3568,0.3,0.2,0.5,0.229,4.7,1.8,4.9,0.3315,4.4,1.6,4.4,0.2573,3.9,1.2,3.7,0.1226,0.2,0.2,0.2,0.2015,0.2,,0.20000000298023224,0.0936,0.3,0.2,0.10000000149011612,0.1652,False,,,0,,,,,,,,,,,,,,,,,,,True
Kris Murray,POR,182,19.9,1.5,21.399999618530273,5.4,6.4,7.0,0.3177,2.7,2.4,3.0,0.5438,2.0,2.6,1.9,0.2045,10.1,11.4,11.9,0.3742,8.1,8.8,10.0,0.4149,7.4,9.0,8.9,0.5281,0.3,0.2,0.6,0.1397,0.2,,0.30000001192092896,0.1034,0.7,0.8,0.699999988079071,0.5242,False,,,0,7.5,-0.40000000000000036,4.0,-1.0999999046325684,2.5,-0.3999999999999999,10.5,1.5999999999999996,10.0,0.0,8.5,0.6999999999999993,0.5,0.10000002384185791,0.5,-0.19999998807907104,0.5,0.19999998807907104,True
Marcus Sasser,DET,159,18.1,-2.4000000953674316,15.699999809265137,7.1,6.0,7.2,0.7129,1.5,1.2,1.2,0.3783,2.8,3.6,2.5,0.1412,11.4,10.8,10.9,0.4032,8.6,7.2,8.4,0.7716,9.9,9.6,9.7,0.4293,0.4,0.2,0.5,0.2319,0.1,0.2,0.10000000149011612,0.0315,1.1,1.8,1.2999999523162842,0.581,False,,,0,,,,,,,,,,,,,,,,,,,True
Buddy Boeheim,OKC,13,7.1,-2.0999999046325684,5.0,2.1,2.4,1.3,0.1174,0.6,0.4,0.6,0.2327,,,0.4,0.0851,,,2.3,0.0682,,,1.9,0.1456,,,1.7,0.1293,,,0.0,0.2158,0.1,,0.0,0.067,,,0.0,0.1737,False,,,0,,,,,,,,,,,,,,,,,,,True
Dalen Terry,PHI,178,15.3,-1.899999976158142,13.399999618530273,4.6,3.6,5.8,0.7804,1.8,1.4,1.8,0.553,2.0,1.4,1.6,0.187,8.4,6.4,9.2,0.4137,6.4,5.0,7.6,0.3632,6.6,5.0,7.4,0.4304,0.5,0.4,0.5,0.4009,0.4,0.2,0.20000000298023224,0.0463,0.4,0.4,0.8999999761581421,0.818,False,,,0,,,,,,,,,,,,,,,,,,,True
Isaiah Wong,CHA,20,12.4,3.200000047683716,15.699999809265137,5.4,6.8,7.8,0.1534,1.3,1.4,1.9,0.5228,1.0,1.4,1.6,0.0725,7.7,9.6,11.3,0.1562,6.7,8.2,9.7,0.4946,6.4,8.2,9.4,0.3046,0.6,0.6,0.7,0.1017,,,0.10000000149011612,0.0884,0.8,1.0,1.2000000476837158,0.3613,False,,,0,,,,,,,,,,,,,,,,,,,True
Jacob Toppin,ATL,30,5.7,-2.5,3.200000047683716,2.7,4.6,2.4,0.4575,1.1,1.0,1.8,0.421,0.3,0.6,0.4,0.1322,4.1,6.2,4.6,0.5173,3.8,5.6,4.2,0.3078,3.0,5.2,2.8,0.0784,0.2,,0.3,0.2032,0.1,0.2,0.20000000298023224,0.1011,0.2,0.2,0.4000000059604645,0.235,False,,,0,,,,,,,,,,,,,,,,,,,True
Peyton Watson,DEN,201,30.0,-1.5,28.5,16.1,12.4,16.1,0.5704,4.3,5.2,4.7,0.4429,3.1,3.4,3.0,0.4352,23.5,21.0,23.8,0.5489,20.4,17.6,20.8,0.6069,19.2,15.8,19.1,0.7388,0.4,0.2,0.6,0.2177,1.3,0.8,1.2999999523162842,0.2627,2.0,1.4,2.0999999046325684,0.5271,False,,,0,,,,,,,,,,,,,,,,,,,True
Tyrese Martin,PHI,104,11.4,-3.4000000953674316,8.0,2.5,3.2,3.5,0.197,1.7,1.8,1.9,0.3852,1.1,1.6,0.8,0.1628,5.3,6.6,6.2,0.2776,4.2,5.0,5.4,0.3891,3.6,4.8,4.3,0.093,0.3,0.6,0.3,0.2336,0.2,0.4,0.10000000149011612,0.1215,0.8,1.4,0.4000000059604645,0.325,False,,,0,,,,,,,,,,,,,,,,,,,True
Alondes Williams,WAS,11,10.4,8.0,18.4,4.9,9.2,10.4,0.2507,2.2,4.4,4.5,0.4546,1.3,2.6,2.0,0.129,8.4,16.2,16.9,0.2369,7.1,13.6,14.9,0.2366,6.2,11.8,12.4,0.0648,0.2,0.4,0.7,0.204,0.4,0.8,0.5,0.1739,0.5,1.0,2.0,0.4097,False,,,0,,,,,,,,,,,,,,,,,,,True
Caleb Houstan,ATL,133,3.4,0.5,3.9000000953674316,1.7,1.6,2.4,0.5005,0.4,0.2,0.3,0.5643,0.1,0.2,0.1,0.1227,2.2,2.0,2.8,0.1878,2.1,1.8,2.7,0.3041,1.8,1.8,2.5,0.5264,0.1,0.2,0.2,0.1554,,,0.0,0.0868,0.1,,0.30000001192092896,0.5195,False,,,0,,,,,,,,,,,,,,,,,,,True
Moussa Diabaté,CHA,149,27.8,-0.5,27.299999237060547,6.8,8.8,9.0,0.4773,8.9,9.4,9.8,0.6297,2.4,2.0,2.3,0.2871,18.1,20.2,21.1,0.7668,15.7,18.2,18.8,0.4632,9.2,10.8,11.3,0.5774,1.3,1.4,0.9,0.2347,0.8,1.0,0.8999999761581421,0.2299,1.3,1.2,1.2000000476837158,0.8358,False,,,0,,,,,,,,,,,,,,,,,,,True
Trayce Jackson-Davis,TOR,178,3.6,0.10000000149011612,3.700000047683716,0.9,1.0,3.6,0.247,1.3,1.4,2.0,0.4067,0.3,0.6,0.6,0.2955,2.5,3.0,6.2,0.081,2.2,2.4,5.6,0.227,1.2,1.6,4.2,0.1476,0.1,0.2,0.3,0.1563,0.2,0.2,0.20000000298023224,0.0632,0.2,0.4,0.4000000059604645,0.5197,False,,,0,,,,,,,,,,,,,,,,,,,True
Collin Gillespie,PHX,131,28.9,0.6000000238418579,29.5,9.9,11.2,11.7,0.1914,3.8,3.8,4.0,0.3415,4.8,5.4,5.1,0.2275,18.5,20.4,20.8,0.0849,13.7,15.0,15.7,0.1697,14.7,16.6,16.8,0.2407,1.0,0.6,1.0,0.2815,0.2,0.2,0.20000000298023224,0.0905,1.1,1.4,1.2000000476837158,0.6091,False,,,0,,,,,,,,,,,,,,,,,,,True
Jake LaRavia,LAL,176,19.1,3.4000000953674316,22.5,3.8,3.4,7.0,0.2708,2.9,2.4,4.1,0.3425,1.1,0.8,1.4,0.1581,7.8,6.6,12.5,0.258,6.7,5.8,11.1,0.406,4.9,4.2,8.4,0.3377,1.3,1.8,1.2,0.3361,0.5,0.4,0.4000000059604645,0.1075,0.9,1.0,0.800000011920929,0.1439,False,,,0,7.5,-2.0999999999999996,5.0,-0.5,1.5,0.0,12.5,-1.0999999999999996,10.0,-0.10000038146972656,12.0,-5.1,1.5,-0.2999999523162842,1.0,-0.5999999940395355,0.5,0.30000001192092896,True
David Roddy,DEN,100,9.7,-3.4000000953674316,6.400000095367432,3.5,3.0,3.0,0.6028,2.3,1.8,1.7,0.3827,0.7,0.8,0.4,0.1804,6.5,5.6,5.1,0.5812,5.8,4.8,4.7,0.4445,4.2,3.8,3.4,0.8471,0.3,0.2,0.2,0.2258,0.2,0.2,0.10000000149011612,0.0455,0.3,0.2,0.4000000059604645,0.6241,False,,,0,,,,,,,,,,,,,,,,,,,True
Dominick Barlow,PHI,132,22.5,-0.6000000238418579,21.899999618530273,6.9,3.4,6.4,0.7417,5.2,4.0,4.3,0.4782,1.9,1.8,1.4,0.5166,14.0,9.2,12.1,0.7456,12.1,7.4,10.7,0.7722,8.8,5.2,7.8,0.5165,0.6,0.2,0.6,0.3824,1.0,0.8,0.699999988079071,0.0811,0.9,0.2,0.699999988079071,0.4944,False,,,0,,,,,,,,,,,,,,,,,,,True
Keion Brooks Jr.,NOP,13,26.1,3.700000047683716,29.799999237060547,11.9,14.0,12.4,0.244,4.4,5.6,4.8,0.3294,0.8,0.6,1.2,0.1985,17.1,20.2,18.4,0.1982,16.3,19.6,17.2,0.4603,12.7,14.6,13.6,0.2302,0.8,0.8,0.9,0.2824,0.8,0.6,0.800000011920929,0.0848,0.6,0.8,0.800000011920929,0.3723,False,,,0,,,,,,,,,,,,,,,,,,,True
Javon Freeman-Liberty,TOR,21,22.3,-0.6000000238418579,21.700000762939453,10.1,8.0,7.0,0.2756,4.5,3.8,3.4,0.368,1.8,0.8,1.9,0.16,16.4,12.6,12.3,0.1634,14.6,11.8,10.4,0.1583,11.9,8.8,8.9,0.1633,0.7,0.4,0.6,0.2542,,,0.20000000298023224,0.0917,1.4,0.8,0.800000011920929,0.435,False,,,0,,,,,,,,,,,,,,,,,,,True
Mouhamed Gueye,ATL,111,14.7,0.10000000149011612,14.800000190734863,3.8,3.6,6.0,0.7359,3.1,3.2,4.2,0.6797,0.9,1.2,0.9,0.2314,7.8,8.0,11.1,0.4538,6.9,6.8,10.2,0.6053,4.7,4.8,6.9,0.5907,0.8,0.6,0.7,0.1373,0.5,0.2,0.6000000238418579,0.0614,0.3,0.2,0.5,0.5197,False,,,0,,,,,,,,,,,,,,,,,,,True
Quenton Jackson,IND,73,16.2,0.0,16.200000762939453,6.2,7.2,7.5,0.3841,2.1,1.8,2.4,0.4106,3.0,2.6,3.0,0.1933,11.3,11.6,12.9,0.1243,8.3,9.0,9.9,0.6331,9.2,9.8,10.5,0.2643,0.3,0.4,0.4,0.1399,,,0.10000000149011612,0.0928,1.4,1.4,1.2000000476837158,0.6673,False,,,0,,,,,,,,,,,,,,,,,,,True
Vince Williams Jr.,UTA,118,18.6,0.0,18.600000381469727,8.1,5.4,9.2,0.6832,3.7,3.2,3.6,0.3019,3.2,3.0,2.9,0.239,15.0,11.6,15.7,0.6998,11.8,8.6,12.8,0.6722,11.3,8.4,12.1,0.5614,0.7,0.2,0.7,0.241,0.3,0.4,0.20000000298023224,0.0657,1.4,1.2,1.600000023841858,0.6934,False,,,0,,,,,,,,,,,,,,,,,,,True
Luke Travers,CLE,23,9.2,-2.5,6.699999809265137,2.4,2.8,3.0,0.4049,2.1,2.0,2.2,0.4837,0.9,1.0,0.6,0.1256,5.4,5.8,5.8,0.3143,4.5,4.8,5.2,0.3588,3.3,3.8,3.6,0.3897,0.6,0.6,0.4,0.1846,0.4,,0.20000000298023224,0.115,0.2,0.2,0.4000000059604645,0.5498,False,,,0,,,,,,,,,,,,,,,,,,,True
Baylor Scheierman,BOS,101,26.4,-0.20000000298023224,26.200000762939453,6.3,7.2,6.6,0.1991,5.1,3.6,4.9,0.3939,2.5,2.0,2.3,0.1954,13.9,12.8,13.8,0.3585,11.4,10.8,11.5,0.6115,8.8,9.2,8.9,0.2107,0.5,0.2,0.6,0.1653,,,0.20000000298023224,0.0808,0.7,0.8,0.699999988079071,0.5196,False,,,0,,,,,,,,,,,,,,,,,,,True
Pete Nance,MIL,63,23.5,1.100000023841858,24.600000381469727,5.9,7.6,8.0,0.7695,3.9,4.8,4.1,0.4815,1.8,2.2,1.5,0.0962,11.6,14.6,13.6,0.3003,9.8,12.4,12.1,0.6518,7.7,9.8,9.5,0.4419,0.3,0.6,0.7,0.2174,0.7,0.8,0.6000000238418579,0.0718,0.6,1.0,0.8999999761581421,0.6418,False,,,0,,,,,,,,,,,,,,,,,,,True
Kenneth Lofton Jr.,UTA,20,9.4,8.0,17.4,5.9,10.0,7.3,0.1874,2.5,4.4,3.3,0.3867,1.5,2.6,2.8,0.2274,9.9,17.0,13.4,0.0426,8.4,14.4,10.6,0.1037,7.4,12.6,10.1,0.102,0.4,0.6,0.9,0.3752,0.1,0.2,0.4000000059604645,0.1135,0.7,1.4,1.0,0.2727,False,,,0,,,,,,,,,,,,,,,,,,,True
Karlo Matković,NOP,103,17.4,0.30000001192092896,17.700000762939453,7.2,6.6,7.1,0.6151,4.5,3.6,4.7,0.4541,0.5,0.4,0.9,0.0514,12.2,10.6,12.7,0.2408,11.7,10.2,11.8,0.4899,7.7,7.0,8.0,0.4004,0.7,0.8,0.6,0.1806,0.7,0.8,0.8999999761581421,0.142,0.4,0.6,0.5,0.6201,False,,,0,,,,,,,,,,,,,,,,,,,True
Jermaine Samuels Jr.,HOU,13,3.6,-0.0,3.5,1.4,1.6,0.6,0.06,0.9,0.4,1.0,0.4188,0.2,,0.1,0.3144,2.5,,1.7,0.096,2.3,,1.6,0.152,1.6,,0.7,0.1458,0.1,,0.0,0.1725,,,0.10000000149011612,0.0773,,,0.0,0.1818,False,,,0,,,,,,,,,,,,,,,,,,,True
AJ Green,MIL,200,23.8,3.200000047683716,27.0,9.4,11.8,10.7,0.4742,3.3,3.4,3.5,0.5854,1.9,3.0,2.0,0.1926,14.6,18.2,16.2,0.2287,12.7,15.2,14.2,0.5386,11.3,14.8,12.7,0.3255,0.4,0.6,0.7,0.2062,0.2,0.4,0.30000001192092896,0.1196,1.1,1.2,1.2000000476837158,0.3634,False,,,0,,,,,,,,,,,,,,,,,,,True
Jules Bernard,WAS,18,8.9,-3.700000047683716,5.199999809265137,5.0,2.4,4.2,0.5055,1.4,1.2,1.8,0.4256,0.8,0.2,0.7,0.145,7.2,3.8,6.7,0.2692,6.4,3.6,6.0,0.1901,5.8,2.6,4.9,0.2485,0.1,,0.2,0.2199,,,0.20000000298023224,0.0501,0.4,0.4,0.4000000059604645,0.3171,False,,,0,,,,,,,,,,,,,,,,,,,True
Jamal Cain,ORL,96,18.9,-0.699999988079071,18.200000762939453,8.7,9.0,7.5,0.5231,3.8,4.0,3.1,0.3597,1.1,1.4,1.0,0.1243,13.6,14.4,11.6,0.1985,12.5,13.0,10.6,0.4884,9.8,10.4,8.5,0.1911,0.5,0.6,0.5,0.1622,0.1,,0.20000000298023224,0.0986,1.0,1.4,0.800000011920929,0.627,False,,,0,,,,,,,,,,,,,,,,,,,True
Justin Minaya,POR,52,6.2,4.199999809265137,10.399999618530273,1.3,2.2,2.8,0.3419,0.4,0.6,1.4,0.3514,0.3,0.6,0.9,0.1755,2.0,3.4,5.1,0.3804,1.7,2.8,4.2,0.2318,1.6,2.8,3.7,0.159,0.4,0.8,0.6,0.0999,0.1,0.2,0.20000000298023224,0.0877,0.3,0.6,0.5,0.4854,False,,,0,,,,,,,,,,,,,,,,,,,True
Cole Swider,TOR,27,14.6,2.0999999046325684,16.700000762939453,5.1,7.8,6.7,0.4554,2.4,3.8,3.0,0.4072,0.1,,0.6,0.1218,7.6,,10.3,0.0733,7.5,,9.7,0.2307,5.2,,7.3,0.0795,0.4,0.6,0.6,0.1941,0.1,,0.30000001192092896,0.069,0.3,0.6,0.5,0.2335,False,,,0,,,,,,,,,,,,,,,,,,,True
Lester Quinones,NOP,49,14.5,8.0,22.5,6.6,10.0,10.1,0.2611,1.1,1.8,2.0,0.3987,1.7,3.2,2.5,0.2623,9.4,15.0,14.6,0.1311,7.7,11.8,12.1,0.2288,8.3,13.2,12.6,0.186,0.3,0.4,0.6,0.2528,0.2,0.2,0.30000001192092896,0.1824,1.4,1.8,1.600000023841858,0.2936,False,,,0,,,,,,,,,,,,,,,,,,,True
Sidy Cissoko,POR,103,15.3,-1.7999999523162842,13.5,3.5,3.0,3.7,0.2086,2.3,2.8,1.7,0.6917,2.1,2.2,1.6,0.2709,7.9,8.0,7.0,0.2382,5.8,5.8,5.4,0.4461,5.6,5.2,5.3,0.1869,0.3,0.2,0.5,0.3085,0.3,0.4,0.30000001192092896,0.0961,0.8,1.2,0.4000000059604645,0.4303,False,,,0,,,,,,,,,,,,,,,,,,,True
Simone Fontecchio,MIA,208,16.7,-5.599999904632568,11.100000381469727,9.2,7.4,9.2,0.3595,2.7,2.2,2.4,0.2956,1.1,1.0,0.7,0.2518,13.0,10.6,12.3,0.6544,11.9,9.6,11.6,0.6913,10.3,8.4,9.9,0.4709,0.5,0.6,0.3,0.1257,,,0.0,0.1557,0.5,0.2,0.5,0.8033,False,,,0,,,,,,,,,,,,,,,,,,,True
Mouhamadou Gueye,TOR,10,9.7,0.4000000059604645,10.100000381469727,2.3,3.2,3.4,0.2872,1.9,2.4,2.6,0.3419,0.4,0.8,0.7,0.1302,4.6,6.4,6.7,0.0983,4.2,5.6,6.0,0.2518,2.7,4.0,4.1,0.2065,0.2,0.2,0.4,0.1814,1.5,1.6,1.7999999523162842,0.1654,1.2,1.6,0.8999999761581421,0.2147,False,,,0,,,,,,,,,,,,,,,,,,,True
Daeqwon Plowden,SAC,32,30.7,-0.5,30.200000762939453,14.3,16.2,11.8,0.4037,3.2,2.4,3.9,0.5478,1.0,1.0,1.3,0.2589,18.5,19.6,17.0,0.1457,17.5,18.6,15.7,0.531,15.3,17.2,13.1,0.416,1.2,0.6,0.9,0.1723,,,0.20000000298023224,0.2295,1.1,1.2,1.2000000476837158,0.3455,False,,,0,,,,,,,,,,,,,,,,,,,True
Jacob Gilyard,BKN,40,19.9,-8.0,11.9,6.1,1.2,4.2,0.6656,1.5,1.4,1.2,0.6201,3.8,2.6,3.0,0.3988,11.4,5.2,8.4,0.6912,7.6,2.6,5.4,0.7005,9.9,3.8,7.2,0.4489,1.0,0.8,0.8,0.3016,0.2,,0.10000000149011612,0.0929,1.1,0.4,0.5,0.555,False,,,0,,,,,,,,,,,,,,,,,,,True
Javonte Cooke,POR,18,3.8,0.30000001192092896,4.099999904632568,1.1,0.4,4.7,0.2888,0.9,1.4,2.3,0.371,,,0.7,0.2767,,,7.7,0.4623,,,7.0,0.2647,,,5.4,0.5981,0.2,,0.3,0.1865,,,0.10000000149011612,0.0732,0.4,0.6,0.8999999761581421,0.4876,False,,,0,,,,,,,,,,,,,,,,,,,True
Nate Williams,GSW,53,13.1,-0.10000000149011612,13.0,6.1,4.6,6.2,0.297,1.9,1.6,1.8,0.3785,0.7,0.6,0.9,0.1137,8.7,6.8,8.9,0.1702,8.0,6.2,8.0,0.275,6.8,5.2,7.1,0.2559,0.3,0.2,0.4,0.1241,,,0.20000000298023224,0.1235,0.7,0.8,0.6000000238418579,0.5745,False,,,0,,,,,,,,,,,,,,,,,,,True
Victor Wembanyama,SAS,177,29.9,1.2999999523162842,31.200000762939453,27.3,25.8,29.8,0.6343,12.5,13.8,13.3,0.406,4.0,4.6,3.7,0.206,43.8,44.2,46.8,0.4267,39.8,39.6,43.1,0.4385,31.3,30.4,33.5,0.568,1.4,1.4,1.5,0.5096,3.3,4.2,3.799999952316284,0.4456,2.5,2.2,3.0999999046325684,0.7066,False,,,0,,,,,,,,,,,,,,,,,,,True
Brandon Miller,CHA,159,31.3,0.699999988079071,32.0,18.8,19.6,18.3,0.5426,5.4,6.0,5.6,0.2666,3.8,3.2,3.7,0.3049,28.0,28.8,27.6,0.2786,24.2,25.6,23.9,0.3297,22.6,22.8,22.0,0.5419,0.8,0.2,0.9,0.1702,0.1,0.2,0.30000001192092896,0.1812,2.0,1.6,2.0999999046325684,0.2663,False,,,0,,,,,,,,,,,,,,,,,,,True
Taylor Hendricks,MEM,98,26.2,0.4000000059604645,26.600000381469727,10.3,8.4,9.0,0.1534,5.1,5.2,4.5,0.4867,1.1,1.2,1.4,0.3444,16.5,14.8,14.9,0.466,15.4,13.6,13.5,0.4733,11.4,9.6,10.4,0.3777,1.8,1.4,1.4,0.3823,1.3,1.0,1.0,0.1348,1.4,1.2,1.0,0.4665,False,,,0,,,,,,,,,,,,,,,,,,,True
Amen Thompson,HOU,204,39.3,-1.899999976158142,37.400001525878906,18.9,16.6,17.5,0.2373,9.2,6.4,8.4,0.4076,5.2,5.4,5.5,0.2027,33.3,28.4,31.4,0.2734,28.1,23.0,25.9,0.1706,24.1,22.0,23.0,0.1246,1.1,1.4,1.2,0.2938,0.9,1.4,0.800000011920929,0.1605,1.9,1.4,1.7000000476837158,0.2179,False,,,0,,,,,,,,,,,,,,,,,,,True
Ausar Thompson,DET,188,25.4,1.600000023841858,27.0,7.7,9.8,10.6,0.2996,4.6,5.2,5.6,0.2664,2.5,2.6,3.3,0.4001,14.8,17.6,19.5,0.2503,12.3,15.0,16.2,0.4317,10.2,12.4,13.9,0.1638,2.4,3.0,2.5,0.3667,1.0,1.0,1.0,0.0832,1.6,1.2,1.600000023841858,0.7554,False,,,0,,,,,,,,,,,,,,,,,,,True
Anthony Black,ORL,206,31.4,-3.0999999046325684,28.299999237060547,14.3,9.0,11.3,0.3652,3.0,2.8,2.9,0.5343,3.1,2.8,3.1,0.1709,20.4,14.6,17.3,0.5028,17.3,11.8,14.2,0.4527,17.4,11.8,14.4,0.2337,1.9,1.6,1.3,0.3674,0.6,0.6,0.5,0.0987,1.4,1.6,1.0,0.2459,False,,,0,,,,,,,,,,,,,,,,,,,True
Gradey Dick,TOR,183,11.5,0.4000000059604645,11.899999618530273,7.0,6.8,4.1,0.04,1.3,1.8,1.1,0.1821,1.2,1.6,0.8,0.192,9.5,10.2,6.0,0.075,8.3,8.6,5.2,0.0354,8.2,8.4,4.9,0.0482,0.4,0.4,0.3,0.2952,0.1,0.2,0.10000000149011612,0.0889,0.7,0.8,0.30000001192092896,0.1018,False,,,0,,,,,,,,,,,,,,,,,,,True
Rayan Rupert,MEM,150,29.2,-1.7999999523162842,27.399999618530273,9.7,10.0,7.2,0.3343,5.1,5.2,4.0,0.2582,1.1,1.2,1.1,0.4188,15.9,16.4,12.3,0.3746,14.8,15.2,11.2,0.4264,10.8,11.2,8.3,0.2494,1.2,1.0,1.0,0.3973,0.4,0.4,0.30000001192092896,0.2153,1.2,1.6,0.8999999761581421,0.5098,False,,,0,,,,,,,,,,,,,,,,,,,True
GG Jackson,MEM,129,26.0,-2.0999999046325684,23.899999618530273,17.2,16.8,13.1,0.41,4.2,4.4,4.8,0.4881,1.7,1.4,1.8,0.2968,23.1,22.6,19.7,0.5676,21.4,21.2,17.9,0.4833,18.9,18.2,14.9,0.3019,0.2,0.4,0.5,0.2248,0.6,0.6,0.6000000238418579,0.0982,2.3,2.6,1.600000023841858,0.456,False,,,0,,,,,,,,,,,,,,,,,,,True
Cam Whitmore,WAS,118,18.3,-0.30000001192092896,18.0,11.0,9.8,10.5,0.8381,3.5,4.0,3.2,0.6137,0.8,0.6,0.9,0.1336,15.3,14.4,14.6,0.4315,14.5,13.8,13.7,0.8206,11.8,10.4,11.4,0.8653,0.6,0.4,0.6,0.1465,0.5,0.6,0.30000001192092896,0.0722,0.8,0.8,0.8999999761581421,0.5635,False,,,0,,,,,,,,,,,,,,,,,,,True
Jarace Walker,IND,180,32.7,0.20000000298023224,32.900001525878906,14.8,16.4,15.9,0.7494,6.2,5.4,6.6,0.5377,3.1,3.4,3.3,0.3316,24.1,25.2,25.8,0.5347,21.0,21.8,22.5,0.6423,17.9,19.8,19.2,0.7207,0.8,0.4,0.9,0.2685,0.2,0.2,0.30000001192092896,0.0684,1.9,2.2,2.4000000953674316,0.5931,False,,,0,,,,,,,,,,,,,,,,,,,True
Cason Wallace,OKC,222,23.1,0.5,23.600000381469727,6.9,8.4,9.2,0.838,2.9,2.6,3.1,0.3881,2.4,1.8,3.0,0.1423,12.2,12.8,15.3,0.1644,9.8,11.0,12.3,0.4686,9.3,10.2,12.2,0.171,1.5,1.2,1.5,0.2005,0.9,0.6,0.699999988079071,0.0897,0.5,0.4,0.8999999761581421,0.5348,False,,,0,7.5,1.8000000000000007,3.0,0.09999990463256836,2.5,0.10000000000000009,11.5,3.5,9.0,3.3999996185302734,9.5,2.4000000000000004,1.5,0.0,0.5,0.19999998807907104,0.5,0.3999999761581421,True
Keyonte George,UTA,195,28.5,0.30000001192092896,28.799999237060547,21.2,24.0,20.1,0.214,2.7,2.0,2.7,0.3397,3.9,2.8,4.6,0.566,27.8,28.8,27.4,0.359,23.9,26.0,22.8,0.3037,25.1,26.8,24.7,0.2108,1.2,1.0,1.1,0.3363,0.2,,0.20000000298023224,0.1948,1.6,1.4,1.7000000476837158,0.8669,False,,,0,,,,,,,,,,,,,,,,,,,True
Jalen Hood-Schifino,PHI,35,23.0,1.600000023841858,24.600000381469727,7.1,7.8,7.7,0.4807,1.9,2.6,2.1,0.464,2.9,3.4,2.6,0.2374,11.9,13.8,12.4,0.2608,9.0,10.4,9.8,0.5061,10.0,11.2,10.3,0.1836,0.5,0.4,0.7,0.4359,0.5,0.2,0.4000000059604645,0.1433,1.4,1.4,1.399999976158142,0.4091,False,,,0,,,,,,,,,,,,,,,,,,,True
Maxwell Lewis,BKN,61,18.9,0.699999988079071,19.600000381469727,7.0,9.2,3.9,0.0798,3.5,4.2,2.3,0.1283,1.1,1.6,0.9,0.0909,11.6,15.0,7.1,0.0695,10.5,13.4,6.2,0.064,8.1,10.8,4.8,0.1213,0.4,0.4,0.3,0.1494,0.6,0.6,0.30000001192092896,0.0545,1.0,1.2,0.4000000059604645,0.0449,False,,,0,,,,,,,,,,,,,,,,,,,True
Jordan Hawkins,NOP,168,6.6,8.0,14.6,2.7,4.2,5.0,0.5444,0.7,1.4,1.8,0.4399,0.4,0.6,0.8,0.0873,3.8,6.2,7.6,0.1381,3.4,5.6,6.8,0.2654,3.1,4.8,5.8,0.0756,0.1,0.2,0.5,0.1633,0.1,0.2,0.20000000298023224,0.0963,0.2,0.2,0.6000000238418579,0.245,False,,,0,,,,,,,,,,,,,,,,,,,True
Kobe Bufkin,LAL,39,7.2,-1.899999976158142,5.300000190734863,3.2,2.8,2.3,0.1322,0.5,0.4,0.7,0.2618,0.4,0.4,0.5,0.23,4.1,3.6,3.5,0.2199,3.7,3.2,3.0,0.1198,3.6,3.2,2.8,0.1182,0.1,,0.1,0.2605,0.2,,0.10000000149011612,0.0767,0.3,,0.30000001192092896,0.528,False,,,0,,,,,,,,,,,,,,,,,,,True
Jett Howard,ORL,131,15.5,0.30000001192092896,15.800000190734863,7.0,7.8,7.2,0.5112,1.8,1.2,2.4,0.2447,0.7,0.6,0.8,0.2008,9.5,9.6,10.4,0.1198,8.8,9.0,9.6,0.3241,7.7,8.4,8.0,0.207,0.3,,0.4,0.0796,,,0.20000000298023224,0.0748,0.4,0.6,0.6000000238418579,0.3695,False,,,0,,,,,,,,,,,,,,,,,,,True
Trey Alexander,NOP,28,7.8,-2.799999952316284,5.0,2.8,3.2,1.0,0.1083,0.7,1.0,0.7,0.3018,0.9,1.0,0.5,0.119,4.4,5.2,2.2,0.3366,3.5,4.2,1.7,0.0719,3.7,4.2,1.5,0.0644,0.2,0.4,0.1,0.1869,0.1,0.2,0.0,0.1292,0.3,0.2,0.10000000149011612,0.1406,False,,,0,,,,,,,,,,,,,,,,,,,True
Dereck Lively II,DAL,97,16.1,0.6000000238418579,16.700000762939453,4.8,4.4,5.1,0.1076,5.2,6.2,5.4,0.5716,1.2,1.6,1.6,0.215,11.2,12.2,12.1,0.2211,10.0,10.6,10.5,0.1273,6.0,6.0,6.7,0.2158,0.6,0.6,0.6,0.3198,1.2,2.0,1.399999976158142,0.3181,1.1,1.6,0.699999988079071,0.394,False,,,0,,,,,,,,,,,,,,,,,,,True
Dariq Whitehead,BKN,21,17.9,0.5,18.399999618530273,7.5,10.0,5.6,0.3645,2.2,2.6,2.5,0.2631,1.1,1.4,0.9,0.1226,10.8,14.0,9.0,0.1388,9.7,12.6,8.1,0.1534,8.6,11.4,6.5,0.0393,0.3,0.4,0.4,0.2229,,,0.20000000298023224,0.1112,0.9,1.4,0.699999988079071,0.2074,False,,,0,,,,,,,,,,,,,,,,,,,True
Brice Sensabaugh,UTA,173,28.2,0.20000000298023224,28.399999618530273,24.2,24.4,19.2,0.7054,3.7,3.8,3.7,0.6821,2.8,3.4,2.7,0.6074,30.7,31.6,25.6,0.6353,27.9,28.2,22.9,0.583,27.0,27.8,21.9,0.5085,1.1,1.0,1.0,0.4199,0.4,0.2,0.30000001192092896,0.3299,3.0,3.4,2.5,0.4735,False,,,0,,,,,,,,,,,,,,,,,,,True
Noah Clowney,BKN,133,22.1,-1.5,20.600000381469727,10.7,7.6,8.9,0.1787,4.5,4.4,3.8,0.451,1.5,1.0,1.3,0.2349,16.7,13.0,14.0,0.2487,15.2,12.0,12.7,0.1528,12.2,8.6,10.2,0.206,0.9,0.8,0.7,0.2275,0.5,0.4,0.4000000059604645,0.1415,1.2,0.8,0.699999988079071,0.453,False,,,0,,,,,,,,,,,,,,,,,,,True
Bilal Coulibaly,WAS,174,27.8,-1.7000000476837158,26.100000381469727,14.7,14.0,14.5,0.618,4.9,4.4,4.2,0.6536,3.1,2.6,2.7,0.3426,22.7,21.0,21.4,0.6959,19.6,18.4,18.7,0.6998,17.8,16.6,17.2,0.5341,1.1,1.4,1.1,0.4697,0.8,1.0,0.699999988079071,0.056,1.5,1.6,1.7000000476837158,0.8336,False,,,0,,,,,,,,,,,,,,,,,,,True
Colby Jones,DET,69,31.3,-3.9000000953674316,27.399999618530273,9.5,9.4,7.7,0.888,5.1,6.4,3.8,0.6511,2.8,3.6,2.1,0.51,17.4,19.4,13.6,0.4644,14.6,15.8,11.5,0.6508,12.3,13.0,9.8,0.4944,1.4,1.4,1.0,0.4336,0.5,0.4,0.4000000059604645,0.1861,1.4,1.6,1.2000000476837158,0.3521,False,,,0,,,,,,,,,,,,,,,,,,,True
Nick Smith Jr.,LAL,135,7.2,-1.399999976158142,5.800000190734863,2.5,2.8,5.6,0.3979,0.1,,1.4,0.4948,0.9,1.0,0.8,0.1466,3.5,,7.8,0.1002,2.6,,7.0,0.1602,3.4,,6.4,0.0804,,,0.4,0.1694,,,0.10000000149011612,0.0714,0.4,0.6,0.5,0.3893,False,,,0,,,,,,,,,,,,,,,,,,,True
Emoni Bates,CLE,24,6.2,-1.7999999523162842,4.5,1.9,2.4,5.1,0.265,0.4,0.2,1.6,0.5444,0.9,0.8,0.8,0.1902,3.2,3.4,7.5,0.388,2.3,2.6,6.7,0.1323,2.8,3.2,5.9,0.0645,0.1,0.2,0.3,0.1598,,,0.20000000298023224,0.0811,0.6,,0.4000000059604645,0.5361,False,,,0,,,,,,,,,,,,,,,,,,,True
Reece Beekman,BKN,35,18.5,2.9000000953674316,21.299999237060547,3.3,4.4,3.8,0.2189,2.0,2.2,2.0,0.5489,2.7,4.4,3.1,0.269,8.0,11.0,8.9,0.1381,5.3,6.6,5.8,0.2256,6.0,8.8,6.9,0.1994,1.6,2.2,1.6,0.3968,,,0.20000000298023224,0.1067,0.7,1.0,0.800000011920929,0.2991,False,,,0,,,,,,,,,,,,,,,,,,,True
Adem Bona,PHI,123,18.5,-3.700000047683716,14.800000190734863,5.6,5.4,5.5,0.5898,5.3,4.2,4.8,0.5822,0.5,0.6,0.7,0.1903,11.4,10.2,11.0,0.8062,10.9,9.6,10.3,0.7126,6.1,6.0,6.2,0.4879,0.7,0.4,0.5,0.1837,1.4,1.4,1.0,0.2064,0.9,0.6,0.6000000238418579,0.7877,False,,,0,,,,,,,,,,,,,,,,,,,True
Kobe Brown,IND,139,22.6,2.0,24.600000381469727,8.8,9.2,9.7,0.7533,3.4,2.0,4.8,0.4241,1.8,2.2,1.8,0.1601,14.0,13.4,16.3,0.4717,12.2,11.2,14.5,0.5312,10.6,11.4,11.5,0.3879,0.5,0.8,0.6,0.1912,0.5,0.4,0.5,0.0698,1.5,1.0,1.399999976158142,0.4513,False,,,0,,,,,,,,,,,,,,,,,,,True
Toumani Camara,POR,224,29.9,0.699999988079071,30.600000381469727,14.5,18.4,16.0,0.8036,3.9,4.6,4.6,0.481,2.1,2.0,2.2,0.3238,20.5,25.0,22.8,0.6351,18.4,23.0,20.6,0.6971,16.6,20.4,18.2,0.463,1.4,1.6,1.4,0.3234,0.4,0.4,0.4000000059604645,0.1133,1.5,1.4,1.5,0.4348,False,,,0,14.5,1.4000000000000004,5.25,-0.9499998092651367,2.5,-0.3999999999999999,20.5,1.8000000000000007,19.0,1.2000007629394531,16.0,2.0,1.5,-0.10000002384185791,0.5,-0.09999999403953552,1.5,0.0,True
Jaylen Clark,MIN,102,7.6,4.0,11.600000381469727,4.1,5.8,5.5,0.2702,1.3,2.0,2.1,0.2385,0.4,0.6,0.8,0.1294,5.8,8.4,8.4,0.0908,5.4,7.8,7.6,0.4698,4.5,6.4,6.3,0.5434,0.2,,0.5,0.1777,,,0.20000000298023224,0.0727,0.4,0.4,0.699999988079071,0.2718,False,,,0,,,,,,,,,,,,,,,,,,,True
Ricky Council IV,PHI,104,24.7,1.7000000476837158,26.299999237060547,9.6,6.0,10.0,0.3017,5.6,4.4,5.4,0.3757,2.3,1.4,2.2,0.2328,17.5,11.8,17.6,0.1909,15.2,10.4,15.4,0.3964,11.9,7.4,12.2,0.3951,0.2,0.2,0.5,0.2537,0.1,,0.30000001192092896,0.1209,1.3,1.6,1.0,0.3091,False,,,0,,,,,,,,,,,,,,,,,,,True
Zach Edey,MEM,76,26.2,1.7999999523162842,28.0,13.8,17.4,17.0,0.8312,11.2,14.8,12.5,0.6908,0.9,0.8,1.3,0.1312,25.9,33.0,30.8,0.8007,25.0,32.2,29.5,0.74,14.7,18.2,18.3,0.8386,0.7,0.4,0.8,0.2127,2.1,2.6,1.7000000476837158,0.1445,2.0,2.4,2.700000047683716,0.5333,False,,,0,,,,,,,,,,,,,,,,,,,True
Adam Flagler,OKC,38,7.7,7.199999809265137,14.899999618530273,2.9,3.8,4.3,0.3706,1.7,1.8,2.0,0.5057,1.2,0.8,1.4,0.1286,5.8,6.4,7.7,0.0894,4.6,5.6,6.3,0.1747,4.1,4.6,5.7,0.1428,0.3,0.2,0.5,0.2021,0.1,,0.20000000298023224,0.0879,0.3,0.2,0.5,0.4343,False,,,0,,,,,,,,,,,,,,,,,,,True
DaRon Holmes II,DEN,21,4.5,-0.5,4.0,3.7,4.2,1.7,0.103,1.0,0.6,1.7,0.1588,0.1,,0.4,0.2125,4.8,,3.8,0.0335,4.7,,3.4,0.0681,3.8,,2.1,0.0635,,,0.1,0.2413,,,0.10000000149011612,0.075,0.6,1.0,0.30000001192092896,0.2252,False,,,0,,,,,,,,,,,,,,,,,,,True
Andre Jackson Jr.,MIL,166,11.5,5.300000190734863,16.799999237060547,4.2,7.0,6.8,0.4596,2.2,3.2,3.0,0.3514,0.8,1.4,1.2,0.1465,7.2,11.6,11.0,0.1416,6.4,10.2,9.8,0.5131,5.0,8.4,8.0,0.1751,0.7,1.4,0.8,0.2715,,,0.20000000298023224,0.0577,1.2,2.0,1.2999999523162842,0.4027,False,,,0,,,,,,,,,,,,,,,,,,,True
Ryan Kalkbrenner,CHA,62,17.8,-0.30000001192092896,17.5,7.1,5.2,7.7,0.3111,3.7,2.6,5.9,0.4002,0.7,0.8,0.9,0.4594,11.5,8.6,14.5,0.3195,10.8,7.8,13.6,0.6238,7.8,6.0,8.6,0.2598,0.1,,0.3,0.2049,1.2,1.2,1.2000000476837158,0.1744,1.0,1.2,0.8999999761581421,0.3537,False,,,0,,,,,,,,,,,,,,,,,,,True
Bobi Klintman,DET,19,6.4,-1.7999999523162842,4.599999904632568,1.8,0.6,1.7,0.3652,1.5,0.4,1.2,0.5854,0.6,0.4,0.6,0.1154,3.9,1.4,3.5,0.478,3.3,1.0,2.9,0.2999,2.4,1.0,2.3,0.167,0.1,0.2,0.2,0.1816,,,0.10000000149011612,0.0955,0.6,0.2,0.30000001192092896,0.3367,False,,,0,,,,,,,,,,,,,,,,,,,True
Chris Livingston,CLE,44,5.5,0.20000000298023224,5.699999809265137,2.2,3.0,2.5,0.2245,1.6,2.8,1.5,0.4296,0.4,0.8,0.2,0.0552,4.2,6.6,4.2,0.3843,3.8,5.8,4.0,0.3194,2.6,3.8,2.7,0.2443,0.2,0.2,0.2,0.1447,,,0.20000000298023224,0.1141,0.1,0.2,0.30000001192092896,0.5463,False,,,0,,,,,,,,,,,,,,,,,,,True
Kevin McCullar Jr.,NYK,23,4.3,-1.2999999523162842,3.0,0.6,0.8,2.0,0.4222,0.4,0.2,1.0,0.3765,0.5,,0.7,0.0718,1.5,,3.7,0.2935,1.0,,3.0,0.3002,1.1,,2.7,0.1726,0.2,0.2,0.2,0.2059,,,0.10000000149011612,0.078,0.4,0.2,0.5,0.4288,False,,,0,,,,,,,,,,,,,,,,,,,True
Jordan Miller,LAC,98,24.5,-1.399999976158142,23.100000381469727,11.0,8.2,9.8,0.4183,3.8,4.0,3.3,0.4424,3.1,3.0,2.8,0.4103,17.9,15.2,15.9,0.7548,14.8,12.2,13.1,0.566,14.1,11.2,12.6,0.6329,1.0,1.0,0.9,0.191,0.2,0.2,0.20000000298023224,0.0881,0.9,0.8,1.0,0.508,False,,,0,8.0,1.6999999999999993,4.0,-0.5,3.0,-0.20000000000000018,14.5,1.5,10.5,2.6999998092651367,,,1.0,-0.10000002384185791,0.5,-0.29999999701976776,,,True
Julian Phillips,MIN,162,6.6,-1.899999976158142,4.699999809265137,3.0,1.8,2.3,0.1076,0.6,0.4,0.7,0.393,0.1,0.2,0.3,0.13,3.7,2.4,3.3,0.1668,3.6,2.2,3.0,0.4065,3.1,2.0,2.6,0.2065,0.6,0.2,0.4,0.2521,0.1,0.2,0.10000000149011612,0.0595,0.2,,0.10000000149011612,0.047,False,,,0,,,,,,,,,,,,,,,,,,,True
Brandin Podziemski,GSW,213,32.3,0.20000000298023224,32.5,17.7,18.4,18.7,0.7611,6.2,6.2,6.8,0.4177,4.0,4.2,4.2,0.2045,27.9,28.8,29.7,0.774,23.9,24.6,25.5,0.6051,21.7,22.6,22.9,0.6061,1.0,1.0,1.1,0.3755,0.3,0.4,0.30000001192092896,0.1432,2.1,2.4,2.4000000953674316,0.81,False,,,0,17.5,3.6999999999999993,6.5,-0.09999990463256836,5.5,-1.5,30.5,1.1000000000000014,22.0,5.600000381469727,21.5,3.6999999999999993,1.5,-0.3999999761581421,0.5,-0.19999998807907104,,,True
Olivier-Maxence Prosper,MEM,142,24.8,-0.6000000238418579,24.200000762939453,15.0,15.6,13.0,0.6334,4.6,5.2,4.3,0.3608,1.0,1.0,1.3,0.3449,20.6,21.8,18.6,0.3958,19.6,20.8,17.3,0.5498,16.0,16.6,14.3,0.5362,1.5,1.6,1.2,0.2801,0.1,,0.30000001192092896,0.078,1.0,1.0,1.0,0.3985,False,,,0,,,,,,,,,,,,,,,,,,,True
Adama Sanogo,CHI,12,7.0,-3.9000000953674316,3.0999999046325684,3.4,6.4,3.5,0.3927,3.2,5.6,4.0,0.4652,0.1,0.2,0.2,0.2363,6.7,12.2,7.7,0.2813,6.6,12.0,7.5,0.5215,3.5,6.6,3.7,0.3494,0.1,0.2,0.2,0.1181,,,0.699999988079071,0.0658,0.5,0.8,0.30000001192092896,0.1787,False,,,0,,,,,,,,,,,,,,,,,,,True
Ben Sheppard,IND,183,19.1,0.800000011920929,19.899999618530273,7.5,6.8,9.5,0.8225,2.8,2.6,2.8,0.5257,1.1,0.8,1.5,0.1335,11.4,10.2,13.8,0.8424,10.3,9.4,12.3,0.9001,8.6,7.6,11.0,0.9133,0.5,0.4,0.7,0.0924,0.1,,0.20000000298023224,0.0619,0.7,0.2,1.0,0.6519,False,,,0,,,,,,,,,,,,,,,,,,,True
Jalen Slawson,IND,19,15.5,0.4000000059604645,15.800000190734863,4.0,5.6,5.4,0.8337,2.7,3.2,2.8,0.5523,1.7,1.8,1.6,0.2093,8.4,10.6,9.8,0.4161,6.7,8.8,8.2,0.6893,5.7,7.4,7.0,0.5555,0.9,1.4,0.8,0.4082,0.8,1.4,0.6000000238418579,0.0914,0.5,0.4,0.699999988079071,0.7942,False,,,0,,,,,,,,,,,,,,,,,,,True
Nae'Qwan Tomlin,CLE,64,9.2,2.0999999046325684,11.300000190734863,2.4,2.0,6.2,0.7527,1.1,1.6,2.5,0.2631,0.2,0.2,0.5,0.109,3.7,3.8,9.2,0.196,3.5,3.6,8.7,0.3759,2.6,2.2,6.7,0.5664,0.4,,0.5,0.0877,0.2,0.4,0.4000000059604645,0.0878,0.4,,0.699999988079071,0.3502,False,,,0,,,,,,,,,,,,,,,,,,,True
Tristan Vukcevic,WAS,93,17.1,1.100000023841858,18.200000762939453,12.0,12.8,12.6,0.7456,3.9,3.4,4.0,0.415,0.8,0.6,1.0,0.0946,16.7,16.8,17.6,0.7589,15.9,16.2,16.6,0.7591,12.8,13.4,13.6,0.8544,0.6,1.0,0.7,0.161,0.6,0.6,0.6000000238418579,0.0838,1.6,1.4,1.7999999523162842,0.8275,False,,,0,,,,,,,,,,,,,,,,,,,True
Jordan Walsh,BOS,122,18.1,5.199999809265137,23.299999237060547,4.3,5.0,5.7,0.2668,3.6,3.4,4.4,0.3143,0.6,1.0,0.9,0.0737,8.5,9.4,11.0,0.0407,7.9,8.4,10.1,0.0882,4.9,6.0,6.6,0.1887,0.3,0.6,0.7,0.1447,0.4,0.8,0.6000000238418579,0.1293,0.4,0.2,0.6000000238418579,0.4925,False,,,0,,,,,,,,,,,,,,,,,,,True
Leaky Black,WAS,34,30.5,1.399999976158142,31.899999618530273,8.3,8.0,7.9,0.3214,5.4,5.2,4.9,0.6386,2.0,2.6,2.0,0.2477,15.7,15.8,14.8,0.2442,13.7,13.2,12.8,0.3613,10.3,10.6,9.9,0.2983,1.0,1.4,1.0,0.4467,1.0,0.6,0.800000011920929,0.1223,0.7,0.6,0.8999999761581421,0.3795,False,,,0,,,,,,,,,,,,,,,,,,,True
Johni Broome,PHI,10,4.8,-1.100000023841858,3.700000047683716,1.0,,2.3,0.3161,1.5,1.2,2.2,0.3781,0.4,0.2,0.4,0.2332,2.9,,4.9,0.3982,2.5,,4.5,0.3736,1.4,,2.7,0.1486,0.2,,0.3,0.2426,0.1,0.2,0.10000000149011612,0.0919,0.3,0.2,0.4000000059604645,0.3989,False,,,0,,,,,,,,,,,,,,,,,,,True
Tristan da Silva,ORL,144,28.6,-0.5,28.100000381469727,12.5,15.6,9.9,0.3086,3.5,3.4,3.9,0.6616,1.5,2.0,1.9,0.3261,17.5,21.0,15.7,0.1163,16.0,19.0,13.8,0.2317,14.0,17.6,11.8,0.1527,0.7,0.6,0.7,0.2617,0.2,,0.30000001192092896,0.0803,0.8,0.6,0.800000011920929,0.7482,False,,,0,,,,,,,,,,,,,,,,,,,True
Tosan Evbuomwan,NYK,49,15.6,-8.0,7.6,6.5,0.4,4.8,0.2253,3.4,1.2,2.7,0.3168,1.9,1.0,1.2,0.5964,11.8,2.6,8.7,0.476,9.9,1.6,7.5,0.3793,8.4,1.4,6.0,0.2689,0.8,0.2,0.3,0.4598,0.3,,0.10000000149011612,0.0885,0.8,0.2,0.20000000298023224,0.4113,False,,,0,,,,,,,,,,,,,,,,,,,True
Jazian Gortman,DAL,15,4.2,-1.100000023841858,3.200000047683716,1.6,1.6,0.7,0.0328,0.4,0.4,0.2,0.2676,0.6,0.6,0.3,0.2119,2.6,2.6,1.2,0.0363,2.0,2.0,0.9,0.1295,2.2,2.2,1.0,0.1213,0.2,0.2,0.1,0.1585,,,0.0,0.0606,0.4,0.6,0.0,0.1272,False,,,0,,,,,,,,,,,,,,,,,,,True
PJ Hall,CHA,37,16.2,-1.2000000476837158,15.0,6.4,5.0,5.5,0.6502,5.7,5.8,4.9,0.2964,0.7,0.6,0.7,0.3078,12.8,11.4,11.1,0.4555,12.1,10.8,10.4,0.5479,7.1,5.6,6.2,0.3448,0.1,0.2,0.3,0.1626,0.8,0.4,0.6000000238418579,0.1496,1.2,1.4,0.800000011920929,0.7618,False,,,0,,,,,,,,,,,,,,,,,,,True
Dillon Jones,NYK,59,12.0,-8.0,4.0,3.0,1.4,2.3,0.7688,3.1,1.2,2.4,0.5313,1.0,0.8,0.9,0.204,7.1,3.4,5.6,0.7031,6.1,2.6,4.7,0.49,4.0,2.2,3.2,0.3591,0.5,0.4,0.4,0.2742,0.1,,0.10000000149011612,0.0813,0.9,,0.6000000238418579,0.5837,False,,,0,,,,,,,,,,,,,,,,,,,True
Pelle Larsson,MIA,120,32.0,0.8999999761581421,32.900001525878906,15.3,13.2,14.0,0.7178,4.2,4.8,4.6,0.4223,3.3,3.2,3.7,0.3243,22.8,21.2,22.3,0.3445,19.5,18.0,18.6,0.4836,18.6,16.4,17.7,0.6186,0.8,1.0,1.1,0.2138,0.1,0.2,0.30000001192092896,0.114,2.3,2.2,1.899999976158142,0.3356,False,,,0,,,,,,,,,,,,,,,,,,,True
Jaylen Martin,WAS,15,19.4,0.10000000149011612,19.5,6.2,8.0,6.9,0.8852,3.5,3.8,3.2,0.4421,1.4,2.0,1.3,0.083,11.1,13.8,11.4,0.5388,9.7,11.8,10.1,0.7605,7.6,10.0,8.2,0.4074,0.5,0.6,0.6,0.2647,,,0.20000000298023224,0.1124,1.0,0.6,1.0,0.5189,False,,,0,,,,,,,,,,,,,,,,,,,True
Emanuel Miller,CHI,10,5.4,3.9000000953674316,9.300000190734863,2.5,4.2,3.5,0.3867,1.0,1.4,1.5,0.4745,0.6,0.8,0.9,0.068,4.1,6.4,5.9,0.1347,3.5,5.6,5.0,0.484,3.1,5.0,4.4,0.3856,0.3,0.6,0.4,0.0857,,,0.20000000298023224,0.1424,,,0.5,0.335,False,,,0,,,,,,,,,,,,,,,,,,,True
Drew Peterson,CHA,33,9.4,-1.2000000476837158,8.199999809265137,1.8,1.0,1.5,0.2414,1.7,1.4,1.3,0.402,0.2,0.4,0.5,0.2381,3.7,2.8,3.3,0.2743,3.5,2.4,2.8,0.1424,2.0,1.4,2.0,0.1178,0.3,0.6,0.3,0.1111,0.1,0.2,0.10000000149011612,0.1484,0.2,,0.10000000149011612,0.2484,False,,,0,,,,,,,,,,,,,,,,,,,True
Antonio Reeves,CHA,53,10.6,-7.099999904632568,3.5999999046325684,4.7,1.6,4.6,0.166,1.4,0.8,1.0,0.2467,0.2,0.2,0.5,0.3708,6.3,2.6,6.1,0.1419,6.1,2.4,5.6,0.3837,4.9,1.8,5.1,0.2987,0.1,,0.1,0.1425,0.1,,0.0,0.1116,0.1,0.2,0.0,0.1288,False,,,0,,,,,,,,,,,,,,,,,,,True
Hunter Tyson,DEN,89,11.9,-2.5,9.399999618530273,2.9,0.2,3.9,0.7713,2.2,2.0,1.7,0.4936,1.4,1.4,0.9,0.2639,6.5,3.6,6.5,0.4283,5.1,2.2,5.6,0.7243,4.3,1.6,4.8,0.4194,0.1,,0.2,0.2153,0.1,,0.10000000149011612,0.0449,0.5,0.2,0.6000000238418579,0.7926,False,,,0,,,,,,,,,,,,,,,,,,,True
Matas Buzelis,CHI,154,33.1,0.5,33.599998474121094,19.8,19.4,18.8,0.6145,7.3,7.4,7.1,0.3268,1.3,1.6,1.9,0.2652,28.4,28.4,27.8,0.2263,27.1,26.8,25.9,0.2609,21.1,21.0,20.7,0.6365,0.9,0.4,0.9,0.2876,1.7,1.6,1.7000000476837158,0.2692,2.2,2.6,1.899999976158142,0.2711,False,,,0,,,,,,,,,,,,,,,,,,,True
Ronald Holland II,DET,152,16.6,4.599999904632568,21.200000762939453,6.1,4.6,7.9,0.3821,3.0,2.6,3.7,0.32,1.0,1.4,1.2,0.2913,10.1,8.6,12.8,0.2873,9.1,7.2,11.6,0.4267,7.1,6.0,9.1,0.2554,1.0,1.2,1.0,0.1971,0.3,0.4,0.30000001192092896,0.0986,1.2,1.4,1.100000023841858,0.4745,False,,,0,,,,,,,,,,,,,,,,,,,True
Craig Porter Jr.,CLE,161,16.3,0.20000000298023224,16.5,3.2,2.8,4.7,0.2897,2.7,3.4,3.1,0.396,3.5,2.0,3.6,0.2454,9.4,8.2,11.4,0.4389,5.9,6.2,7.8,0.354,6.7,4.8,8.3,0.262,0.5,0.2,0.7,0.4505,0.3,0.2,0.30000001192092896,0.0811,1.1,0.8,0.8999999761581421,0.6851,False,,,0,,,,,,,,,,,,,,,,,,,True
Liam Robbins,MIL,12,4.8,0.10000000149011612,4.900000095367432,0.6,0.8,0.2,0.0512,1.2,1.0,0.8,0.1934,0.2,0.2,0.2,0.277,2.0,2.0,1.2,0.0504,1.8,1.8,1.0,0.115,0.8,1.0,0.4,0.079,0.2,0.2,0.1,0.188,0.2,0.2,0.10000000149011612,0.0921,0.6,1.0,0.20000000298023224,0.3279,False,,,0,,,,,,,,,,,,,,,,,,,True
Duop Reath,POR,145,7.3,4.900000095367432,12.199999809265137,1.9,3.8,2.9,0.069,1.8,3.2,2.2,0.3916,0.3,0.2,0.5,0.1042,4.0,7.2,5.6,0.0159,3.7,7.0,5.1,0.2059,2.2,4.0,3.4,0.1652,0.2,,0.5,0.1518,0.5,0.8,0.5,0.1463,0.1,,0.20000000298023224,0.2116,False,,,0,,,,,,,,,,,,,,,,,,,True
Nathan Mensah,CHA,24,9.5,-3.0,6.5,0.2,,1.3,0.0991,1.5,0.8,2.8,0.3892,0.5,,0.5,0.3393,2.2,,4.6,0.1894,1.7,,4.1,0.2096,0.7,,1.8,0.1116,0.2,0.2,0.2,0.2206,0.6,0.4,0.5,0.1105,0.4,0.2,0.30000001192092896,0.3182,False,,,0,,,,,,,,,,,,,,,,,,,True
Damion Baugh,CHA,14,23.1,-2.299999952316284,20.700000762939453,6.0,7.4,7.5,0.3715,3.1,4.0,3.4,0.3473,3.2,3.2,3.1,0.123,12.3,14.6,14.0,0.4476,9.1,11.4,10.9,0.7054,9.2,10.6,10.6,0.3701,0.5,0.2,0.6,0.3564,0.1,,0.20000000298023224,0.0776,1.7,2.2,1.5,0.6791,False,,,0,,,,,,,,,,,,,,,,,,,True
Tyler Smith,DAL,29,8.6,2.9000000953674316,11.399999618530273,3.8,3.0,4.1,0.4131,1.9,2.6,2.3,0.5992,,,1.0,0.1134,,,7.4,0.172,,,6.4,0.2,,,5.1,0.2925,0.3,0.4,0.4,0.1897,0.1,,0.4000000059604645,0.1225,0.5,0.4,0.5,0.2958,False,,,0,,,,,,,,,,,,,,,,,,,True
Onuralp Bitim,CHI,22,6.8,-0.20000000298023224,6.599999904632568,1.8,0.8,3.5,0.2713,0.6,0.2,1.2,0.2478,0.4,0.2,0.6,0.32,2.8,1.2,5.3,0.4031,2.4,1.0,4.7,0.104,2.2,1.0,4.1,0.1811,,,0.3,0.2829,,,0.10000000149011612,0.0913,0.2,,0.4000000059604645,0.3254,False,,,0,,,,,,,,,,,,,,,,,,,True
Elijah Harkless,UTA,35,30.7,2.200000047683716,32.900001525878906,12.0,13.6,7.2,0.0711,2.8,3.0,2.9,0.4232,4.2,5.4,3.8,0.3005,19.0,22.0,13.9,0.1435,14.8,16.6,10.1,0.1794,16.2,19.0,11.0,0.1134,1.8,2.2,1.5,0.5189,0.5,0.6,0.4000000059604645,0.1173,1.8,1.4,1.2999999523162842,0.1671,False,,,0,,,,,,,,,,,,,,,,,,,True
Trey Jemison III,NYK,73,5.7,-1.7999999523162842,3.9000000953674316,0.9,0.4,1.2,0.138,1.5,1.2,2.1,0.4351,0.2,0.2,0.3,0.0772,2.6,1.8,3.6,0.0979,2.4,1.6,3.3,0.2974,1.1,0.6,1.5,0.1282,0.1,0.2,0.2,0.1857,0.2,0.2,0.20000000298023224,0.0915,0.5,0.4,0.4000000059604645,0.3729,False,,,0,,,,,,,,,,,,,,,,,,,True
Alex Reese,PHI,14,17.4,-3.4000000953674316,14.0,5.8,6.8,4.8,0.4997,3.2,4.0,2.9,0.3078,0.3,0.4,0.4,0.1317,9.3,11.2,8.1,0.4173,9.0,10.8,7.7,0.6295,6.1,7.2,5.2,0.3143,0.6,0.4,0.5,0.2998,0.5,,0.4000000059604645,0.0572,0.4,0.2,0.4000000059604645,0.5849,False,,,0,,,,,,,,,,,,,,,,,,,True
Myron Gardner,MIA,40,11.9,1.7000000476837158,13.600000381469727,3.7,4.0,5.8,0.6091,3.2,1.6,4.3,0.5087,1.0,0.8,0.8,0.1092,7.9,6.4,10.9,0.5948,6.9,5.6,10.1,0.4706,4.7,4.8,6.6,0.7432,0.6,0.6,0.6,0.2386,0.2,0.4,0.20000000298023224,0.0433,0.7,0.6,1.100000023841858,0.8711,False,,,0,,,,,,,,,,,,,,,,,,,True
Zaccharie Risacher,ATL,137,17.2,-0.20000000298023224,17.0,8.8,8.2,6.9,0.0962,3.9,3.4,4.1,0.1448,0.5,,0.6,0.0837,13.2,,11.6,0.0396,12.7,,11.0,0.073,9.3,,7.5,0.1291,0.6,0.6,0.5,0.1173,0.5,0.6,0.5,0.1526,0.7,,0.5,0.2086,False,,,0,,,,,,,,,,,,,,,,,,,True
Alex Sarr,WAS,114,22.3,-0.10000000149011612,22.200000762939453,12.2,12.8,14.1,0.1701,6.0,4.6,6.8,0.4276,2.6,2.2,2.3,0.2367,20.8,19.6,23.2,0.1112,18.2,17.4,20.9,0.3601,14.8,15.0,16.4,0.1548,0.9,1.0,0.8,0.2337,1.3,2.2,1.2000000476837158,0.1689,1.6,2.0,1.5,0.2093,False,,,0,,,,,,,,,,,,,,,,,,,True
Dalton Knecht,LAL,127,4.9,-0.6000000238418579,4.300000190734863,2.0,1.0,1.9,0.1002,1.0,0.4,0.5,0.3605,0.4,0.4,0.3,0.1851,3.4,1.8,2.7,0.0966,3.0,1.4,2.4,0.3975,2.4,1.4,2.2,0.148,0.1,0.2,0.1,0.2004,0.1,0.2,0.10000000149011612,0.0668,0.3,0.2,0.0,0.0908,False,,,0,,,,,,,,,,,,,,,,,,,True
Cody Williams,UTA,111,33.2,-0.6000000238418579,32.599998474121094,18.2,17.8,10.8,0.1066,3.6,2.4,3.8,0.2961,3.9,3.4,4.0,0.3357,25.7,23.6,18.6,0.1621,21.8,20.2,14.6,0.1563,22.1,21.2,14.8,0.081,1.1,1.4,1.1,0.4501,0.4,0.4,0.4000000059604645,0.0825,2.2,2.6,1.7000000476837158,0.3005,False,,,0,,,,,,,,,,,,,,,,,,,True
Reed Sheppard,HOU,127,29.3,-0.5,28.799999237060547,14.1,12.8,10.8,0.2581,3.8,5.0,3.8,0.1918,4.5,3.6,4.5,0.328,22.4,21.4,19.1,0.1423,17.9,17.8,14.6,0.2884,18.6,16.4,15.3,0.0987,2.1,2.0,1.6,0.677,0.8,1.0,0.800000011920929,0.0985,2.0,2.0,1.399999976158142,0.3519,False,,,0,,,,,,,,,,,,,,,,,,,True
Stephon Castle,SAS,144,29.4,2.0999999046325684,31.5,18.9,16.0,15.9,0.3615,6.6,5.8,6.0,0.5667,8.6,9.4,8.3,0.4819,34.1,31.2,30.2,0.559,25.5,21.8,21.9,0.2212,27.5,25.4,24.2,0.3976,0.5,0.6,1.0,0.3354,0.1,0.2,0.20000000298023224,0.316,3.1,3.2,3.299999952316284,0.3296,False,,,0,14.5,2.1999999999999993,5.5,0.5999999046325684,7.0,1.4000000000000004,29.5,1.6999999999999993,20.5,2.299999237060547,23.0,2.1000000000000014,,,,,3.5,-0.20000004768371582,True
Rob Dillingham,CHI,107,21.8,-1.899999976158142,19.899999618530273,10.8,7.4,7.8,0.6368,2.0,1.2,2.2,0.3658,2.7,1.4,2.6,0.2706,15.5,10.0,12.6,0.4184,12.8,8.6,10.0,0.5993,13.5,8.8,10.4,0.3528,0.9,0.6,0.7,0.1175,0.2,0.2,0.10000000149011612,0.0565,1.8,2.0,1.399999976158142,0.7247,False,,,0,,,,,,,,,,,,,,,,,,,True
Ja'Kobe Walter,TOR,117,23.9,3.0,26.899999618530273,11.8,11.6,7.0,0.0642,3.2,3.4,3.3,0.546,1.5,2.0,1.6,0.1828,16.5,17.0,11.9,0.0859,15.0,15.0,10.3,0.1068,13.3,13.6,8.6,0.1275,0.9,1.0,0.9,0.2628,0.3,0.2,0.30000001192092896,0.0557,0.5,0.8,0.5,0.1506,False,,,0,,,,,,,,,,,,,,,,,,,True
Bub Carrington,WAS,157,27.3,-0.20000000298023224,27.100000381469727,12.3,11.6,10.9,0.565,2.4,1.6,3.2,0.3956,4.5,5.4,4.6,0.3644,19.2,18.6,18.7,0.2755,14.7,13.2,14.1,0.4887,16.8,17.0,15.5,0.4003,0.3,0.6,0.6,0.2554,0.1,,0.10000000149011612,0.1107,2.0,2.8,1.7999999523162842,0.3729,False,,,0,,,,,,,,,,,,,,,,,,,True
Isaiah Collier,UTA,129,26.4,0.800000011920929,27.200000762939453,17.5,18.4,14.3,0.588,2.2,2.6,2.7,0.357,6.1,6.6,7.4,0.2558,25.8,27.6,24.4,0.2464,19.7,21.0,17.0,0.3881,23.6,25.0,21.7,0.3449,1.5,1.2,1.6,0.578,0.5,0.4,0.4000000059604645,0.1617,2.3,2.2,2.799999952316284,0.5781,False,,,0,,,,,,,,,,,,,,,,,,,True
Devin Carter,SAC,68,21.7,2.0999999046325684,23.799999237060547,12.0,14.0,11.9,0.673,4.1,4.2,4.3,0.4734,3.0,3.2,3.4,0.3293,19.1,21.4,19.6,0.2782,16.1,18.2,16.2,0.4342,15.0,17.2,15.3,0.5602,1.1,0.8,1.1,0.319,,,0.20000000298023224,0.0738,1.9,2.6,2.0999999046325684,0.4406,False,,,0,,,,,,,,,,,,,,,,,,,True
Donovan Clingan,POR,138,27.0,0.699999988079071,27.700000762939453,14.6,10.2,11.2,0.156,13.1,13.0,9.9,0.4854,2.0,1.0,2.0,0.2093,29.7,24.2,23.1,0.0994,27.7,23.2,21.1,0.1334,16.6,11.2,13.2,0.1501,0.9,0.8,0.8,0.363,2.9,3.0,2.4000000953674316,0.3536,1.7,2.2,1.100000023841858,0.5678,False,,,0,13.5,-4.800000000000001,12.5,-3.8999996185302734,2.5,-0.7,29.5,-10.399999999999999,27.0,-9.700000762939453,18.0,-7.5,1.0,-0.19999998807907104,2.5,-0.09999990463256836,1.5,-0.3999999761581421,True
Kyle Filipowski,UTA,145,25.2,1.0,26.200000762939453,15.7,17.8,15.4,0.6894,8.0,8.2,8.0,0.5214,4.1,4.2,4.1,0.3047,27.8,30.2,27.5,0.6917,23.7,26.0,23.4,0.5701,19.8,22.0,19.5,0.403,1.3,1.4,1.3,0.3789,0.6,0.6,0.699999988079071,0.106,2.2,1.8,2.299999952316284,0.2293,False,,,0,,,,,,,,,,,,,,,,,,,True
Jared McCain,OKC,83,18.2,-3.0999999046325684,15.100000381469727,10.0,7.4,8.4,0.5862,1.5,1.6,1.6,0.2306,0.7,0.8,0.7,0.3216,12.2,9.8,10.7,0.4199,11.5,9.0,10.0,0.577,10.7,8.2,9.1,0.2489,0.1,,0.3,0.0801,0.3,0.2,0.20000000298023224,0.1117,0.3,0.2,0.5,0.3047,False,,,0,,,,,,,,,,,,,,,,,,,True
Kyshawn George,WAS,115,20.6,-1.0,19.600000381469727,11.1,12.2,12.0,0.709,2.6,3.0,3.6,0.2244,2.5,1.6,2.8,0.1593,16.2,16.8,18.4,0.7382,13.7,15.2,15.6,0.8461,13.6,13.8,14.8,0.6342,0.4,0.4,0.6,0.2693,1.0,1.0,0.699999988079071,0.1082,1.7,1.6,1.7000000476837158,0.824,False,,,0,,,,,,,,,,,,,,,,,,,True
Yves Missi,NOP,135,20.9,-2.700000047683716,18.200000762939453,4.9,5.6,5.9,0.1963,6.6,6.2,5.4,0.6407,1.9,2.2,1.3,0.2983,13.4,14.0,12.6,0.4836,11.5,11.8,11.3,0.5795,6.8,7.8,7.2,0.3586,0.2,0.2,0.4,0.2051,2.0,1.4,1.399999976158142,0.0843,1.0,1.2,0.6000000238418579,0.6484,False,,,0,5.5,-0.5,7.5,-2.0999999046325684,1.5,-0.10000000000000009,,,12.5,-2.1000003814697266,,,1.5,-1.0999999940395355,2.5,-1.100000023841858,,,True
Tidjane Salaün,CHA,95,15.4,-1.7000000476837158,13.699999809265137,6.1,5.2,5.2,0.9072,4.3,3.4,4.5,0.3014,0.5,0.2,0.3,0.0574,10.9,8.8,10.0,0.6794,10.4,8.6,9.7,0.6984,6.6,5.4,5.5,0.9143,0.5,1.0,0.4,0.2038,0.1,,0.10000000149011612,0.0779,0.6,0.6,0.6000000238418579,0.7121,False,,,0,,,,,,,,,,,,,,,,,,,True
Kel'el Ware,MIA,135,20.0,-2.299999952316284,17.700000762939453,8.4,8.8,9.0,0.4415,7.6,7.0,6.6,0.3093,1.4,2.0,0.9,0.1682,17.4,17.8,16.5,0.2804,16.0,15.8,15.6,0.3243,9.8,10.8,9.9,0.1737,0.3,0.4,0.5,0.1186,0.7,0.6,0.699999988079071,0.2331,0.7,0.4,0.5,0.4092,False,,,0,,,,,,,,,,,,,,,,,,,True
Johnny Furphy,IND,84,22.1,1.7000000476837158,23.799999237060547,4.8,4.0,5.8,0.348,5.9,5.6,5.9,0.648,2.0,2.6,2.0,0.2184,12.7,12.2,13.7,0.2099,10.7,9.6,11.7,0.3562,6.8,6.6,7.8,0.27,0.7,0.4,0.7,0.3003,0.3,0.2,0.4000000059604645,0.1193,1.3,1.0,1.100000023841858,0.2426,False,,,0,,,,,,,,,,,,,,,,,,,True
Tyler Kolek,NYK,101,5.1,0.20000000298023224,5.300000190734863,1.6,2.8,3.5,0.6354,0.6,0.6,1.0,0.4921,1.8,1.4,2.0,0.2929,4.0,4.8,6.5,0.1739,2.2,3.4,4.5,0.5972,3.4,4.2,5.5,0.3455,0.2,0.4,0.4,0.2004,0.1,0.2,0.10000000149011612,0.0783,,,0.6000000238418579,0.5423,False,,,0,,,,,,,,,,,,,,,,,,,True
Jaylon Tyson,CLE,110,26.0,-5.599999904632568,20.399999618530273,10.5,6.6,13.9,0.8115,3.7,2.2,3.8,0.3597,2.1,1.8,1.6,0.2972,16.3,10.6,19.3,0.8488,14.2,8.8,17.7,0.849,12.6,8.4,15.5,0.7136,0.5,,0.5,0.1664,0.4,0.2,0.20000000298023224,0.171,1.1,1.0,1.2000000476837158,0.7984,False,,,0,,,,,,,,,,,,,,,,,,,True
Cam Spencer,MEM,95,24.2,-0.10000000149011612,24.100000381469727,9.6,7.8,9.8,0.3371,1.9,2.4,2.3,0.3397,5.4,6.2,5.3,0.325,16.9,16.4,17.4,0.3518,11.5,10.2,12.1,0.2747,15.0,14.0,15.1,0.279,0.9,1.2,0.9,0.1907,0.3,0.2,0.30000001192092896,0.1767,1.0,1.0,1.100000023841858,0.4805,False,,,0,,,,,,,,,,,,,,,,,,,True
Oso Ighodaro,PHX,136,30.5,-0.10000000149011612,30.399999618530273,10.3,11.4,6.8,0.0836,6.3,6.2,6.0,0.3994,3.8,3.0,3.5,0.3798,20.4,20.6,16.3,0.0871,16.6,17.6,12.8,0.1406,14.1,14.4,10.3,0.1133,0.9,0.6,0.8,0.2171,0.8,1.0,0.800000011920929,0.1649,1.2,1.4,1.0,0.2679,False,,,0,,,,,,,,,,,,,,,,,,,True
Ryan Dunn,PHX,138,17.6,3.5,21.100000381469727,6.2,9.0,6.9,0.2391,4.6,6.2,5.2,0.6308,1.2,1.8,1.4,0.1838,12.0,17.0,13.5,0.1455,10.8,15.2,12.1,0.2588,7.4,10.8,8.3,0.2836,1.2,1.4,1.3,0.2254,0.4,0.6,0.6000000238418579,0.1159,0.4,0.8,0.699999988079071,0.2576,False,,,0,,,,,,,,,,,,,,,,,,,True
Jamal Shead,TOR,150,24.6,-0.20000000298023224,24.399999618530273,4.9,6.6,6.1,0.2533,1.1,0.6,1.3,0.3682,7.5,9.6,7.0,0.3845,13.5,16.8,14.4,0.187,6.0,7.2,7.4,0.4497,12.4,16.2,13.1,0.3951,0.9,1.6,0.9,0.4555,0.3,0.2,0.20000000298023224,0.302,0.9,1.2,1.2000000476837158,0.7053,False,,,0,,,,,,,,,,,,,,,,,,,True
Justin Edwards,PHI,102,21.6,-8.0,13.6,12.5,6.0,7.7,0.343,2.1,0.2,2.0,0.4677,2.0,0.8,1.4,0.4893,16.6,7.0,11.1,0.6437,14.6,6.2,9.7,0.4627,14.5,6.8,9.1,0.353,1.4,0.4,0.9,0.4762,0.3,,0.20000000298023224,0.1826,0.8,0.6,0.699999988079071,0.7875,False,,,0,,,,,,,,,,,,,,,,,,,True
Ajay Mitchell,OKC,88,25.1,0.8999999761581421,26.0,13.9,11.0,12.0,0.3472,3.4,3.6,3.3,0.324,3.4,3.4,3.5,0.3499,20.7,18.0,18.8,0.2089,17.3,14.6,15.3,0.2777,17.3,14.4,15.5,0.2773,0.7,0.4,0.9,0.2158,0.3,0.6,0.30000001192092896,0.1746,1.2,1.0,1.100000023841858,0.2057,False,,,0,13.5,-2.1999999999999993,3.5,-0.20000004768371582,3.5,0.0,18.5,-0.3999999999999986,15.5,-0.8999996185302734,15.5,-0.6999999999999993,1.5,-0.6000000238418579,0.5,-0.19999998807907104,1.5,-0.3999999761581421,True
Keshad Johnson,MIA,42,6.9,1.0,7.900000095367432,4.8,6.8,4.3,0.0964,1.6,2.2,2.0,0.3625,0.3,0.4,0.5,0.0769,6.7,9.4,6.8,0.0368,6.4,9.0,6.3,0.0579,5.1,7.2,4.8,0.0963,0.5,1.0,0.5,0.1499,0.3,0.6,0.4000000059604645,0.1556,0.6,0.6,0.30000001192092896,0.0929,False,,,0,,,,,,,,,,,,,,,,,,,True
Cam Christie,LAC,62,6.6,0.20000000298023224,6.800000190734863,2.2,3.4,1.7,0.0654,1.3,1.6,1.0,0.2538,0.8,0.8,0.5,0.0654,4.3,5.8,3.2,0.0323,3.5,5.0,2.7,0.2314,3.0,4.2,2.2,0.0551,0.6,1.0,0.3,0.1432,,,0.10000000149011612,0.1729,0.4,0.6,0.10000000149011612,0.1304,False,,,0,,,,,,,,,,,,,,,,,,,True
KJ Simpson,DEN,53,15.2,-7.300000190734863,7.900000095367432,5.5,3.0,4.3,0.4412,2.0,1.0,2.1,0.638,2.5,2.8,2.1,0.3525,10.0,6.8,8.5,0.4646,7.5,4.0,6.4,0.5852,8.0,5.8,6.4,0.2362,1.2,0.8,0.8,0.3807,,,0.20000000298023224,0.0467,1.4,1.0,1.100000023841858,0.6131,False,,,0,,,,,,,,,,,,,,,,,,,True
Bronny James,LAL,62,9.3,6.099999904632568,15.399999618530273,3.6,2.6,1.7,0.0663,0.5,0.4,0.5,0.2137,1.3,0.6,1.0,0.0905,5.4,3.6,3.2,0.0247,4.1,3.0,2.2,0.0574,4.9,3.2,2.7,0.0859,0.4,0.6,0.3,0.2575,0.2,0.2,0.10000000149011612,0.0784,0.4,0.4,0.10000000149011612,0.3729,False,,,0,,,,,,,,,,,,,,,,,,,True
David Jones Garcia,SAS,10,6.9,-1.899999976158142,5.0,3.2,1.8,1.5,0.1034,1.2,0.6,1.4,0.3952,1.8,1.2,1.2,0.1286,6.2,3.6,4.1,0.0961,4.4,2.4,2.9,0.1601,5.0,3.0,2.7,0.0988,0.6,0.6,0.2,0.2695,0.1,,0.10000000149011612,0.1189,0.5,0.8,0.30000001192092896,0.1764,False,,,0,,,,,,,,,,,,,,,,,,,True
AJ Johnson,DAL,71,8.9,1.600000023841858,10.5,1.7,1.8,4.6,0.7701,1.0,0.8,1.3,0.3785,1.0,1.2,1.3,0.3178,3.7,3.8,7.2,0.2837,2.7,2.6,5.9,0.3687,2.7,3.0,5.9,0.4596,0.2,0.2,0.3,0.1967,0.2,0.4,0.20000000298023224,0.0717,0.3,0.2,0.699999988079071,0.6066,False,,,0,,,,,,,,,,,,,,,,,,,True
Pacôme Dadiet,NYK,43,4.6,-1.899999976158142,2.700000047683716,2.3,3.2,1.6,0.1601,0.9,1.2,0.9,0.2408,0.4,0.2,0.5,0.2054,3.6,4.6,3.0,0.1022,3.2,4.4,2.5,0.1109,2.7,3.4,2.1,0.1789,0.1,,0.2,0.1753,0.1,0.2,0.10000000149011612,0.0556,0.2,0.4,0.30000001192092896,0.3133,False,,,0,,,,,,,,,,,,,,,,,,,True
Nique Clifford,SAC,69,31.6,0.20000000298023224,31.799999237060547,10.8,10.4,9.3,0.555,5.1,5.4,5.9,0.4309,4.0,4.0,3.9,0.6393,19.9,19.8,19.1,0.6204,15.9,15.8,15.2,0.5901,14.8,14.4,13.2,0.2203,1.0,0.4,1.4,0.3605,0.3,0.2,0.4000000059604645,0.1116,1.6,2.0,1.7999999523162842,0.5496,False,,,0,,,,,,,,,,,,,,,,,,,True
Jamir Watkins,WAS,43,22.1,-0.6000000238418579,21.5,7.8,6.4,5.9,0.252,4.4,4.4,4.8,0.4612,2.3,1.8,1.9,0.3093,14.5,12.6,12.6,0.5278,12.2,10.8,10.7,0.3006,10.1,8.2,7.8,0.1851,2.1,1.8,1.5,0.4616,0.5,,0.6000000238418579,0.1483,1.2,1.0,1.0,0.3878,False,,,0,,,,,,,,,,,,,,,,,,,True
Quinten Post,GSW,108,19.5,-2.299999952316284,17.200000762939453,9.1,10.6,6.1,0.13,5.1,3.6,3.9,0.357,1.5,2.0,1.3,0.1134,15.7,16.2,11.3,0.0469,14.2,14.2,10.0,0.1676,10.6,12.6,7.4,0.0728,0.3,0.2,0.3,0.257,0.8,0.8,0.5,0.0504,1.5,1.4,0.6000000238418579,0.1172,False,,,0,,,,,,,,,,,,,,,,,,,True
Jonathan Mogbo,TOR,96,6.5,-1.2999999523162842,5.199999809265137,2.1,3.4,1.7,0.1689,1.7,2.2,2.6,0.4395,0.8,1.0,0.7,0.1956,4.6,6.6,5.0,0.0532,3.8,5.6,4.3,0.282,2.9,4.4,2.4,0.2811,0.5,0.8,0.3,0.1578,0.2,0.2,0.20000000298023224,0.0495,0.4,0.2,0.30000001192092896,0.3122,False,,,0,,,,,,,,,,,,,,,,,,,True
Jaylen Wells,MEM,147,25.8,-0.30000001192092896,25.5,14.4,13.0,8.8,0.0235,2.3,2.0,2.0,0.2208,0.9,0.8,1.2,0.3545,17.6,15.8,12.0,0.0293,16.7,15.0,10.8,0.0421,15.3,13.8,10.0,0.0508,1.1,1.2,0.7,0.1818,0.1,0.2,0.20000000298023224,0.1631,0.8,0.8,0.4000000059604645,0.05,False,,,0,,,,,,,,,,,,,,,,,,,True
Branden Carlson,OKC,68,9.8,-1.7000000476837158,8.100000381469727,3.1,2.2,2.6,0.0751,2.8,2.4,1.6,0.3393,0.4,0.4,0.2,0.1789,6.3,5.0,4.4,0.1523,5.9,4.6,4.2,0.0759,3.5,2.6,2.8,0.1818,0.1,,0.0,0.1554,0.6,0.4,0.30000001192092896,0.0751,0.3,0.4,0.0,0.1346,False,,,0,,,,,,,,,,,,,,,,,,,True
Walter Clayton Jr.,MEM,65,25.7,1.2000000476837158,26.899999618530273,9.5,10.2,7.7,0.396,2.2,2.2,3.9,0.343,4.5,5.2,5.3,0.4298,16.2,17.6,16.9,0.231,11.7,12.4,11.6,0.4263,14.0,15.4,13.0,0.2445,0.7,0.8,1.0,0.338,0.5,0.8,0.4000000059604645,0.1106,2.7,3.2,2.700000047683716,0.5728,False,,,0,,,,,,,,,,,,,,,,,,,True
Isaiah Crawford,HOU,27,6.9,-1.7000000476837158,5.199999809265137,1.7,1.4,3.4,0.5,1.0,0.8,1.5,0.3245,0.4,0.2,0.2,0.2003,3.1,2.4,5.1,0.1762,2.7,2.2,4.9,0.338,2.1,1.6,3.6,0.539,0.2,,0.2,0.1992,0.3,,0.20000000298023224,0.0768,0.2,,0.5,0.6155,False,,,0,,,,,,,,,,,,,,,,,,,True
Blake Hinson,UTA,10,20.3,-0.8999999761581421,19.399999618530273,9.6,10.2,13.4,0.6494,2.4,2.6,3.0,0.3549,0.8,1.2,0.7,0.0836,12.8,14.0,17.1,0.4555,12.0,12.8,16.4,0.589,10.4,11.4,14.1,0.3769,0.1,0.2,0.3,0.1184,0.1,,0.10000000149011612,0.0988,0.2,0.2,1.100000023841858,0.7624,False,,,0,,,,,,,,,,,,,,,,,,,True
Enrique Freeman,MIN,23,8.3,1.2999999523162842,9.600000381469727,2.6,2.8,1.4,0.0988,2.1,2.8,1.7,0.158,0.3,0.4,0.4,0.0992,5.0,6.0,3.5,0.0158,4.7,5.6,3.1,0.0618,2.9,3.2,1.8,0.1274,0.1,0.2,0.2,0.1733,0.1,0.2,0.20000000298023224,0.1052,0.3,0.2,0.10000000149011612,0.1683,False,,,0,,,,,,,,,,,,,,,,,,,True
Isaac Jones,DET,45,5.4,-0.20000000298023224,5.199999809265137,1.4,1.4,2.1,0.382,1.1,0.8,1.2,0.2521,0.2,0.2,0.4,0.1333,2.7,2.4,3.7,0.1178,2.5,2.2,3.3,0.1627,1.6,1.6,2.5,0.0713,0.1,,0.2,0.094,0.1,,0.10000000149011612,0.0833,0.2,,0.30000001192092896,0.341,False,,,0,,,,,,,,,,,,,,,,,,,True
Chaz Lanier,DET,28,5.6,0.20000000298023224,5.800000190734863,1.8,1.6,3.1,0.274,0.3,0.2,2.0,0.3379,0.3,0.2,0.5,0.1614,2.4,2.0,5.6,0.1324,2.1,1.8,5.1,0.2765,2.1,1.8,3.6,0.1114,0.2,0.4,0.3,0.1447,,,0.10000000149011612,0.0537,,,0.5,0.3087,False,,,0,,,,,,,,,,,,,,,,,,,True
Jamison Battle,TOR,113,11.5,1.5,13.0,4.4,7.2,2.4,0.0503,2.3,2.8,1.6,0.177,0.6,0.8,0.5,0.0653,7.3,10.8,4.5,0.0052,6.7,10.0,4.0,0.118,5.0,8.0,2.9,0.1858,0.1,,0.2,0.1284,,,0.10000000149011612,0.0509,0.4,0.6,0.10000000149011612,0.062,False,,,0,,,,,,,,,,,,,,,,,,,True
Jahmir Young,MIA,16,4.7,-0.800000011920929,3.9000000953674316,1.7,1.4,2.1,0.326,0.4,0.4,0.5,0.3253,0.6,0.4,0.6,0.1949,2.7,2.2,3.2,0.2634,2.1,1.8,2.6,0.1637,2.3,1.8,2.7,0.1543,0.1,,0.2,0.151,,,0.0,0.0737,0.2,,0.4000000059604645,0.4784,False,,,0,,,,,,,,,,,,,,,,,,,True
Tolu Smith,DET,12,9.2,-3.5,5.699999809265137,2.8,2.0,3.2,0.3816,3.2,1.0,3.6,0.4365,0.8,0.4,0.8,0.2217,6.8,3.4,7.6,0.5138,6.0,3.0,6.8,0.3644,3.6,2.4,4.0,0.1678,0.1,,0.3,0.3547,0.5,,0.4000000059604645,0.0761,0.5,0.2,0.4000000059604645,0.5654,False,,,0,,,,,,,,,,,,,,,,,,,True
Daniss Jenkins,DET,72,31.5,1.5,33.0,15.2,19.2,12.3,0.6555,3.8,4.2,3.6,0.4358,6.7,7.4,5.7,0.4192,25.7,30.8,21.6,0.7786,19.0,23.4,15.9,0.5441,21.9,26.6,18.0,0.6164,0.9,0.8,1.0,0.3578,0.3,,0.30000001192092896,0.1568,2.8,3.8,2.4000000953674316,0.3285,False,,,0,,,,,,,,,,,,,,,,,,,True
Spencer Jones,DEN,83,21.2,-1.399999976158142,19.799999237060547,5.0,2.6,4.4,0.5882,3.8,3.6,3.2,0.5395,0.8,0.8,0.7,0.2381,9.6,7.0,8.3,0.4181,8.8,6.2,7.6,0.7068,5.8,3.4,5.1,0.6074,0.8,0.4,0.6,0.389,0.5,0.2,0.4000000059604645,0.1047,0.3,0.2,0.20000000298023224,0.3016,False,,,0,,,,,,,,,,,,,,,,,,,True
RayJ Dennis,ATL,26,4.8,-0.699999988079071,4.099999904632568,1.8,1.4,1.5,0.0854,0.9,0.8,0.7,0.3906,0.7,1.0,1.0,0.2011,3.4,3.2,3.2,0.1041,2.7,2.2,2.2,0.1607,2.5,2.4,2.5,0.0962,0.1,0.2,0.1,0.2234,,,0.10000000149011612,0.0777,0.7,0.6,0.20000000298023224,0.13,False,,,0,,,,,,,,,,,,,,,,,,,True
Malevy Leons,GSW,26,10.2,-3.200000047683716,7.0,2.5,1.8,2.9,0.2139,1.5,0.6,1.6,0.3509,0.5,0.2,0.6,0.1093,4.5,2.6,5.1,0.46,4.0,2.4,4.5,0.2215,3.0,2.0,3.5,0.1799,0.3,0.4,0.3,0.2026,0.4,0.2,0.30000001192092896,0.0929,0.3,0.4,0.30000001192092896,0.5103,False,,,0,,,,,,,,,,,,,,,,,,,True
Alex Ducas,OKC,20,7.4,2.0999999046325684,9.399999618530273,1.3,1.6,2.5,0.3864,1.8,1.2,2.1,0.5343,0.3,0.4,0.6,0.0847,3.4,3.2,5.2,0.2463,3.1,2.8,4.6,0.2413,1.6,2.0,3.1,0.1193,0.4,0.6,0.5,0.1969,,,0.30000001192092896,0.1329,0.3,0.4,0.4000000059604645,0.4628,False,,,0,,,,,,,,,,,,,,,,,,,True
Yuki Kawamura,CHI,33,11.1,-3.0,8.100000381469727,2.7,2.6,1.9,0.2042,1.8,0.6,1.4,0.4847,3.0,1.2,2.2,0.1847,7.5,4.4,5.5,0.2924,4.5,3.2,3.3,0.1743,5.7,3.8,4.1,0.1911,0.4,,0.3,0.2745,,,0.10000000149011612,0.0864,1.1,1.2,0.5,0.3881,False,,,0,,,,,,,,,,,,,,,,,,,True
Cooper Flagg,DAL,63,34.6,0.30000001192092896,34.900001525878906,21.5,22.4,25.2,0.6651,5.8,5.8,7.9,0.5894,6.2,5.4,5.4,0.4623,33.5,33.6,38.5,0.4241,27.3,28.2,33.1,0.8194,27.7,27.8,30.6,0.5242,1.2,1.6,1.4,0.533,1.3,1.4,1.2999999523162842,0.0597,3.1,2.8,3.700000047683716,0.8015,False,,,0,,,,,,,,,,,,,,,,,,,True
Dylan Harper,SAS,62,24.3,-0.30000001192092896,24.0,14.3,16.4,12.9,0.7293,4.1,4.0,4.8,0.512,4.6,4.0,4.1,0.412,23.0,24.4,21.8,0.6764,18.4,20.4,17.7,0.7381,18.9,20.4,17.0,0.4875,0.2,0.4,0.7,0.1406,0.5,0.8,0.4000000059604645,0.1252,1.1,1.0,2.0,0.6377,False,,,0,11.5,2.3000000000000007,4.5,1.0,4.5,-0.6000000000000001,20.0,3.1999999999999993,14.75,4.549999237060547,17.5,0.1999999999999993,1.5,-0.800000011920929,0.5,-0.09999999403953552,,,True
VJ Edgecombe,PHI,68,33.0,-0.20000000298023224,32.79999923706055,19.6,21.0,18.1,0.4642,6.2,6.2,8.2,0.3143,4.7,4.4,4.1,0.2916,30.5,31.6,30.4,0.5863,25.8,27.2,26.3,0.407,24.3,25.4,22.2,0.5856,0.9,1.0,1.0,0.2917,0.6,,0.699999988079071,0.0717,1.5,1.2,2.0999999046325684,0.5749,False,,,0,,,,,,,,,,,,,,,,,,,True
Ace Bailey,UTA,67,29.5,2.5999999046325684,32.099998474121094,20.3,19.8,20.4,0.7556,4.9,5.2,6.0,0.56,2.7,2.8,2.6,0.3994,27.9,27.8,29.0,0.6981,25.2,25.0,26.4,0.7113,23.0,22.6,23.0,0.6061,0.7,0.4,0.9,0.2679,1.5,1.4,1.399999976158142,0.1383,1.7,1.6,2.299999952316284,0.4596,False,,,0,,,,,,,,,,,,,,,,,,,True
Jeremiah Fears,NOP,75,21.4,2.0999999046325684,23.5,12.1,11.8,14.9,0.5836,2.5,2.0,4.7,0.2512,3.4,3.4,3.7,0.1606,18.0,17.2,23.3,0.6828,14.6,13.8,19.6,0.7594,15.5,15.2,18.6,0.6598,0.8,1.0,1.0,0.1985,0.2,0.2,0.30000001192092896,0.084,1.6,1.4,2.9000000953674316,0.6839,False,,,0,10.5,6.899999999999999,3.0,2.5,4.0,-0.2999999999999998,17.5,9.100000000000001,13.5,9.399999618530273,12.5,8.600000000000001,1.5,-0.5,0.5,-0.19999998807907104,1.5,1.4000000953674316,True
Tre Johnson,WAS,58,22.8,0.10000000149011612,22.899999618530273,12.0,11.6,12.3,0.2089,3.3,2.6,3.9,0.3339,1.5,1.4,1.7,0.1123,16.8,15.6,17.9,0.3821,15.3,14.2,16.2,0.4868,13.5,13.0,14.0,0.1962,0.4,0.4,0.5,0.1136,0.1,,0.30000001192092896,0.0782,1.7,1.4,2.0,0.673,False,,,0,,,,,,,,,,,,,,,,,,,True
Nolan Traore,BKN,51,22.1,1.899999976158142,24.0,9.6,10.8,10.1,0.3079,1.9,2.2,3.6,0.4008,4.5,5.8,5.0,0.6017,16.0,18.8,18.7,0.5988,11.5,13.0,13.7,0.3909,14.1,16.6,15.1,0.4642,1.0,1.6,1.3,0.3528,0.6,0.6,0.5,0.1739,3.2,3.6,3.5999999046325684,0.4878,False,,,0,,,,,,,,,,,,,,,,,,,True
Kon Knueppel,CHA,74,29.8,2.0999999046325684,31.899999618530273,17.1,14.6,18.6,0.5107,5.8,6.6,7.4,0.273,3.4,4.0,3.3,0.28,26.3,25.2,29.3,0.3548,22.9,21.2,26.0,0.4383,20.5,18.6,21.9,0.4233,0.4,,0.7,0.2551,0.1,,0.30000001192092896,0.1628,1.1,1.6,1.7000000476837158,0.2673,False,,,0,,,,,,,,,,,,,,,,,,,True
Derik Queen,NOP,74,18.4,1.5,19.899999618530273,8.2,8.6,12.8,0.8636,5.3,6.4,7.3,0.277,2.2,1.8,2.5,0.1741,15.7,16.8,22.6,0.7024,13.5,15.0,20.1,0.8705,10.4,10.4,15.3,0.8138,0.9,1.2,1.0,0.2123,0.8,0.4,1.0,0.0631,1.8,2.2,2.4000000953674316,0.8417,False,,,0,8.0,5.300000000000001,5.0,3.1999998092651367,3.0,-0.3999999999999999,15.5,8.600000000000001,13.0,8.5,12.0,3.9000000000000004,1.5,-0.5,1.0,0.0,1.5,0.9000000953674316,True
Rasheer Fleming,PHX,49,20.9,0.699999988079071,21.600000381469727,6.9,8.0,9.5,0.6437,3.7,4.0,5.0,0.3216,0.3,0.4,0.5,0.115,10.9,12.4,15.0,0.6777,10.6,12.0,14.5,0.5835,7.2,8.4,10.0,0.8225,0.9,1.2,0.9,0.1054,1.2,0.6,0.8999999761581421,0.0622,0.5,0.4,1.600000023841858,0.7871,False,,,0,,,,,,,,,,,,,,,,,,,True
Asa Newell,ATL,40,12.5,-3.700000047683716,8.800000190734863,4.7,3.6,4.2,0.3627,2.1,1.8,2.4,0.4376,0.4,0.4,0.4,0.1271,7.2,5.8,7.0,0.5599,6.8,5.4,6.6,0.4321,5.1,4.0,4.6,0.1456,0.5,0.4,0.4,0.1528,0.3,0.2,0.30000001192092896,0.073,0.5,0.4,0.5,0.4942,False,,,0,,,,,,,,,,,,,,,,,,,True
Egor Dëmin,BKN,51,26.7,-0.20000000298023224,26.5,9.2,7.0,8.1,0.0369,3.4,4.2,3.9,0.3216,3.1,3.8,3.0,0.3021,15.7,15.0,15.0,0.0879,12.6,11.2,12.0,0.0657,12.3,10.8,11.1,0.0771,0.8,1.0,0.8,0.344,0.5,0.6,0.4000000059604645,0.2778,1.4,0.6,1.100000023841858,0.3209,False,,,0,,,,,,,,,,,,,,,,,,,True
Kasparas Jakučionis,MIA,47,20.6,-1.7000000476837158,18.899999618530273,7.5,6.2,6.6,0.4281,2.9,2.6,3.5,0.2671,2.5,2.8,2.3,0.2328,12.9,11.6,12.4,0.4627,10.4,8.8,10.1,0.4814,10.0,9.0,8.9,0.3382,0.7,0.6,0.6,0.1695,0.3,0.2,0.20000000298023224,0.0702,0.5,,0.800000011920929,0.6051,False,,,0,,,,,,,,,,,,,,,,,,,True
Jase Richardson,ORL,49,9.0,2.9000000953674316,11.899999618530273,2.6,4.4,7.0,0.7504,0.8,1.4,3.1,0.5146,1.1,1.2,1.0,0.0871,4.5,7.0,11.1,0.264,3.4,5.8,10.1,0.5859,3.7,5.6,8.0,0.5975,0.5,0.6,0.6,0.1615,,,0.10000000149011612,0.1051,0.2,,1.0,0.6849,False,,,0,,,,,,,,,,,,,,,,,,,True
Will Riley,WAS,67,31.5,1.0,32.5,15.7,17.2,12.7,0.6388,3.5,3.8,5.6,0.3798,3.1,3.4,2.7,0.2964,22.3,24.4,21.0,0.4019,19.2,21.0,18.3,0.7066,18.8,20.6,15.4,0.4442,0.7,1.0,0.9,0.2508,,,0.20000000298023224,0.0598,1.7,1.2,1.899999976158142,0.4446,False,,,0,,,,,,,,,,,,,,,,,,,True
Liam McNeeley,CHA,29,9.2,-0.6000000238418579,8.600000381469727,2.6,3.8,5.2,0.4208,2.1,2.0,3.3,0.2867,0.6,0.4,0.6,0.0911,5.3,6.2,9.1,0.1065,4.7,5.8,8.5,0.3964,3.2,4.2,5.8,0.3744,0.1,,0.3,0.1519,0.1,0.2,0.10000000149011612,0.0985,0.3,0.6,0.699999988079071,0.3749,False,,,0,,,,,,,,,,,,,,,,,,,True
Khaman Maluach,PHX,40,13.3,0.8999999761581421,14.199999809265137,4.7,6.6,3.2,0.1832,4.4,6.0,4.0,0.1936,0.2,,0.2,0.1124,9.3,,7.4,0.0198,9.1,,7.2,0.1854,4.9,,3.4,0.2451,0.2,0.2,0.3,0.1695,0.9,1.6,1.2000000476837158,0.2296,0.4,0.4,0.5,0.3091,False,,,0,,,,,,,,,,,,,,,,,,,True
Hugo González,BOS,70,12.6,-0.6000000238418579,12.0,3.0,2.8,5.5,0.8317,2.8,2.8,4.4,0.5415,0.3,0.2,0.5,0.1139,6.1,5.8,10.4,0.3932,5.8,5.6,9.9,0.6485,3.3,3.0,6.0,0.6919,0.3,0.2,0.4,0.1042,0.2,0.2,0.4000000059604645,0.0482,0.4,0.6,0.699999988079071,0.5103,False,,,0,,,,,,,,,,,,,,,,,,,True
Joan Beringer,MIN,34,5.5,-0.20000000298023224,5.300000190734863,2.3,1.2,4.9,0.5201,1.4,1.4,2.9,0.3332,0.2,0.2,0.4,0.099,3.9,2.8,8.2,0.258,3.7,2.6,7.8,0.2996,2.5,1.4,5.3,0.3706,0.2,0.4,0.3,0.2717,0.4,0.2,0.4000000059604645,0.0938,0.2,,0.699999988079071,0.5079,False,,,0,,,,,,,,,,,,,,,,,,,True
Collin Murray-Boyles,TOR,51,21.6,0.4000000059604645,22.0,8.8,9.2,12.0,0.8523,4.5,5.2,6.8,0.3965,0.9,0.4,1.7,0.1619,14.2,14.8,20.5,0.4707,13.3,14.4,18.8,0.5826,9.7,9.6,13.7,0.7736,1.0,1.0,1.1,0.3277,1.5,1.6,1.7000000476837158,0.0716,0.9,1.2,1.7000000476837158,0.5107,False,,,0,,,,,,,,,,,,,,,,,,,True
Carter Bryant,SAS,64,14.7,-2.0999999046325684,12.600000381469727,5.5,4.0,3.4,0.3142,3.6,3.8,3.7,0.319,1.2,1.2,0.8,0.3394,10.3,9.0,7.9,0.3617,9.1,7.8,7.1,0.6013,6.7,5.2,4.2,0.1825,0.2,0.2,0.3,0.2178,0.3,0.2,0.30000001192092896,0.0544,0.6,1.0,0.5,0.6008,False,,,0,,,,,,,,,,,,,,,,,,,True
Noah Penda,ORL,54,12.7,-0.699999988079071,12.0,2.6,2.6,2.8,0.0803,2.0,1.8,2.8,0.4434,1.4,1.4,1.0,0.1182,6.0,5.8,6.6,0.1046,4.6,4.4,5.6,0.3231,4.0,4.0,3.8,0.2056,0.6,0.2,0.5,0.1713,0.1,0.2,0.20000000298023224,0.0508,0.8,1.0,0.6000000238418579,0.3137,False,,,0,,,,,,,,,,,,,,,,,,,True
Amari Williams,BOS,20,6.1,-2.5999999046325684,3.5,1.3,0.4,2.5,0.5129,1.9,0.4,2.5,0.3655,0.5,0.4,0.5,0.3051,3.7,1.2,5.5,0.5499,3.2,0.8,5.0,0.3283,1.8,0.8,3.0,0.1405,0.1,,0.2,0.3385,0.3,,0.4000000059604645,0.0718,0.7,0.6,0.6000000238418579,0.4888,False,,,0,,,,,,,,,,,,,,,,,,,True
Danny Wolf,BKN,56,23.5,-0.10000000149011612,23.399999618530273,9.1,9.0,12.9,0.8373,6.1,6.6,7.2,0.3193,2.7,2.4,2.6,0.1637,17.9,18.0,22.7,0.6794,15.2,15.6,20.1,0.6719,11.8,11.4,15.5,0.5959,0.3,0.4,0.6,0.2815,0.8,0.6,0.800000011920929,0.0789,2.0,2.4,2.5,0.5379,False,,,0,,,,,,,,,,,,,,,,,,,True
Maxime Raynaud,SAC,68,32.9,0.0,32.900001525878906,17.6,15.8,14.2,0.0782,7.8,8.4,8.8,0.4725,1.7,1.4,1.9,0.1498,27.1,25.6,24.9,0.1623,25.4,24.2,23.0,0.2294,19.3,17.2,16.1,0.0877,0.6,1.2,0.7,0.1311,0.6,0.2,0.800000011920929,0.1364,1.9,1.4,1.5,0.1464,False,,,0,,,,,,,,,,,,,,,,,,,True
Adou Thiero,LAL,20,5.2,-1.100000023841858,4.099999904632568,1.9,1.8,1.4,0.1012,1.3,0.4,1.3,0.1617,0.5,0.2,0.2,0.2085,3.7,2.4,2.9,0.1822,3.2,2.2,2.7,0.1324,2.4,2.0,1.6,0.1027,0.2,,0.1,0.2113,0.2,0.2,0.10000000149011612,0.0664,0.2,0.2,0.20000000298023224,0.1761,False,,,0,,,,,,,,,,,,,,,,,,,True
Micah Peavy,NOP,54,2.7,0.5,3.200000047683716,0.8,1.2,2.0,0.0627,0.4,0.6,1.6,0.1931,0.1,0.2,0.3,0.2037,1.3,2.0,3.9,0.0288,1.2,1.8,3.6,0.0792,0.9,1.4,2.3,0.1963,0.2,0.4,0.2,0.1593,,,0.10000000149011612,0.1133,0.2,0.2,0.20000000298023224,0.1017,False,,,0,,,,,,,,,,,,,,,,,,,True
Tyrese Proctor,CLE,45,8.9,0.800000011920929,9.699999809265137,3.7,3.6,5.7,0.4985,0.6,0.8,2.7,0.465,1.1,0.6,1.4,0.0826,5.4,5.0,9.8,0.08,4.3,4.4,8.4,0.4022,4.8,4.2,7.1,0.3146,0.7,0.8,0.8,0.2131,,,0.10000000149011612,0.074,1.0,0.4,1.2999999523162842,0.2514,False,,,0,,,,,,,,,,,,,,,,,,,True
Ben Saraf,BKN,38,26.0,-0.6000000238418579,25.399999618530273,11.6,12.8,9.1,0.5865,3.1,4.2,4.3,0.419,4.4,4.4,4.1,0.3891,19.1,21.4,17.5,0.2041,14.7,17.0,13.4,0.5459,16.0,17.2,13.2,0.4335,1.4,1.2,1.2,0.6215,,,0.20000000298023224,0.0907,3.1,3.0,2.9000000953674316,0.4292,False,,,0,,,,,,,,,,,,,,,,,,,True
Kam Jones,IND,30,19.7,-8.0,11.7,6.0,4.4,3.7,0.7037,1.9,1.8,2.5,0.3901,4.0,4.2,3.6,0.4231,11.9,10.4,9.8,0.5114,7.9,6.2,6.2,0.806,10.0,8.6,7.3,0.5813,0.7,0.8,0.6,0.2184,,,0.10000000149011612,0.0722,1.2,1.8,1.0,0.67,False,,,0,,,,,,,,,,,,,,,,,,,True
Sion James,CHA,75,18.6,-0.800000011920929,17.799999237060547,5.2,5.8,3.5,0.0599,2.9,1.8,3.3,0.2191,2.2,2.0,1.9,0.1079,10.3,9.6,8.7,0.0308,8.1,7.6,6.8,0.226,7.4,7.8,5.4,0.0734,0.6,0.6,0.5,0.1166,0.1,,0.10000000149011612,0.0601,0.5,0.2,0.5,0.2067,False,,,0,,,,,,,,,,,,,,,,,,,True
Mohamed Diawara,NYK,65,11.9,-3.9000000953674316,8.0,4.4,3.8,5.1,0.3967,1.6,0.4,2.1,0.4523,1.0,0.4,0.8,0.2218,7.0,4.6,8.0,0.401,6.0,4.2,7.2,0.5584,5.4,4.2,5.9,0.2072,,,0.4,0.2885,,,0.20000000298023224,0.0437,0.5,0.4,0.699999988079071,0.539,False,,,0,,,,,,,,,,,,,,,,,,,True
Yang Hansen,POR,40,4.6,0.0,4.599999904632568,2.1,2.2,5.4,0.3808,1.0,1.2,2.2,0.1761,0.1,0.2,0.2,0.0683,3.2,3.6,7.8,0.1286,3.1,3.4,7.6,0.2884,2.2,2.4,5.6,0.3622,0.1,,0.3,0.151,0.1,,0.10000000149011612,0.095,0.3,,0.800000011920929,0.6005,False,,,0,,,,,,,,,,,,,,,,,,,True
Cedric Coward,MEM,58,24.1,1.100000023841858,25.200000762939453,13.5,13.6,14.8,0.288,5.2,4.8,6.7,0.3244,2.5,2.8,2.6,0.2772,21.2,21.2,24.1,0.3417,18.7,18.4,21.5,0.5757,16.0,16.4,17.4,0.4317,0.9,1.2,1.0,0.3506,0.5,0.2,0.6000000238418579,0.0922,1.7,1.0,2.200000047683716,0.4749,False,,,0,,,,,,,,,,,,,,,,,,,True
Javon Small,MEM,38,25.4,-1.5,23.899999618530273,13.9,11.6,8.9,0.2188,4.1,4.0,4.4,0.4467,4.3,3.8,3.8,0.4097,22.3,19.4,17.1,0.3048,18.0,15.6,13.3,0.3659,18.2,15.4,12.7,0.2073,1.2,1.2,1.1,0.3047,0.1,,0.20000000298023224,0.16,2.0,2.2,1.399999976158142,0.1295,False,,,0,,,,,,,,,,,,,,,,,,,True
Alijah Martin,TOR,18,3.4,1.5,4.900000095367432,2.0,2.8,3.2,0.0782,0.7,1.0,2.6,0.2739,0.2,0.2,0.6,0.1559,2.9,4.0,6.4,0.0351,2.7,3.8,5.8,0.0867,2.2,3.0,3.8,0.0774,0.3,0.4,0.5,0.1584,0.1,0.2,0.20000000298023224,0.1401,0.2,0.4,0.5,0.2427,False,,,0,,,,,,,,,,,,,,,,,,,True
Kobe Sanders,LAC,61,17.1,-2.0,15.100000381469727,7.1,7.2,5.8,0.6358,1.9,1.0,2.4,0.3147,1.4,1.6,1.1,0.1048,10.4,9.8,9.3,0.5807,9.0,8.2,8.2,0.5181,8.5,8.8,6.9,0.693,1.3,1.2,0.8,0.3008,0.1,0.2,0.10000000149011612,0.0612,1.1,1.0,1.2000000476837158,0.8763,False,,,0,,,,,,,,,,,,,,,,,,,True
Dylan Cardwell,SAC,38,18.3,-0.5,17.799999237060547,4.4,4.0,6.7,0.5732,7.3,5.8,8.5,0.4132,2.0,2.0,1.6,0.4037,13.7,11.8,16.8,0.7426,11.7,9.8,15.2,0.6772,6.4,6.0,8.3,0.3888,0.4,0.2,0.5,0.1826,0.4,0.8,0.800000011920929,0.1128,0.9,1.2,1.100000023841858,0.8789,False,,,0,,,,,,,,,,,,,,,,,,,True
Miles Kelly,DAL,13,7.8,-0.10000000149011612,7.699999809265137,2.7,1.0,3.2,0.6898,1.2,1.4,2.7,0.3746,0.6,0.6,0.8,0.1874,4.5,3.0,6.7,0.4421,3.9,2.4,5.9,0.4068,3.3,1.6,4.0,0.3832,0.3,0.2,0.3,0.1114,,,0.10000000149011612,0.0878,0.2,0.2,0.6000000238418579,0.3258,False,,,0,,,,,,,,,,,,,,,,,,,True
Jahmai Mashack,MEM,26,27.4,1.7000000476837158,29.100000381469727,8.0,9.0,9.4,0.476,2.9,3.6,4.9,0.4768,1.9,2.8,2.0,0.4146,12.8,15.4,16.3,0.4482,10.9,12.6,14.3,0.6621,9.9,11.8,11.4,0.6563,1.1,1.6,1.4,0.371,0.7,0.2,0.699999988079071,0.1182,1.5,1.8,1.899999976158142,0.5356,False,,,0,,,,,,,,,,,,,,,,,,,True
Ryan Nembhard,DAL,54,20.9,-2.799999952316284,18.100000381469727,5.8,5.8,6.5,0.5769,2.7,2.4,3.3,0.5377,5.9,5.0,4.1,0.2666,14.4,13.2,13.9,0.3508,8.5,8.2,9.8,0.6634,11.7,10.8,10.6,0.6631,0.5,0.4,0.6,0.2945,,,0.10000000149011612,0.0577,1.0,1.0,1.600000023841858,0.8091,False,,,0,,,,,,,,,,,,,,,,,,,True
Yanic Konan Niederhäuser,LAC,40,15.5,2.700000047683716,18.200000762939453,6.5,8.2,8.5,0.7857,4.7,6.0,6.4,0.2615,0.4,0.2,0.6,0.1042,11.6,14.4,15.5,0.0849,11.2,14.2,14.9,0.3621,6.9,8.4,9.1,0.4034,0.3,0.6,0.6,0.1703,1.4,1.8,1.899999976158142,0.2822,0.7,0.8,1.100000023841858,0.6859,False,,,0,,,,,,,,,,,,,,,,,,,True
Lachlan Olbrich,CHI,30,6.9,2.4000000953674316,9.300000190734863,2.3,3.0,4.9,0.4285,1.9,2.6,3.9,0.3451,0.5,0.4,0.7,0.1188,4.7,6.0,9.5,0.3754,4.2,5.6,8.8,0.463,2.8,3.4,5.6,0.4465,0.4,0.4,0.4,0.1371,0.2,0.2,0.30000001192092896,0.0908,0.5,0.2,1.0,0.625,False,,,0,,,,,,,,,,,,,,,,,,,True
Will Richard,GSW,64,26.3,-3.4000000953674316,22.899999618530273,6.3,8.6,5.0,0.1898,2.6,2.0,2.8,0.1986,1.0,0.8,1.1,0.2678,9.9,11.4,8.9,0.1505,8.9,10.6,7.8,0.2397,7.3,9.4,6.1,0.1459,1.4,0.8,0.8,0.138,0.1,0.2,0.10000000149011612,0.0672,1.0,1.2,0.6000000238418579,0.1505,False,,,0,8.0,-4.6,3.5,-0.7000000476837158,1.5,-0.6,12.5,-5.4,10.25,-4.050000190734863,7.5,-3.2,1.5,-0.699999988079071,0.5,-0.3999999985098839,0.5,0.10000002384185791,True
Chris Youngblood,POR,32,6.1,0.20000000298023224,6.300000190734863,2.7,3.6,2.9,0.2807,0.9,1.0,2.4,0.2689,0.5,0.8,0.6,0.1187,4.1,5.4,5.9,0.0413,3.6,4.6,5.3,0.1746,3.2,4.4,3.5,0.0593,0.3,0.2,0.4,0.1649,0.3,0.4,0.30000001192092896,0.052,0.1,0.2,0.5,0.303,False,,,0,,,,,,,,,,,,,,,,,,,True
Drake Powell,BKN,57,25.3,0.800000011920929,26.100000381469727,7.8,8.6,8.2,0.6072,1.6,2.0,3.3,0.4816,1.3,1.6,1.4,0.1026,10.7,12.2,12.9,0.4839,9.4,10.6,11.5,0.6833,9.1,10.2,9.6,0.7374,0.4,0.6,0.6,0.1334,0.3,,0.30000001192092896,0.1003,0.7,0.2,1.2000000476837158,0.9016,False,,,0,,,,,,,,,,,,,,,,,,,True
Brooks Barnhizer,OKC,35,8.9,-0.699999988079071,8.199999809265137,1.8,0.4,0.7,0.0698,2.0,1.8,2.2,0.2458,0.9,0.4,0.5,0.1913,4.7,2.6,3.4,0.0816,3.8,2.2,2.9,0.2454,2.7,0.8,1.2,0.1392,0.1,0.2,0.1,0.4048,0.2,0.2,0.10000000149011612,0.0807,0.3,0.2,0.30000001192092896,0.289,False,,,0,,,,,,,,,,,,,,,,,,,True
Taelon Peter,IND,31,22.7,-8.0,14.7,8.9,7.2,5.8,0.4523,2.3,1.4,2.4,0.4002,1.8,0.8,1.0,0.0843,13.0,9.4,9.2,0.1472,11.2,8.6,8.2,0.2145,10.7,8.0,6.8,0.1381,1.4,0.6,0.8,0.3044,0.2,0.4,0.20000000298023224,0.1065,1.1,1.0,1.0,0.514,False,,,0,,,,,,,,,,,,,,,,,,,True
Bez Mbeng,UTA,10,30.7,-2.299999952316284,28.399999618530273,4.8,4.8,5.9,0.6678,3.6,3.2,4.4,0.5951,3.5,2.8,3.3,0.1847,11.9,10.8,13.6,0.8858,8.4,8.0,10.3,0.6575,8.3,7.6,9.2,0.7694,1.8,2.0,1.5,0.4566,0.4,0.2,0.4000000059604645,0.1046,1.5,1.0,1.2999999523162842,0.6754,False,,,0,,,,,,,,,,,,,,,,,,,True
LJ Cryer,GSW,15,18.3,-0.6000000238418579,17.700000762939453,8.7,7.6,11.1,0.2682,1.9,2.0,2.6,0.3969,1.2,1.4,1.2,0.2297,11.8,11.0,14.9,0.3511,10.6,9.6,13.7,0.7597,9.9,9.0,12.3,0.4281,0.2,,0.4,0.105,,,0.10000000149011612,0.0817,0.9,1.0,1.2000000476837158,0.4891,False,,,0,,,,,,,,,,,,,,,,,,,True
Chaney Johnson,BKN,12,20.3,-3.0,17.299999237060547,7.8,7.2,6.5,0.2386,4.7,2.8,4.6,0.569,2.7,2.6,2.1,0.1058,15.2,12.6,13.2,0.3188,12.5,10.0,11.1,0.4281,10.5,9.8,8.6,0.4281,1.0,0.4,0.7,0.3894,0.4,0.2,0.30000001192092896,0.0626,1.3,1.6,0.800000011920929,0.7086,False,,,0,,,,,,,,,,,,,,,,,,,True
