player,team,games_played,mp_l10,mp_deviation_pred,mp_expected,pts_l10,pts_l5,pts_pred,pts_clf_prob,trb_l10,trb_l5,trb_pred,trb_clf_prob,ast_l10,ast_l5,ast_pred,ast_clf_prob,pra_l10,pra_l5,pra_pred,pra_clf_prob,pr_l10,pr_l5,pr_pred,pr_clf_prob,pa_l10,pa_l5,pa_pred,pa_clf_prob,stl_l10,stl_l5,stl_pred,stl_clf_prob,blk_l10,blk_l5,blk_pred,blk_clf_prob,tov_l10,tov_l5,tov_pred,tov_clf_prob,injury_adj,teammates_out,game_total,team_spread,pts_line,pts_edge,trb_line,trb_edge,ast_line,ast_edge,pra_line,pra_edge,pr_line,pr_edge,pa_line,pa_edge,stl_line,stl_edge,blk_line,blk_edge,tov_line,tov_edge,pts_ou_prob,trb_ou_prob,ast_ou_prob,stl_ou_prob,blk_ou_prob,tov_ou_prob,fp_applied
LeBron James,LAL,195,35.5,-0.1000000014901161,35.400001525878906,18.4,16.4,17.2,0.5023,7.8,8.0,7.3,0.6384,7.2,8.6,7.3,0.3217,33.4,33.0,31.8,0.3823,26.2,24.4,24.5,0.274,25.6,25.0,24.5,0.1148,1.2,1.0,1.2,0.3961,0.4,0.4,0.5,0.1009,2.6,2.2,2.5,0.3084,False,,,0,,,,,,,,,,,,,,,,,,,0.46218488,0.3526971,0.3128655,0.5,0.33333334,0.42857143,True
Chris Paul,LAC,155,14.4,-0.0,14.399999618530272,2.6,2.8,4.7,0.7223,2.1,2.0,2.3,0.3932,3.0,3.4,3.3,0.1803,7.7,8.2,10.3,0.462,4.7,4.8,7.0,0.5394,5.6,6.2,8.0,0.6484,0.4,0.2,0.6,0.2814,,,0.2,0.0916,1.1,0.8,1.2999999523162842,0.7189,False,,,0,,,,,,,,,,,,,,,,,,,0.46218488,0.36933047,0.3128655,0.42857143,0.14457831,0.4871795,True
Kyle Lowry,PHI,107,9.3,1.2000000476837158,10.5,1.1,0.4,4.0,0.4599,0.9,1.0,1.6,0.4716,0.8,0.6,1.5,0.3526,2.8,2.0,7.1,0.247,2.0,1.4,5.6,0.3744,1.9,1.0,5.5,0.4914,0.1,,0.3,0.3492,0.2,0.2,0.2,0.1158,0.4,0.4,0.800000011920929,0.8202,False,,,0,,,,,,,,,,,,,,,,,,,0.46218488,0.36933047,0.3128655,0.24489796,0.1875,0.5194805,True
P.J. Tucker,NYK,33,14.1,-0.800000011920929,13.300000190734863,1.6,2.6,2.3,0.1647,2.2,3.2,2.8,0.346,0.4,0.2,0.5,0.2295,4.2,6.0,5.6,0.1288,3.8,5.8,5.1,0.4643,2.0,2.8,2.8,0.2489,0.4,0.4,0.4,0.203,,,0.3,0.1698,0.1,,0.3000000119209289,0.3113,False,,,0,,,,,,,,,,,,,,,,,,,0.46218488,0.36933047,0.3128655,0.24489796,0.2857143,0.42857143,True
Kevin Durant,HOU,208,35.5,0.2000000029802322,35.70000076293945,24.6,28.4,24.4,0.461,4.7,4.6,5.6,0.7411,5.4,6.4,5.4,0.3786,34.7,39.4,35.4,0.3838,29.3,33.0,30.0,0.441,30.0,34.8,29.8,0.4245,0.9,0.8,0.8,0.3021,0.4,0.2,0.5,0.0964,3.3,3.6,3.0,0.2773,False,,,0,24.5,-1.3999999999999986,5.25,0.25,5.5,0.0999999999999996,34.5,-0.2999999999999971,29.5,-0.8999996185302734,29.5,-0.8000000000000007,1.5,-0.699999988079071,1.5,-1.0,2.5,0.5,0.4848485,0.36933047,0.3128655,0.25592574,0.2857143,0.5194805,True
Al Horford,GSW,167,27.9,1.600000023841858,29.5,11.8,11.8,13.7,0.6969,6.0,6.2,5.4,0.547,4.0,3.8,3.7,0.239,21.8,21.8,22.8,0.2049,17.8,18.0,19.1,0.6143,15.8,15.6,17.4,0.4153,0.5,0.2,0.8,0.4628,1.4,2.0,1.7,0.4026,0.8,0.6,1.7999999523162842,0.6649,False,,,0,,,,,,,,,,,,,,,,,,,0.46218488,0.36933047,0.3128655,0.24489796,0.28796306,0.42857143,True
Mike Conley,MIN,196,16.8,2.0999999046325684,18.899999618530277,1.8,1.6,3.9,0.4315,1.8,1.6,2.2,0.4852,3.2,4.0,3.8,0.153,6.8,7.2,9.9,0.0898,3.6,3.2,6.1,0.296,5.0,5.6,7.7,0.1326,0.6,0.4,0.7,0.3725,0.6,0.4,0.5,0.1262,0.4,0.2,0.6000000238418579,0.1521,False,,,0,,,,,,,,,,,,,,,,,,,0.46218488,0.3802817,0.3128655,0.18811882,0.18181819,0.4871795,True
Jeff Green,HOU,137,6.9,-1.2000000476837158,5.699999809265137,2.6,0.8,2.5,0.3924,1.1,0.8,0.6,0.3959,0.4,0.4,0.3,0.2746,4.1,2.0,3.4,0.1251,3.7,1.6,3.1,0.489,3.0,1.2,2.8,0.3988,0.1,,0.1,0.2827,,,0.0,0.0852,,,0.4000000059604645,0.559,False,,,0,,,,,,,,,,,,,,,,,,,0.46218488,0.36933047,0.3128655,0.24489796,0.1875,0.46666667,True
Thaddeus Young,PHX,32,9.5,-0.6000000238418579,8.899999618530273,2.2,2.0,5.2,0.8242,3.5,3.2,4.0,0.6808,0.9,1.2,1.3,0.4141,6.6,6.4,10.5,0.6417,5.7,5.2,9.2,0.6755,3.1,3.2,6.5,0.7568,0.6,0.8,0.5,0.3111,0.2,,0.3,0.1451,0.3,0.2,0.6000000238418579,0.8322,False,,,0,,,,,,,,,,,,,,,,,,,0.46218488,0.3526971,0.3128655,0.5,0.1875,0.5194805,True
Derrick Rose,MEM,23,14.9,0.4000000059604645,15.300000190734863,7.5,7.0,9.6,0.3988,2.0,2.8,2.7,0.2037,3.3,3.2,3.3,0.1967,12.8,13.0,15.6,0.1819,9.5,9.8,12.3,0.2058,10.8,10.2,12.9,0.4146,0.1,0.2,0.3,0.2492,0.1,,0.2,0.117,1.0,1.6,1.5,0.6192,False,,,0,,,,,,,,,,,,,,,,,,,0.46218488,0.36933047,0.30357143,0.24489796,0.1875,0.5194805,True
Russell Westbrook,SAC,206,28.8,-0.800000011920929,28.0,15.9,15.0,15.7,0.4846,4.9,6.6,4.2,0.4946,7.5,10.2,6.9,0.4453,28.3,31.8,26.8,0.5203,20.8,21.6,19.9,0.6466,23.4,25.2,22.6,0.3062,1.3,1.4,1.1,0.427,0.2,,0.4,0.2625,2.5,1.4,2.900000095367432,0.8196,False,,,0,,,,,,,,,,,,,,,,,,,0.46218488,0.36933047,0.4375,0.38,0.2857143,1.0,True
Kevin Love,UTA,114,14.0,-0.6000000238418579,13.399999618530272,6.3,6.0,8.2,0.6497,6.0,6.0,7.6,0.3964,1.9,1.8,1.8,0.2553,14.2,13.8,17.6,0.4247,12.3,12.0,15.8,0.5427,8.2,7.8,10.0,0.5881,0.5,1.0,0.6,0.1443,0.1,,0.3,0.0731,0.8,1.0,1.0,0.807,False,,,0,,,,,,,,,,,,,,,,,,,0.46218488,0.36933047,0.3128655,0.2948361,0.11764706,0.5194805,True
Danilo Gallinari,MIL,48,7.1,-1.100000023841858,6.099999904632568,2.2,2.4,3.6,0.8123,0.7,1.0,1.2,0.2102,0.5,0.8,0.6,0.2153,3.4,4.2,5.4,0.153,2.9,3.4,4.8,0.4985,2.7,3.2,4.2,0.3434,0.4,0.6,0.3,0.3307,0.1,0.2,0.1,0.1263,0.4,0.6,0.5,0.5761,False,,,0,,,,,,,,,,,,,,,,,,,0.46218488,0.36933047,0.3128655,0.24489796,0.1875,0.46666667,True
Eric Gordon,PHI,112,15.4,-3.0,12.300000190734863,5.1,4.2,8.2,0.7462,0.9,0.4,1.2,0.5732,1.5,0.6,1.5,0.4431,7.5,5.2,10.9,0.3139,6.0,4.6,9.4,0.2543,6.6,4.8,9.7,0.4975,0.8,0.6,0.7,0.2949,0.1,,0.2,0.1355,0.8,0.6,0.699999988079071,0.6169,False,,,0,,,,,,,,,,,,,,,,,,,0.44717932,0.3802817,0.3128655,0.42857143,0.1875,0.4871795,True
Brook Lopez,LAC,227,27.7,0.0,27.700000762939453,9.8,13.4,12.4,0.9451,4.9,6.6,5.2,0.7511,2.1,2.0,2.0,0.2652,16.8,22.0,19.6,0.8128,14.7,20.0,17.6,0.8304,11.9,15.4,14.4,0.7879,0.8,1.2,1.0,0.2183,2.3,2.6,2.1,0.6234,0.8,1.0,1.0,0.3455,False,,,0,,,,,,,,,,,,,,,,,,,0.39215687,0.36933047,0.3128655,0.5,0.33333334,0.42857143,True
Robin Lopez,MIL,15,3.3,1.100000023841858,4.400000095367432,1.0,0.8,3.3,0.4165,0.4,0.4,1.1,0.5014,0.3,0.4,0.6,0.3094,1.7,1.6,5.0,0.3361,1.4,1.2,4.4,0.3028,1.3,1.2,3.9,0.2523,,,0.3,0.2206,0.1,,0.2,0.1923,0.1,0.2,0.3000000119209289,0.613,False,,,0,,,,,,,,,,,,,,,,,,,0.46218488,0.36933047,0.3128655,0.23684211,0.18181819,0.46666667,True
JaVale McGee,SAC,45,4.2,-0.0,4.199999809265137,1.1,0.4,2.3,0.4747,1.5,1.4,1.7,0.4479,0.1,,0.3,0.3575,2.7,,4.3,0.5598,2.6,,4.0,0.4188,1.2,,2.6,0.5647,0.5,0.8,0.3,0.3049,0.1,0.2,0.1,0.0781,0.1,,0.3000000119209289,0.6766,False,,,0,,,,,,,,,,,,,,,,,,,0.46218488,0.36933047,0.3128655,0.24489796,0.22222222,0.4871795,True
Nicolas Batum,LAC,207,13.8,-1.100000023841858,12.699999809265137,3.6,4.8,2.0,0.1416,2.5,3.8,2.2,0.3881,0.7,0.6,0.7,0.0882,6.8,9.2,4.9,0.0726,6.1,8.6,4.2,0.1665,4.3,5.4,2.7,0.133,0.6,1.0,0.3,0.1849,0.2,0.2,0.1,0.1343,0.1,0.2,0.0,0.1052,False,,,0,,,,,,,,,,,,,,,,,,,0.46218488,0.36933047,0.3128655,0.36339977,0.14457831,0.4,True
DeAndre Jordan,NOP,103,16.8,0.3000000119209289,17.100000381469727,3.8,3.4,5.2,0.4833,6.4,4.4,7.1,0.6185,1.1,1.8,1.1,0.1611,11.3,9.6,13.4,0.494,10.2,7.8,12.3,0.6487,4.9,5.2,6.3,0.4816,0.4,0.4,0.4,0.2085,0.9,0.6,1.0,0.0817,0.9,0.4,0.8999999761581421,0.8581,False,,,0,,,,,,,,,,,,,,,,,,,0.4848485,0.3526971,0.3128655,0.24489796,0.1875,0.5194805,True
James Harden,CLE,216,36.0,-1.600000023841858,34.400001525878906,21.7,18.8,21.2,0.5997,5.8,5.8,5.2,0.6258,8.9,10.4,7.7,0.2332,36.4,35.0,34.1,0.3866,27.5,24.6,26.4,0.5744,30.6,29.2,28.9,0.2882,1.1,1.0,1.1,0.2869,0.5,0.8,0.5,0.1559,3.2,2.2,3.900000095367432,0.306,False,,,0,,,,,,,,,,,,,,,,,,,0.46218488,0.36933047,0.3128655,0.5,0.1875,0.46811828,True
Stephen Curry,GSW,182,29.7,1.5,31.200000762939453,23.2,25.2,23.9,0.8152,2.6,2.6,3.2,0.5996,6.2,4.8,5.4,0.357,32.0,32.6,32.5,0.6024,25.8,27.8,27.1,0.6791,29.4,30.0,29.3,0.7561,1.0,1.4,1.2,0.4904,0.3,,0.6,0.1269,2.5,2.6,3.5999999046325684,0.7289,False,,,0,,,,,,,,,,,,,,,,,,,0.46218488,0.3526971,0.3128655,0.40704185,0.33333334,0.5194805,True
DeMar DeRozan,SAC,229,30.6,1.2999999523162842,31.899999618530277,19.9,13.0,21.3,0.9243,2.7,2.8,3.0,0.8335,5.7,6.0,5.6,0.3424,28.3,21.8,29.9,0.8273,22.6,15.8,24.3,0.8608,25.6,19.0,26.9,0.6857,0.8,,0.8,0.1648,0.4,0.2,0.4,0.1019,2.2,1.2,2.5,0.7367,False,,,0,19.0,5.399999999999999,3.5,-0.2000000476837158,5.0,0.9000000000000004,25.5,8.100000000000001,22.5,5.200000762939453,24.5,5.800000000000001,1.0,-0.199999988079071,0.5,-0.0999999940395355,1.5,1.0,0.46218488,0.3526971,0.30357143,0.18811882,0.14457831,0.5194805,True
James Johnson,IND,20,2.9,-0.4000000059604645,2.5999999046325684,0.6,,1.8,0.385,0.5,0.2,0.7,0.5189,0.3,0.2,0.5,0.2903,1.4,,3.0,0.3845,1.1,,2.5,0.3504,0.9,,2.3,0.3441,,,0.3,0.2551,0.1,,0.1,0.1413,0.3,,0.4000000059604645,0.7176,False,,,0,,,,,,,,,,,,,,,,,,,0.46218488,0.36933047,0.3128655,0.24489796,0.22222222,0.4871795,True
Jrue Holiday,POR,178,28.6,0.4000000059604645,29.0,13.5,13.4,17.6,0.8881,4.4,4.0,4.3,0.559,5.5,4.0,5.3,0.3808,23.4,21.4,27.2,0.7101,17.9,17.4,21.9,0.8195,19.0,17.4,22.9,0.7047,0.7,0.6,0.8,0.3245,0.1,,0.1,0.0771,2.3,3.0,2.799999952316284,0.7754,False,,,0,,,,,,,,,,,,,,,,,,,0.46218488,0.3802817,0.3128655,0.42857143,0.14457831,0.4871795,True
Taj Gibson,MEM,63,10.5,0.699999988079071,11.199999809265137,3.4,3.4,5.9,0.6194,2.8,2.2,3.5,0.6739,0.4,0.2,0.6,0.1675,6.6,5.8,10.0,0.3272,6.2,5.6,9.4,0.5142,3.8,3.6,6.5,0.4421,0.1,0.2,0.3,0.1778,0.4,0.2,0.4,0.1481,0.3,,0.6000000238418579,0.7943,False,,,0,,,,,,,,,,,,,,,,,,,0.46218488,0.36933047,0.3128655,0.24489796,0.14457831,0.5194805,True
Patrick Beverley,MIL,72,23.2,2.799999952316284,25.899999618530277,7.4,11.8,6.0,0.1943,4.2,6.2,4.2,0.4615,3.4,4.8,3.0,0.4109,15.0,22.8,13.2,0.1286,11.6,18.0,10.2,0.2005,10.8,16.6,9.0,0.377,0.5,0.8,0.8,0.2338,0.5,0.4,0.7,0.2013,0.3,0.2,0.6000000238418579,0.2834,False,,,0,,,,,,,,,,,,,,,,,,,0.46218488,0.36933047,0.3128655,0.42857143,0.14457831,0.4871795,True
Patty Mills,LAC,60,4.6,1.899999976158142,6.599999904632568,3.2,4.4,3.9,0.3025,,,1.9,0.5126,0.3,0.2,0.7,0.2091,,,6.5,0.2617,,,5.8,0.441,,,4.6,0.3034,,,0.3,0.204,,,0.2,0.1235,0.1,,0.6000000238418579,0.7291,False,,,0,,,,,,,,,,,,,,,,,,,0.46218488,0.36933047,0.3128655,0.24489796,0.14457831,0.4871795,True
Garrett Temple,TOR,75,3.7,0.5,4.199999809265137,1.0,1.4,0.4,0.0192,0.4,0.6,0.3,0.1489,0.5,0.8,0.4,0.2385,1.9,2.8,1.1,0.0573,1.4,2.0,0.7,0.0582,1.5,2.2,0.8,0.0396,,,0.1,0.1522,0.1,0.2,0.1,0.1178,0.4,0.8,0.1000000014901161,0.1877,False,,,0,,,,,,,,,,,,,,,,,,,0.46218488,0.36933047,0.3128655,0.24489796,0.14457831,0.42857143,True
Wesley Matthews,ATL,35,14.0,-4.599999904632568,9.399999618530272,5.1,4.0,2.6,0.1485,2.0,2.2,1.7,0.4015,0.8,0.8,0.6,0.3642,7.9,7.0,4.9,0.2252,7.1,6.2,4.3,0.2891,5.9,4.8,3.2,0.0445,0.5,0.4,0.3,0.3899,0.4,0.2,0.3,0.1236,0.2,0.4,0.2000000029802322,0.5127,False,,,0,,,,,,,,,,,,,,,,,,,0.46218488,0.3526971,0.3128655,0.24489796,0.14457831,0.4871795,True
Gordon Hayward,OKC,50,16.5,2.5,18.899999618530277,6.0,7.6,7.7,0.543,1.7,2.2,2.7,0.4871,1.2,1.2,1.8,0.1491,8.9,11.0,12.2,0.2157,7.7,9.8,10.4,0.2973,7.2,8.8,9.5,0.4092,0.7,1.0,0.8,0.2985,0.1,0.2,0.2,0.1077,0.5,0.8,0.8999999761581421,0.4708,False,,,0,,,,,,,,,,,,,,,,,,,0.46218488,0.36933047,0.3128655,0.38,0.22222222,0.42857143,True
Paul George,PHI,144,32.2,0.6000000238418579,32.79999923706055,18.4,22.0,18.9,0.6401,5.9,6.4,5.6,0.512,4.0,3.6,3.7,0.353,28.3,32.0,28.2,0.2783,24.3,28.4,24.5,0.278,22.4,25.6,22.6,0.4133,2.3,2.8,1.9,0.2689,0.5,0.4,0.9,0.1576,1.2,1.2,1.7999999523162842,0.3002,False,,,0,19.5,-1.1000000000000014,6.0,-0.5,4.25,-0.5499999999999998,28.5,-0.8999999999999986,27.5,-3.6000003814697266,23.5,-1.3999999999999986,3.0,-1.100000023841858,1.0,-0.1000000238418579,,,0.46218488,0.36933047,0.3128655,0.18811882,0.1875,0.4871795,True
Ish Smith,CHA,42,19.3,3.900000095367432,23.200000762939453,2.6,3.2,4.4,0.6308,2.1,1.2,2.8,0.4654,4.3,3.6,5.1,0.1638,9.0,8.0,12.3,0.4957,4.7,4.4,7.2,0.3282,6.9,6.8,9.5,0.5005,0.6,0.6,0.7,0.3774,0.1,,0.3,0.154,0.8,1.0,1.100000023841858,0.5112,False,,,0,,,,,,,,,,,,,,,,,,,0.46218488,0.3802817,0.3128655,0.23684211,0.14457831,0.5194805,True
Kyrie Irving,DAL,107,39.3,-0.6000000238418579,38.70000076293945,28.1,28.6,24.5,0.6506,5.8,5.6,5.2,0.5939,4.1,4.0,4.3,0.3672,38.0,38.2,34.0,0.4099,33.9,34.2,29.7,0.1787,32.2,32.6,28.8,0.3403,1.8,1.4,1.7,0.3456,1.0,1.4,1.3,0.2581,2.0,1.8,2.5,0.2983,False,,,0,,,,,,,,,,,,,,,,,,,0.46218488,0.36933047,0.3128655,0.577821,0.33333334,0.5194805,True
Tristan Thompson,CLE,88,6.5,2.799999952316284,9.399999618530272,1.9,3.0,2.7,0.1714,3.1,4.4,7.7,0.1531,0.3,0.4,0.6,0.221,5.3,7.8,11.0,0.047,5.0,7.4,10.4,0.2048,2.2,3.4,3.3,0.0639,,,0.4,0.2437,0.1,0.2,0.3,0.1306,0.1,,0.4000000059604645,0.2702,False,,,0,,,,,,,,,,,,,,,,,,,0.46218488,0.36933047,0.30357143,0.24489796,0.18181819,0.42857143,True
Jonas Valančiūnas,DEN,221,9.0,-2.299999952316284,6.699999809265137,5.3,6.0,4.4,0.0462,3.7,4.0,2.6,0.1595,0.8,1.0,0.5,0.213,9.8,11.0,7.5,0.0322,9.0,10.0,7.0,0.0336,6.1,7.0,4.9,0.1233,0.1,,0.1,0.1705,0.2,0.2,0.2,0.0683,0.8,0.6,0.2000000029802322,0.1495,False,,,0,,,,,,,,,,,,,,,,,,,0.46218488,0.36933047,0.3128655,0.23684211,0.14457831,0.4871795,True
Bismack Biyombo,SAS,90,6.0,-0.8999999761581421,5.099999904632568,1.2,1.0,1.0,0.0376,1.3,1.2,1.8,0.3149,0.2,,0.4,0.2809,2.7,,3.2,0.0703,2.5,,2.8,0.0926,1.4,,1.4,0.1108,0.1,,0.2,0.1632,,,0.2,0.1686,0.4,0.4,0.2000000029802322,0.2866,False,,,0,,,,,,,,,,,,,,,,,,,0.39215687,0.36933047,0.3128655,0.24489796,0.18181819,0.46666667,True
Klay Thompson,DAL,213,21.5,-2.299999952316284,19.200000762939453,13.4,11.8,9.4,0.556,1.1,0.6,1.6,0.3501,1.3,1.4,1.2,0.2331,15.8,13.8,12.2,0.194,14.5,12.4,11.0,0.4238,14.7,13.2,10.6,0.2499,0.5,0.4,0.4,0.1381,0.3,0.6,0.2,0.1344,0.6,0.6,0.699999988079071,0.1854,False,,,0,,,,,,,,,,,,,,,,,,,0.46218488,0.3526971,0.3128655,0.18811882,0.1875,0.4871795,True
Alec Burks,MIA,114,18.6,0.0,18.700000762939453,11.1,10.8,9.2,0.3086,2.0,2.2,2.3,0.4624,0.9,1.0,1.3,0.1247,14.0,14.0,12.8,0.2997,13.1,13.0,11.5,0.4095,12.0,11.8,10.5,0.2833,0.5,0.4,0.6,0.1509,0.1,,0.2,0.1134,1.1,1.2,0.8999999761581421,0.4745,False,,,0,,,,,,,,,,,,,,,,,,,0.39215687,0.3802817,0.30357143,0.24489796,0.14457831,0.42857143,True
Markieff Morris,LAL,40,11.1,-1.2999999523162842,9.699999809265137,4.0,5.4,4.1,0.3686,1.4,2.0,1.6,0.3258,1.3,1.8,1.2,0.1932,6.7,9.2,6.9,0.07,5.4,7.4,5.7,0.1983,5.3,7.2,5.3,0.1128,0.1,,0.3,0.2204,0.1,0.2,0.2,0.2231,0.1,,0.4000000059604645,0.5022,False,,,0,,,,,,,,,,,,,,,,,,,0.46218488,0.3802817,0.3128655,0.23684211,0.14457831,0.42857143,True
Marcus Morris Sr.,CLE,48,14.1,-4.800000190734863,9.300000190734863,4.8,4.0,6.0,0.708,1.8,0.4,2.3,0.281,1.0,0.6,0.8,0.4453,7.6,5.0,9.1,0.3987,6.6,4.4,8.3,0.2153,5.8,4.6,6.8,0.2965,0.2,0.2,0.3,0.2223,0.2,0.2,0.2,0.1457,1.0,0.8,0.800000011920929,0.6285,False,,,0,,,,,,,,,,,,,,,,,,,0.46218488,0.36933047,0.3128655,0.24489796,0.14457831,0.46666667,True
Kawhi Leonard,LAC,164,30.4,0.800000011920929,31.200000762939453,29.5,27.4,27.8,0.5717,6.0,6.0,6.9,0.7327,3.3,3.2,3.5,0.3005,38.8,36.6,38.2,0.2565,35.5,33.4,34.7,0.2415,32.8,30.6,31.3,0.4571,1.8,1.8,1.5,0.4987,0.3,0.6,0.4,0.113,1.9,1.6,1.899999976158142,0.3588,False,,,0,,,,,,,,,,,,,,,,,,,0.4848485,0.36933047,0.3128655,0.5,0.33333334,0.4871795,True
Nikola Vučević,BOS,208,22.9,-0.2000000029802322,22.700000762939453,11.4,11.6,9.1,0.0196,7.4,8.0,5.6,0.1588,1.8,2.6,2.1,0.1561,20.6,22.2,16.8,0.0448,18.8,19.6,14.7,0.0352,13.2,14.2,11.2,0.0199,0.3,,0.4,0.1749,0.9,0.8,1.0,0.1497,0.9,0.4,0.3000000119209289,0.1554,False,,,0,,,,,,,,,,,,,,,,,,,0.46218488,0.36933047,0.30357143,0.38,0.22222222,0.4871795,True
Tobias Harris,DET,200,27.2,1.0,28.200000762939453,13.6,15.8,12.5,0.1144,5.4,5.8,5.7,0.4981,4.2,4.8,3.6,0.4194,23.2,26.4,21.8,0.0883,19.0,21.6,18.2,0.1193,17.8,20.6,16.1,0.0878,0.5,0.8,0.8,0.2997,1.0,1.2,0.8,0.1588,0.9,1.0,0.8999999761581421,0.2011,False,,,0,,,,,,,,,,,,,,,,,,,0.46218488,0.36933047,0.3128655,0.38,0.33333334,0.5194805,True
Reggie Jackson,PHI,112,13.4,1.5,14.899999618530272,4.8,3.8,5.1,0.3429,1.5,2.0,1.9,0.4078,1.2,1.4,1.3,0.2289,7.5,7.2,8.3,0.2919,6.3,5.8,7.0,0.2252,6.0,5.2,6.4,0.0957,0.5,0.6,0.5,0.246,,,0.2,0.0629,0.6,,0.5,0.5579,False,,,0,,,,,,,,,,,,,,,,,,,0.46218488,0.36933047,0.3128655,0.24489796,0.11764706,0.4871795,True
Cory Joseph,ORL,75,21.9,-0.3000000119209289,21.600000381469727,6.5,7.0,6.3,0.4695,3.3,3.0,3.4,0.4128,2.4,1.8,2.4,0.1229,12.2,11.8,12.1,0.4339,9.8,10.0,9.7,0.3692,8.9,8.8,8.7,0.2129,0.7,1.0,0.7,0.3308,,,0.3,0.1072,0.5,0.6,0.699999988079071,0.7353,False,,,0,,,,,,,,,,,,,,,,,,,0.46218488,0.36933047,0.4375,0.5,0.14457831,0.5194805,True
Jimmy Butler III,GSW,152,31.4,0.6000000238418579,32.0,21.2,22.8,21.7,0.7181,5.7,6.4,5.7,0.5855,4.9,4.8,5.0,0.4403,31.8,34.0,32.4,0.5087,26.9,29.2,27.4,0.588,26.1,27.6,26.7,0.7038,1.4,1.0,1.3,0.3516,0.1,,0.6,0.2155,1.7,1.2,2.400000095367432,0.7363,False,,,0,,,,,,,,,,,,,,,,,,,0.46218488,0.36933047,0.3128655,0.42857143,0.2857143,0.5194805,True
Bojan Bogdanovic,NYK,56,16.4,0.4000000059604645,16.799999237060547,10.5,10.0,11.3,0.1958,1.7,1.2,1.6,0.366,0.6,0.8,1.0,0.1773,12.8,12.0,13.9,0.1614,12.2,11.2,12.9,0.38,11.1,10.8,12.3,0.4107,0.2,0.4,0.5,0.1513,,,0.2,0.2173,0.9,1.0,1.100000023841858,0.529,False,,,0,,,,,,,,,,,,,,,,,,,0.39215687,0.36933047,0.3128655,0.24489796,0.1875,0.4871795,True
Davis Bertans,CHA,42,22.0,0.3000000119209289,22.299999237060547,9.5,10.0,9.4,0.4205,1.9,2.4,2.2,0.3801,0.8,0.8,1.0,0.2314,12.2,13.2,12.6,0.1367,11.4,12.4,11.6,0.1511,10.3,10.8,10.4,0.1655,0.9,1.2,0.8,0.2209,0.3,0.4,0.4,0.0962,0.6,1.0,0.699999988079071,0.5597,False,,,0,,,,,,,,,,,,,,,,,,,0.46218488,0.36933047,0.3128655,0.42857143,0.14457831,0.4871795,True
Anthony Davis,DAL,146,32.8,2.0999999046325684,34.900001525878906,21.9,18.4,22.7,0.8607,11.6,9.6,11.9,0.5945,2.2,2.2,3.1,0.3938,35.7,30.2,37.7,0.7727,33.5,28.0,34.6,0.7417,24.1,20.6,25.8,0.7281,1.1,1.0,1.0,0.3505,1.7,1.8,2.3,0.2606,2.2,2.4,2.299999952316284,0.4946,False,,,0,,,,,,,,,,,,,,,,,,,0.46218488,0.3526971,0.3128655,0.3994376,0.33333334,0.4871795,True
Bradley Beal,LAC,111,25.9,-1.7000000476837158,24.200000762939453,10.7,7.4,12.7,0.4075,1.8,1.0,2.0,0.4723,2.8,1.4,3.2,0.601,15.3,9.8,17.9,0.5376,12.5,8.4,14.7,0.4286,13.5,8.8,15.9,0.4066,1.1,0.4,0.8,0.274,0.3,,0.4,0.216,1.5,1.6,1.2000000476837158,0.5573,False,,,0,,,,,,,,,,,,,,,,,,,0.46218488,0.36933047,0.3128655,0.5,0.14457831,0.5194805,True
Damian Lillard,MIL,130,34.2,0.6000000238418579,34.70000076293945,23.3,20.6,22.4,0.6691,5.0,5.0,5.8,0.5633,5.8,7.0,6.1,0.3478,34.1,32.6,34.3,0.3676,28.3,25.6,28.2,0.4999,29.1,27.6,28.5,0.4715,1.4,1.0,1.3,0.432,,,0.5,0.2533,2.2,1.6,2.5999999046325684,0.1777,False,,,0,,,,,,,,,,,,,,,,,,,0.4848485,0.36933047,0.3128655,0.5,0.33333334,0.42857143,True
Andre Drummond,PHI,174,18.4,-3.5,14.899999618530272,4.8,6.4,4.1,0.1822,7.2,7.0,5.8,0.4788,1.9,2.2,1.5,0.1706,13.9,15.6,11.4,0.2402,12.0,13.4,9.9,0.2432,6.7,8.6,5.6,0.0914,0.2,,0.4,0.1612,0.7,1.4,0.6,0.1187,1.1,1.0,0.4000000059604645,0.3773,False,,,0,,,,,,,,,,,,,,,,,,,0.46218488,0.3802817,0.30357143,0.38,0.1875,0.5194805,True
Harrison Barnes,SAS,233,21.4,-0.699999988079071,20.700000762939453,9.4,9.0,9.0,0.3278,2.8,2.2,2.6,0.4562,1.6,1.6,1.5,0.1665,13.8,12.8,13.1,0.3579,12.2,11.2,11.6,0.2553,11.0,10.6,10.5,0.4454,0.5,0.6,0.5,0.164,,,0.2,0.0689,0.6,,0.6000000238418579,0.5221,False,,,0,7.5,0.9000000000000004,3.0,-0.4000000953674316,1.5,0.0,17.0,-4.5,14.5,-3.5,12.0,-2.1,,,0.5,-0.2999999970197677,0.5,0.1000000238418579,0.46218488,0.36933047,0.3128655,0.38,0.14457831,0.42857143,True
Evan Fournier,DET,31,19.9,4.5,24.399999618530277,7.1,7.8,9.8,0.7797,1.7,1.8,2.1,0.4005,1.3,1.4,1.8,0.2827,10.1,11.0,13.7,0.4862,8.8,9.6,11.9,0.578,8.4,9.2,11.6,0.4202,0.7,0.4,0.9,0.2937,0.4,0.6,0.5,0.1635,0.5,0.6,1.100000023841858,0.4332,False,,,0,,,,,,,,,,,,,,,,,,,0.46218488,0.3802817,0.3128655,0.24489796,0.1875,0.4871795,True
Jae Crowder,SAC,58,14.5,-7.599999904632568,6.900000095367432,2.9,,3.7,0.8135,2.5,1.4,2.2,0.4266,0.6,0.8,0.6,0.3355,6.0,,6.5,0.4108,5.4,,5.9,0.5478,3.5,,4.3,0.7647,0.4,0.2,0.3,0.312,,,0.2,0.1323,0.7,0.4,0.6000000238418579,0.7105,False,,,0,,,,,,,,,,,,,,,,,,,0.46218488,0.3526971,0.3128655,0.24489796,0.1875,0.4871795,True
Draymond Green,GSW,184,30.7,1.2000000476837158,31.899999618530277,8.9,7.4,9.3,0.9034,5.3,5.4,5.3,0.3983,6.1,5.8,5.7,0.4722,20.3,18.6,20.3,0.681,14.2,12.8,14.6,0.7891,15.0,13.2,15.0,0.7928,1.3,1.4,1.2,0.356,0.6,0.8,0.5,0.1658,3.0,3.6,3.200000047683716,0.3675,False,,,0,9.5,1.4000000000000004,6.0,-0.5999999046325684,6.25,-0.6500000000000004,21.5,0.3999999999999986,15.0,1.2999992370605469,15.5,1.0,1.5,-0.2999999523162842,1.0,-0.5,2.5,0.7000000476837158,0.46218488,0.3526971,0.30357143,0.23684211,0.14457831,0.5194805,True
Khris Middleton,DAL,148,19.4,1.100000023841858,20.5,10.3,7.4,11.2,0.4517,3.1,3.4,4.4,0.5344,1.6,1.8,2.6,0.2999,15.0,12.6,18.2,0.5276,13.4,10.8,15.6,0.6543,11.9,9.2,13.8,0.5283,0.9,0.8,0.9,0.1744,,,0.3,0.1181,1.9,2.0,1.899999976158142,0.5911,False,,,0,,,,,,,,,,,,,,,,,,,0.46218488,0.3802817,0.3128655,0.5,0.11764706,0.4871795,True
Justin Holiday,DEN,57,16.4,-0.4000000059604645,16.0,5.3,5.0,4.8,0.5357,1.3,1.0,1.4,0.3184,1.1,1.6,1.3,0.1007,7.7,7.6,7.5,0.2172,6.6,6.0,6.2,0.1783,6.4,6.6,6.1,0.1105,0.9,0.6,0.7,0.3024,0.3,,0.3,0.0989,0.3,0.4,0.5,0.7047,False,,,0,,,,,,,,,,,,,,,,,,,0.46218488,0.36933047,0.3128655,0.38,0.11764706,0.5194805,True
Alex Len,LAL,93,11.1,-3.0,8.100000381469727,1.8,2.8,3.4,0.766,2.9,4.0,2.6,0.3177,0.7,1.0,0.7,0.2389,5.4,7.8,6.7,0.428,4.7,6.8,6.0,0.5499,2.5,3.8,4.1,0.57,0.1,0.2,0.3,0.2326,0.2,0.2,0.3,0.0749,0.6,1.2,0.699999988079071,0.6396,False,,,0,,,,,,,,,,,,,,,,,,,0.46218488,0.36933047,0.30357143,0.24489796,0.1875,0.46666667,True
CJ McCollum,ATL,192,29.2,2.0,31.200000762939453,20.2,21.6,19.9,0.6177,2.8,3.4,3.5,0.5646,4.2,5.2,4.3,0.3003,27.2,30.2,27.7,0.4556,23.0,25.0,23.4,0.5323,24.4,26.8,24.2,0.3771,0.9,0.6,1.0,0.2298,0.5,,0.5,0.1644,1.9,1.8,2.5,0.4723,False,,,0,18.5,2.3999999999999986,4.0,-0.2999999523162842,4.5,-0.0999999999999996,25.5,3.5,22.0,2.6000003814697266,22.5,2.8000000000000007,1.0,0.0,1.0,-0.5,,,0.46218488,0.3526971,0.3128655,0.24489796,0.14457831,0.4871795,True
Cody Zeller,NOP,42,4.8,0.3000000119209289,5.099999904632568,1.5,2.0,1.9,0.1392,2.5,3.0,2.5,0.2129,0.5,0.6,0.7,0.2848,4.5,5.6,5.1,0.1626,4.0,5.0,4.4,0.1857,2.0,2.6,2.6,0.0983,0.4,0.2,0.3,0.1694,0.1,0.2,0.3,0.1993,0.4,0.4,0.3000000119209289,0.1862,False,,,0,,,,,,,,,,,,,,,,,,,0.46218488,0.36933047,0.3128655,0.24489796,0.14457831,0.47885323,True
Dennis Schröder,CLE,219,19.1,1.5,20.600000381469727,5.0,4.4,9.2,0.778,2.1,2.4,2.3,0.6377,3.9,3.4,4.4,0.3054,11.0,10.2,15.9,0.5169,7.1,6.8,11.5,0.4588,8.9,7.8,13.6,0.8553,0.4,0.4,0.7,0.1917,,,0.2,0.0793,0.7,0.6,1.600000023841858,0.8145,False,,,0,,,,,,,,,,,,,,,,,,,0.5294118,0.3802817,0.3128655,0.38,0.1875,0.5194805,True
Kelly Olynyk,SAS,162,6.9,-0.3000000119209289,6.599999904632568,2.7,3.6,2.3,0.0966,1.6,1.6,1.9,0.3565,1.1,1.4,0.9,0.2102,5.4,6.6,5.1,0.0571,4.3,5.2,4.2,0.1403,3.8,5.0,3.2,0.0298,0.1,0.2,0.2,0.2169,0.2,0.2,0.2,0.0454,0.6,0.4,0.3000000119209289,0.1128,False,,,0,,,,,,,,,,,,,,,,,,,0.46218488,0.3802817,0.3128655,0.24489796,0.26732996,0.4871795,True
Kentavious Caldwell-Pope,MEM,203,22.0,1.2999999523162842,23.299999237060547,9.2,11.4,8.1,0.1104,2.7,2.4,2.7,0.5167,2.1,1.6,2.0,0.2663,14.0,15.4,12.8,0.1976,11.9,13.8,10.8,0.2388,11.3,13.0,10.1,0.1222,0.7,0.6,0.7,0.267,,,0.4,0.1156,1.1,1.4,0.8999999761581421,0.3739,False,,,0,,,,,,,,,,,,,,,,,,,0.46218488,0.36933047,0.3128655,0.38,0.1875,0.4871795,True
Mason Plumlee,SAS,137,9.6,-3.5999999046325684,6.0,2.1,1.2,2.1,0.3459,3.5,2.4,3.0,0.4231,1.4,0.4,1.0,0.4134,7.0,4.0,6.1,0.6933,5.6,3.6,5.1,0.6402,3.5,1.6,3.1,0.2316,0.7,0.6,0.5,0.3153,,,0.3,0.1288,0.6,0.6,0.5,0.7264,False,,,0,,,,,,,,,,,,,,,,,,,0.44444445,0.36933047,0.3128655,0.24489796,0.18181819,0.4871795,True
Mike Muscala,OKC,52,5.3,0.5,5.800000190734863,1.0,1.2,1.4,0.1326,1.1,1.4,1.6,0.3586,0.3,0.4,0.5,0.3527,2.4,3.0,3.5,0.1282,2.1,2.6,3.0,0.1377,1.3,1.6,1.9,0.1457,0.1,,0.3,0.278,0.1,0.2,0.2,0.1076,0.3,0.4,0.2000000029802322,0.2324,False,,,0,,,,,,,,,,,,,,,,,,,0.46218488,0.3802817,0.3128655,0.24489796,0.14457831,0.46666667,True
Otto Porter Jr.,TOR,14,10.2,1.899999976158142,12.100000381469728,2.4,2.2,0.9,0.0909,1.6,1.4,1.9,0.1594,0.6,1.2,0.5,0.1366,4.6,4.8,3.3,0.0617,4.0,3.6,2.8,0.1501,3.0,3.4,1.4,0.0604,0.3,0.4,0.2,0.3471,0.3,0.4,0.3,0.1201,0.2,0.2,0.0,0.2086,False,,,0,,,,,,,,,,,,,,,,,,,0.46218488,0.3526971,0.3128655,0.24489796,0.11764706,0.5194805,True
Reggie Bullock Jr.,HOU,43,8.7,-1.5,7.199999809265137,1.7,2.2,2.2,0.4391,1.0,1.0,2.0,0.3329,0.3,0.4,0.3,0.2188,3.0,3.6,4.5,0.4414,2.7,3.2,4.2,0.2756,2.0,2.6,2.5,0.1639,0.3,0.6,0.3,0.2879,0.2,0.4,0.2,0.1351,0.1,0.2,0.4000000059604645,0.7398,False,,,0,,,,,,,,,,,,,,,,,,,0.46218488,0.3802817,0.3128655,0.24489796,0.14457831,0.4871795,True
Robert Covington,PHI,28,15.8,1.0,16.799999237060547,4.2,2.2,4.1,0.2482,3.2,2.6,4.1,0.3419,0.7,0.8,0.8,0.3404,8.1,5.6,9.0,0.2479,7.4,4.8,8.2,0.4932,4.9,3.0,4.9,0.2643,1.5,1.6,1.2,0.4338,0.4,0.6,0.6,0.109,0.7,0.4,0.5,0.5672,False,,,0,,,,,,,,,,,,,,,,,,,0.46218488,0.25,0.3128655,0.38,0.1875,0.5194805,True
Rudy Gobert,MIN,219,30.8,-0.6000000238418579,30.200000762939453,11.7,15.2,11.8,0.7197,11.9,13.4,11.1,0.4829,1.4,0.6,1.7,0.1617,25.0,29.2,24.6,0.4572,23.6,28.6,22.9,0.5292,13.1,15.8,13.5,0.627,0.7,1.0,0.8,0.1961,1.8,2.6,1.6,0.2858,1.5,1.2,1.2000000476837158,0.2742,False,,,0,,,,,,,,,,,,,,,,,,,0.39215687,0.3526971,0.3128655,0.42857143,0.18181819,0.4871795,True
Steven Adams,HOU,89,24.5,-1.100000023841858,23.399999618530277,5.6,5.0,5.4,0.2348,8.1,8.8,8.5,0.4741,1.5,1.8,1.4,0.4911,15.2,15.6,15.3,0.3505,13.7,13.8,13.9,0.2544,7.1,6.8,6.8,0.2897,0.7,0.8,0.6,0.3965,0.6,1.2,0.7,0.2558,1.2,1.0,0.800000011920929,0.5576,False,,,0,,,,,,,,,,,,,,,,,,,0.4848485,0.3526971,0.3128655,0.38,0.33333334,0.5194805,True
Tim Hardaway Jr.,DEN,230,24.3,0.699999988079071,25.0,12.7,14.4,13.7,0.2714,2.4,2.4,2.4,0.494,1.6,1.0,1.7,0.3638,16.7,17.8,17.8,0.2026,15.1,16.8,16.1,0.2678,14.3,15.4,15.4,0.1278,0.5,0.4,0.5,0.0954,,,0.2,0.1956,0.8,0.6,0.6000000238418579,0.4234,False,,,0,,,,,,,,,,,,,,,,,,,0.39215687,0.3802817,0.30357143,0.24489796,0.1875,0.4871795,True
Giannis Antetokounmpo,MIL,175,28.5,1.0,29.5,23.1,24.6,29.1,0.8734,9.4,7.4,10.0,0.5569,4.6,4.0,4.8,0.3459,37.1,36.0,43.9,0.5681,32.5,32.0,39.1,0.7965,27.7,28.6,33.9,0.7441,1.2,1.4,1.0,0.2368,0.3,0.4,0.8,0.0706,3.4,2.8,3.400000095367432,0.7237,False,,,0,,,,,,,,,,,,,,,,,,,0.46218488,0.25,0.30357143,0.5,0.33333334,0.5194805,True
Seth Curry,GSW,116,18.6,-6.599999904632568,11.899999618530272,9.5,8.8,5.2,0.1618,2.1,1.6,1.7,0.442,1.8,1.4,1.3,0.3313,13.4,11.8,8.2,0.2806,11.6,10.4,6.9,0.5059,11.3,10.2,6.5,0.0942,0.4,0.6,0.3,0.2819,,,0.1,0.0955,0.5,0.2,0.3000000119209289,0.2627,False,,,0,,,,,,,,,,,,,,,,,,,0.46218488,0.36933047,0.3128655,0.24489796,0.11764706,0.4871795,True
Thanasis Antetokounmpo,MIL,63,4.5,1.100000023841858,5.599999904632568,1.4,1.6,3.7,0.5034,1.1,1.8,2.5,0.3452,0.5,0.8,0.8,0.1945,3.0,4.2,7.0,0.1073,2.5,3.4,6.2,0.5488,1.9,2.4,4.5,0.2479,0.3,0.2,0.4,0.2911,0.2,0.2,0.3,0.1698,0.3,0.6,0.699999988079071,0.5093,False,,,0,,,,,,,,,,,,,,,,,,,0.39215687,0.3526971,0.3128655,0.23684211,0.14457831,0.4,True
Zach LaVine,SAC,137,28.9,-0.1000000014901161,28.799999237060547,18.6,18.0,15.3,0.2904,2.1,2.4,2.3,0.5089,2.1,1.2,2.2,0.3665,22.8,21.6,19.8,0.2857,20.7,20.4,17.6,0.1718,20.7,19.2,17.5,0.2097,0.8,1.0,0.8,0.1743,0.3,,0.6,0.1059,1.5,1.6,1.0,0.3943,False,,,0,,,,,,,,,,,,,,,,,,,0.46218488,0.3526971,0.3128655,0.38,0.14457831,0.42857143,True
Elfrid Payton,NOP,23,22.6,2.0999999046325684,24.700000762939453,2.9,2.2,3.0,0.5161,4.0,4.4,4.4,0.3447,9.5,12.0,8.1,0.5129,16.4,18.6,15.5,0.4623,6.9,6.6,7.4,0.444,12.4,14.2,11.1,0.5558,0.8,1.0,1.0,0.6387,0.4,0.2,0.6,0.3158,3.2,3.2,2.5999999046325684,0.5177,False,,,0,,,,,,,,,,,,,,,,,,,0.46218488,0.3526971,0.3128655,0.38,0.22222222,0.5194805,True
Jordan Clarkson,NYK,157,19.5,-0.0,19.5,9.6,7.4,9.7,0.3685,2.0,2.2,1.8,0.5327,1.9,2.4,1.6,0.3349,13.5,12.0,13.1,0.4141,11.6,9.6,11.5,0.3197,11.5,9.8,11.3,0.2673,0.5,0.8,0.6,0.1552,0.1,,0.1,0.1528,0.6,0.2,0.699999988079071,0.5377,False,,,0,9.5,-0.8000000000000007,3.0,-0.9000000953674316,2.5,-0.7,12.5,0.0999999999999996,11.5,-0.6999998092651367,,,1.5,-0.8999999761581421,0.5,-0.3999999985098839,,,0.46218488,0.3526971,0.30357143,0.18811882,0.14457831,0.4871795,True
Gary Harris,MIL,146,10.5,2.200000047683716,12.699999809265137,1.6,2.8,3.9,0.5865,0.5,0.4,1.4,0.4958,0.9,0.8,1.1,0.1128,3.0,4.0,6.4,0.3101,2.1,3.2,5.3,0.5325,2.5,3.6,5.0,0.4967,0.3,0.6,0.5,0.3464,0.2,0.2,0.2,0.1767,0.2,,0.6000000238418579,0.7811,False,,,0,,,,,,,,,,,,,,,,,,,0.46218488,0.36933047,0.3128655,0.24489796,0.1875,0.46666667,True
Spencer Dinwiddie,DAL,154,31.9,-0.3000000119209289,31.700000762939453,13.7,11.2,13.8,0.7528,4.1,4.2,4.0,0.6548,7.6,7.0,6.2,0.6477,25.4,22.4,24.0,0.6063,17.8,15.4,17.8,0.2774,21.3,18.2,20.0,0.4384,1.1,0.6,1.3,0.4524,0.3,,0.6,0.1322,1.9,1.6,1.7000000476837158,0.6079,False,,,0,,,,,,,,,,,,,,,,,,,0.39215687,0.36933047,0.3128655,0.38,0.14457831,0.5194805,True
Jerami Grant,POR,157,31.8,0.1000000014901161,31.899999618530277,18.9,16.8,18.1,0.5966,3.5,3.2,4.2,0.468,1.8,1.6,1.9,0.2764,24.2,21.6,24.2,0.0826,22.4,20.0,22.3,0.3165,20.7,18.4,20.0,0.1841,1.1,1.0,1.0,0.3033,0.5,0.6,0.8,0.1446,2.4,2.2,1.899999976158142,0.4943,False,,,0,,,,,,,,,,,,,,,,,,,0.46218488,0.36933047,0.3128655,0.8680731,0.14457831,0.42857143,True
Joe Harris,DET,15,9.7,-3.0,6.699999809265137,2.1,2.0,2.0,0.3078,1.0,1.0,0.9,0.2995,0.6,0.6,0.6,0.2422,3.7,3.6,3.5,0.1928,3.1,3.0,2.9,0.2124,2.7,2.6,2.6,0.0608,0.2,0.2,0.2,0.3379,0.2,0.2,0.2,0.0819,0.2,0.2,0.2000000029802322,0.5006,False,,,0,,,,,,,,,,,,,,,,,,,0.46218488,0.36933047,0.3128655,0.36377576,0.1875,0.4871795,True
Doug McDermott,SAC,128,19.3,-1.5,17.799999237060547,6.5,9.4,6.9,0.7173,1.4,1.8,1.4,0.4644,1.0,1.6,0.9,0.1234,8.9,12.8,9.2,0.2857,7.9,11.2,8.3,0.6428,7.5,11.0,7.8,0.2966,0.1,0.2,0.4,0.1272,0.2,0.4,0.2,0.0699,0.3,0.2,0.5,0.5835,False,,,0,,,,,,,,,,,,,,,,,,,0.46218488,0.36933047,0.3128655,0.24489796,0.14457831,0.4300096,True
Aaron Gordon,DEN,155,25.7,1.2999999523162842,27.0,13.8,16.6,18.1,0.6946,5.2,4.8,5.9,0.7241,2.9,2.8,3.2,0.2863,21.9,24.2,27.2,0.6512,19.0,21.4,24.0,0.5316,16.7,19.4,21.3,0.5114,0.5,0.2,0.6,0.1387,0.4,0.6,0.4,0.1295,1.0,1.6,1.399999976158142,0.383,False,,,0,15.5,1.1000000000000014,6.0,-0.0999999046325683,3.5,-0.2999999999999998,23.5,2.1999999999999997,23.0,-0.5,19.0,0.8000000000000007,1.5,-0.8999999761581421,0.5,-0.0999999940395355,1.5,-0.1000000238418579,0.46218488,0.36933047,0.296875,0.10714286,0.18181819,0.5194805,True
T.J. Warren,MIN,10,12.3,-2.700000047683716,9.699999809265137,4.1,4.0,1.9,0.4307,2.2,2.0,1.6,0.1557,0.9,0.8,0.5,0.1831,7.2,6.8,4.0,0.4105,6.3,6.0,3.5,0.3472,5.0,4.8,2.4,0.0611,0.4,0.4,0.1,0.2299,0.1,0.2,0.1,0.0874,0.4,0.2,0.1000000014901161,0.2264,False,,,0,,,,,,,,,,,,,,,,,,,0.5294118,0.3802817,0.3128655,0.24489796,0.1875,0.4871795,True
Marcus Smart,LAL,113,30.9,-0.1000000014901161,30.799999237060547,10.2,11.6,7.4,0.0769,2.3,2.0,3.2,0.426,3.1,2.4,3.1,0.2321,15.6,16.0,13.7,0.081,12.5,13.6,10.6,0.1987,13.3,14.0,10.5,0.092,2.3,2.2,1.6,0.3836,0.4,0.2,0.6,0.1773,1.1,0.6,1.0,0.1817,False,,,0,,,,,,,,,,,,,,,,,,,0.46218488,0.36933047,0.3128655,0.48279858,0.33333334,0.4871795,True
Kyle Anderson,MIN,176,18.7,-0.1000000014901161,18.600000381469727,4.0,4.6,4.3,0.0779,3.8,3.2,3.5,0.3174,2.9,3.0,2.6,0.1549,10.7,10.8,10.4,0.0495,7.8,7.8,7.8,0.0649,6.9,7.6,6.9,0.0703,0.7,1.0,0.7,0.2815,0.5,0.4,0.5,0.1485,1.1,1.0,0.5,0.346,False,,,0,,,,,,,,,,,,,,,,,,,0.4848485,0.36933047,0.4375,0.38,0.2671634,1.0,True
Dwight Powell,DAL,174,12.2,6.599999904632568,18.799999237060547,3.6,4.6,3.2,0.101,3.9,4.0,4.0,0.1389,1.0,1.2,1.1,0.1094,8.5,9.8,8.3,0.0466,7.5,8.6,7.2,0.1736,4.6,5.8,4.3,0.3568,0.5,0.6,0.6,0.1149,0.2,0.2,0.4,0.0645,0.9,0.8,0.6000000238418579,0.2307,False,,,0,,,,,,,,,,,,,,,,,,,0.4848485,0.3526971,0.3128655,0.24489796,0.14457831,0.46666667,True
Julius Randle,MIN,189,31.5,1.2000000476837158,32.70000076293945,18.3,16.8,17.9,0.6039,6.0,5.8,6.3,0.5321,4.1,5.2,4.9,0.3607,28.4,27.8,29.1,0.6864,24.3,22.6,24.2,0.4387,22.4,22.0,22.8,0.4758,1.4,1.8,1.3,0.4699,0.2,0.2,0.3,0.1527,3.5,3.6,2.400000095367432,0.2551,False,,,0,,,,,,,,,,,,,,,,,,,0.46218488,0.3526971,0.3128655,0.38,0.2857143,0.5194805,True
Andrew Wiggins,MIA,192,27.5,1.100000023841858,28.600000381469727,14.3,11.2,16.5,0.7003,4.7,3.4,5.2,0.4407,2.7,1.8,2.4,0.389,21.7,16.4,24.1,0.4878,19.0,14.6,21.7,0.3826,17.0,13.0,18.9,0.5182,1.0,1.6,1.1,0.3496,1.4,0.8,1.1,0.1175,0.6,0.2,0.8999999761581421,0.3154,False,,,0,14.5,0.0,5.25,-0.1500000953674316,3.0,-0.5,23.0,-0.8999999999999986,19.5,0.1000003814697265,16.5,0.5,1.5,-0.3999999761581421,1.5,-0.3999999761581421,1.5,-0.6000000238418579,0.46218488,0.36933047,0.2413793,0.18811882,0.1875,0.42857143,True
Joel Embiid,PHI,93,32.9,0.6000000238418579,33.5,31.5,30.0,31.5,0.6254,7.5,7.6,7.9,0.5629,4.8,4.2,4.5,0.2794,43.8,41.8,43.9,0.6899,39.0,37.6,39.4,0.7731,36.3,34.2,36.0,0.5368,0.6,0.2,0.9,0.4629,1.0,1.0,1.3,0.0906,2.4,2.2,3.299999952316284,0.7236,False,,,0,,,,,,,,,,,,,,,,,,,0.46218488,0.3802817,0.4375,0.5,0.33333334,0.5194805,True
Danté Exum,DAL,74,17.9,-1.600000023841858,16.299999237060547,7.9,9.4,6.6,0.316,1.7,1.6,1.5,0.2607,1.8,1.8,2.3,0.1348,11.4,12.8,10.4,0.393,9.6,11.0,8.1,0.2275,9.7,11.2,8.9,0.2099,0.6,0.4,0.5,0.2565,0.1,,0.2,0.1784,1.2,1.2,0.800000011920929,0.504,False,,,0,,,,,,,,,,,,,,,,,,,0.46218488,0.36933047,0.30357143,0.38,0.11764706,0.46666667,True
Clint Capela,HOU,195,14.7,-0.2000000029802322,14.5,4.4,2.6,3.1,0.0807,5.9,5.8,4.4,0.1785,1.1,1.0,1.0,0.2411,11.4,9.4,8.5,0.12,10.3,8.4,7.5,0.2737,5.5,3.6,4.1,0.2739,0.4,0.2,0.4,0.2851,1.1,1.2,1.1,0.0772,1.1,0.8,0.4000000059604645,0.3519,False,,,0,4.5,-1.9,5.0,-0.8000001907348633,1.0,0.0,11.5,-3.7,10.5,-3.6999998092651367,,,0.5,-0.0999999940395355,1.5,-0.3999999761581421,0.5,-0.0999999940395355,0.46218488,0.36933047,0.3128655,0.24489796,0.33333334,0.46936357,True
Bogdan Bogdanović,LAC,153,16.7,0.3000000119209289,17.0,6.2,5.2,7.4,0.2724,2.3,1.8,2.8,0.3846,1.8,1.4,2.3,0.3302,10.3,8.4,12.5,0.239,8.5,7.0,10.2,0.3613,8.0,6.6,9.7,0.2751,0.3,0.4,0.5,0.1444,,,0.2,0.1162,1.3,1.4,1.0,0.6097,False,,,0,,,,,,,,,,,,,,,,,,,0.46218488,0.36933047,0.3128655,0.3551832,0.22222222,0.4,True
Jusuf Nurkić,UTA,167,29.1,-0.3000000119209289,28.799999237060547,13.1,10.4,9.6,0.1345,12.8,11.6,12.1,0.8056,6.1,5.0,5.1,0.3563,32.0,27.0,26.8,0.5241,25.9,22.0,21.7,0.2544,19.2,15.4,14.7,0.1727,1.2,0.8,1.0,0.6065,1.1,1.2,1.1,0.0898,2.4,3.2,2.0999999046325684,0.485,False,,,0,,,,,,,,,,,,,,,,,,,0.46218488,0.36933047,0.3128655,1.0,0.2857143,0.6735799,True
Vasilije Micic,PHX,100,17.8,-8.0,9.8,7.0,2.6,3.9,0.0877,2.1,1.0,2.1,0.432,2.5,1.0,1.6,0.5643,11.6,4.6,7.6,0.1295,9.1,3.6,6.0,0.4486,9.5,3.6,5.5,0.1792,0.1,,0.2,0.2819,,,0.0,0.1316,1.8,0.6,0.699999988079071,0.2605,False,,,0,,,,,,,,,,,,,,,,,,,0.46218488,0.3526971,0.3128655,0.26151532,0.1875,0.5194805,True
Nikola Jokić,DEN,208,36.0,-0.1000000014901161,35.900001525878906,23.1,24.6,28.2,0.5184,14.4,15.0,14.8,0.7601,13.3,14.2,11.1,0.2643,50.8,53.8,54.1,0.4684,37.5,39.6,43.0,0.7333,36.4,38.8,39.3,0.3202,1.9,1.0,1.6,0.3313,0.9,0.4,0.7,0.2181,4.4,3.4,3.700000047683716,0.2338,False,,,0,24.5,0.0,13.5,1.3000001907348633,12.25,-1.5500000000000007,50.5,-0.5,38.0,1.2999992370605469,36.5,-1.2999999999999972,1.5,0.1000000238418579,1.5,-0.800000011920929,2.5,1.2000000476837158,0.46218488,0.3526971,0.4375,0.38,0.33333334,0.5194805,True
Kristaps Porziņģis,GSW,126,22.7,3.5,26.200000762939453,17.1,16.6,18.7,0.4937,4.7,5.6,5.3,0.4833,2.6,2.4,2.8,0.4078,24.4,24.6,26.8,0.3825,21.8,22.2,24.0,0.4762,19.7,19.0,21.5,0.4647,0.7,0.6,0.8,0.227,1.4,0.8,1.8,0.1998,1.7,1.8,2.0,0.6093,False,,,0,,,,,,,,,,,,,,,,,,,0.46218488,0.3526971,0.3128655,0.27069882,0.33333334,0.42857143,True
Joe Ingles,MIN,111,3.9,-0.2000000029802322,3.700000047683716,0.9,1.8,0.2,0.0605,0.4,0.4,0.8,0.1537,0.8,1.0,0.6,0.1998,2.1,3.2,1.6,0.0368,1.3,2.2,1.0,0.1021,1.7,2.8,0.8,0.0526,0.1,,0.2,0.2443,0.1,0.2,0.1,0.1032,0.3,0.4,0.1000000014901161,0.1491,False,,,0,,,,,,,,,,,,,,,,,,,0.4464677,0.3802817,0.3128655,0.18811882,0.1875,0.5194805,True
T.J. McConnell,IND,205,18.7,-1.600000023841858,17.100000381469727,8.8,8.6,10.0,0.6892,2.5,2.4,2.1,0.4061,6.4,6.0,4.9,0.1585,17.7,17.0,17.0,0.24,11.3,11.0,12.1,0.5958,15.2,14.6,14.9,0.4963,0.8,1.0,0.8,0.2555,0.1,0.2,0.2,0.1224,0.6,0.4,1.100000023841858,0.5363,False,,,0,,,,,,,,,,,,,,,,,,,0.46218488,0.36933047,0.4375,0.38,0.14457831,0.5194805,True
Tyus Jones,DEN,210,8.9,-3.200000047683716,5.699999809265137,1.7,1.4,1.5,0.0685,1.1,0.6,0.8,0.2265,1.3,0.8,1.5,0.38,4.1,2.8,3.8,0.1889,2.8,2.0,2.3,0.1219,3.0,2.2,3.0,0.0451,0.1,,0.1,0.3056,,,0.0,0.1119,0.6,,0.1000000014901161,0.2271,False,,,0,,,,,,,,,,,,,,,,,,,0.46218488,0.3802817,0.4375,0.24489796,0.22222222,0.5194805,True
Delon Wright,NYK,86,19.6,0.2000000029802322,19.799999237060547,5.1,7.2,5.3,0.3669,1.7,2.4,2.1,0.4016,2.4,3.2,2.5,0.1728,9.2,12.8,9.9,0.3161,6.8,9.6,7.4,0.301,7.5,10.4,7.8,0.359,1.0,1.8,1.0,0.2895,0.2,0.4,0.3,0.2668,0.8,0.8,0.8999999761581421,0.4448,False,,,0,,,,,,,,,,,,,,,,,,,0.46218488,0.3802817,0.4375,0.38,0.14457831,0.51376474,True
D'Angelo Russell,DAL,159,14.7,-0.699999988079071,14.0,7.7,4.8,10.9,0.4715,1.7,1.0,3.0,0.425,2.7,2.2,3.1,0.2341,12.1,8.0,17.0,0.2022,9.4,5.8,13.9,0.3307,10.4,7.0,14.0,0.3229,0.4,0.6,0.5,0.2961,,,0.1,0.087,1.2,1.0,1.600000023841858,0.6828,False,,,0,,,,,,,,,,,,,,,,,,,0.46218488,0.3802817,0.3128655,0.38,0.22222222,0.5194805,True
Karl-Anthony Towns,NYK,204,29.8,0.1000000014901161,29.899999618530277,22.1,20.2,24.5,0.7394,12.4,13.2,12.1,0.7259,2.9,1.8,2.7,0.3293,37.4,35.2,39.3,0.8472,34.5,33.4,36.6,0.8739,25.0,22.0,27.2,0.8255,0.8,0.6,0.8,0.349,0.4,,0.7,0.126,2.4,2.6,2.200000047683716,0.5417,False,,,0,20.5,3.1000000000000014,12.0,0.3000001907348633,3.0,-0.2000000000000001,35.5,3.200000000000003,34.5,1.4000015258789062,22.5,3.899999999999999,1.0,-0.199999988079071,1.0,-0.3000000119209289,2.5,-0.2999999523162842,0.4848485,0.36933047,0.30357143,0.24489796,0.14457831,0.4871795,True
Richaun Holmes,WAS,70,18.3,-1.2000000476837158,17.100000381469727,9.9,6.6,8.1,0.7045,7.1,6.0,7.1,0.7064,1.7,0.8,1.4,0.4122,18.7,13.4,16.6,0.4035,17.0,12.6,15.2,0.4199,11.6,7.4,9.5,0.364,0.6,0.4,0.4,0.2847,0.5,0.8,0.9,0.1485,0.5,0.4,0.699999988079071,0.7218,False,,,0,,,,,,,,,,,,,,,,,,,0.46218488,0.36933047,0.3128655,0.2658648,0.1875,0.5194805,True
Kelly Oubre Jr.,PHI,170,31.2,-0.6000000238418579,30.600000381469727,16.6,14.6,14.9,0.6288,5.3,5.6,6.2,0.5772,2.0,1.6,2.2,0.4462,23.9,21.8,23.3,0.6116,21.9,20.2,21.1,0.3154,18.6,16.2,17.1,0.6004,1.5,1.0,1.3,0.3981,0.2,0.2,0.6,0.0754,1.8,2.0,1.5,0.3869,False,,,0,,,,,,,,,,,,,,,,,,,0.46218488,0.3526971,0.3128655,0.5,0.22222222,0.5194805,True
Devin Booker,PHX,202,32.9,-0.1000000014901161,32.79999923706055,29.3,24.6,27.7,0.7613,3.4,3.0,4.0,0.5511,5.3,6.8,5.5,0.2452,38.0,34.4,37.2,0.6681,32.7,27.6,31.7,0.7093,34.6,31.4,33.2,0.5897,0.4,0.6,0.7,0.29,0.5,0.4,0.4,0.1732,2.9,1.8,2.900000095367432,0.8286,False,,,0,,,,,,,,,,,,,,,,,,,0.46218488,0.3526971,0.3128655,0.5,0.33333334,0.5194805,True
Cameron Payne,PHI,169,22.8,1.2000000476837158,24.0,12.5,9.8,6.1,0.0162,2.9,2.8,1.8,0.1621,3.6,3.6,3.0,0.2525,19.0,16.2,10.9,0.0224,15.4,12.6,7.9,0.0196,16.1,13.4,9.1,0.0615,1.3,1.4,0.9,0.5213,0.5,0.4,0.3,0.0954,0.8,0.8,0.4000000059604645,0.0815,False,,,0,,,,,,,,,,,,,,,,,,,0.46218488,0.36933047,0.3128655,0.3606414,0.14457831,0.5194805,True
Myles Turner,MIL,216,23.6,0.8999999761581421,24.5,9.3,9.0,10.5,0.367,3.8,3.2,4.4,0.3602,1.1,0.4,1.3,0.2753,14.2,12.6,16.2,0.1562,13.1,12.2,14.9,0.2978,10.4,9.4,11.8,0.1986,0.6,1.0,0.7,0.1734,1.0,1.2,1.2,0.2733,1.5,1.8,1.100000023841858,0.4754,False,,,0,10.5,-0.9000000000000004,5.5,-1.4000000953674316,2.0,-0.6000000000000001,19.5,-4.4,16.5,-2.8000001907348637,13.5,-2.5,1.5,-0.800000011920929,1.5,-0.2999999523162842,1.5,-0.3999999761581421,0.39215687,0.3526971,0.30357143,0.18811882,0.33333334,0.42857143,True
Trey Lyles,SAC,126,24.7,5.099999904632568,29.700000762939453,6.3,10.4,10.7,0.9184,4.9,6.6,5.7,0.5765,1.0,1.6,1.7,0.4223,12.2,18.6,18.1,0.7801,11.2,17.0,16.4,0.8885,7.3,12.0,12.4,0.6624,0.6,0.6,0.9,0.3384,0.2,0.2,0.3,0.135,0.6,0.8,1.100000023841858,0.8466,False,,,0,,,,,,,,,,,,,,,,,,,0.46218488,0.36933047,0.4375,0.24489796,0.1875,0.42857143,True
Bobby Portis,MIL,197,25.4,0.800000011920929,26.200000762939453,16.5,18.4,16.7,0.7711,6.0,7.2,6.2,0.6689,1.7,2.0,1.6,0.2916,24.2,27.6,24.5,0.5833,22.5,25.6,22.9,0.6875,18.2,20.4,18.3,0.61,0.9,1.4,0.9,0.3139,0.3,,0.5,0.0992,0.9,0.8,1.2999999523162842,0.7763,False,,,0,,,,,,,,,,,,,,,,,,,0.46218488,0.36933047,0.3128655,0.38,0.1875,0.46666667,True
Kevon Looney,NOP,168,14.6,-3.799999952316284,10.800000190734863,3.2,3.6,4.0,0.8939,6.5,8.0,4.9,0.6079,1.3,1.0,1.0,0.3099,11.0,12.6,9.9,0.8765,9.7,11.6,8.9,0.8843,4.5,4.6,5.0,0.6176,0.4,0.4,0.3,0.3735,0.5,0.4,0.5,0.1081,0.3,0.4,0.5,0.8,False,,,0,,,,,,,,,,,,,,,,,,,0.5294118,0.36933047,0.3128655,0.38,0.22222222,0.5194805,True
Christian Wood,LAL,49,12.9,1.7999999523162842,14.699999809265137,5.9,6.8,6.6,0.2633,3.0,3.0,4.1,0.5452,0.5,0.2,1.0,0.2239,9.4,10.0,11.7,0.2695,8.9,9.8,10.7,0.1461,6.4,7.0,7.6,0.2493,0.5,0.4,0.6,0.232,0.3,0.4,0.7,0.0622,0.4,0.2,0.699999988079071,0.5285,False,,,0,,,,,,,,,,,,,,,,,,,0.46218488,0.3526971,0.30357143,0.42857143,0.1875,0.5194805,True
Terry Rozier,MIA,124,15.6,0.1000000014901161,15.600000381469728,5.3,3.4,6.0,0.4138,2.6,2.0,2.8,0.5292,1.7,2.0,1.9,0.4306,9.6,7.4,10.7,0.1713,7.9,5.4,8.8,0.2002,7.0,5.4,7.9,0.2944,0.6,0.4,0.6,0.2761,,,0.2,0.0961,0.4,0.4,0.4000000059604645,0.5286,False,,,0,,,,,,,,,,,,,,,,,,,0.46218488,0.36933047,0.3128655,0.38,0.2857143,0.4871795,True
Norman Powell,MIA,190,27.6,2.700000047683716,30.299999237060547,18.7,19.4,18.0,0.2122,3.5,3.4,3.8,0.4422,2.3,2.6,2.8,0.3488,24.5,25.4,24.6,0.2475,22.2,22.8,21.8,0.044,21.0,22.0,20.8,0.0821,0.9,0.8,0.9,0.2132,0.3,0.4,0.6,0.1168,1.9,1.4,1.899999976158142,0.2008,False,,,0,,,,,,,,,,,,,,,,,,,0.46218488,0.3526971,0.30357143,0.24489796,0.18181819,0.4871795,True
Pat Connaughton,CHA,153,5.6,-0.800000011920929,4.800000190734863,2.1,0.8,2.7,0.2624,1.1,0.8,1.7,0.4143,0.1,,0.4,0.2831,3.3,,4.8,0.2228,3.2,,4.4,0.2681,2.2,,3.1,0.1084,0.4,0.4,0.3,0.2517,,,0.2,0.1031,0.2,,0.2000000029802322,0.3488,False,,,0,,,,,,,,,,,,,,,,,,,0.46218488,0.36933047,0.4375,0.24489796,0.18181819,0.4871795,True
Josh Richardson,MIA,50,19.6,0.800000011920929,20.399999618530277,5.2,5.6,8.2,0.8618,2.1,1.8,2.4,0.3301,1.4,1.8,1.6,0.3004,8.7,9.2,12.2,0.767,7.3,7.4,10.6,0.6113,6.6,7.4,9.8,0.7648,1.0,1.2,0.8,0.2935,0.1,0.2,0.3,0.1295,0.7,0.8,1.2000000476837158,0.7514,False,,,0,,,,,,,,,,,,,,,,,,,0.46218488,0.36933047,0.3128655,0.38,0.11764706,0.5194805,True
Larry Nance Jr.,CLE,115,7.9,-1.2000000476837158,6.699999809265137,3.0,2.0,2.8,0.4115,2.4,2.4,1.9,0.4067,0.7,0.6,0.7,0.1936,6.1,5.0,5.4,0.2384,5.4,4.4,4.7,0.4942,3.7,2.6,3.5,0.1442,0.4,,0.3,0.1734,,,0.3,0.0807,0.5,0.6,0.4000000059604645,0.3908,False,,,0,,,,,,,,,,,,,,,,,,,0.46218488,0.36933047,0.3128655,0.24489796,0.09377115,0.4871795,True
Royce O'Neale,PHX,226,27.3,-0.1000000014901161,27.200000762939453,10.3,9.4,10.3,0.8683,4.3,3.2,4.4,0.5813,2.4,2.2,2.2,0.4445,17.0,14.8,16.9,0.5475,14.6,12.6,14.7,0.446,12.7,11.6,12.5,0.4254,1.0,0.8,0.9,0.176,0.8,1.0,0.7,0.1603,0.6,0.8,0.800000011920929,0.378,False,,,0,,,,,,,,,,,,,,,,,,,0.46218488,0.36933047,0.3128655,0.5,0.14457831,0.46666667,True
Cedi Osman,SAS,71,17.3,5.5,22.799999237060547,6.6,8.6,7.8,0.7126,2.6,3.0,3.4,0.5202,1.1,2.0,1.8,0.2066,10.3,13.6,13.0,0.5468,9.2,11.6,11.2,0.5536,7.7,10.6,9.6,0.5183,0.4,0.6,0.7,0.1813,0.2,,0.3,0.1154,0.5,0.6,1.100000023841858,0.5301,False,,,0,,,,,,,,,,,,,,,,,,,0.46218488,0.36933047,0.3128655,0.23684211,0.14457831,0.4376775,True
Boban Marjanovic,HOU,13,3.9,-0.5,3.400000095367432,2.2,3.0,3.7,0.163,1.6,1.2,2.8,0.3974,0.2,0.2,0.3,0.3746,4.0,4.4,6.8,0.2736,3.8,4.2,6.5,0.2019,2.4,3.2,4.0,0.3083,,,0.2,0.1691,,,0.2,0.1743,0.3,0.4,0.699999988079071,0.7389,False,,,0,,,,,,,,,,,,,,,,,,,0.39215687,0.36933047,0.3128655,0.28257,0.2857143,0.4871795,True
Ben Simmons,LAC,65,14.6,-0.2000000029802322,14.399999618530272,1.6,1.2,2.1,0.1322,3.7,3.0,3.8,0.3076,2.3,2.8,3.0,0.2704,7.6,7.0,8.9,0.4509,5.3,4.2,5.9,0.5356,3.9,4.0,5.1,0.1931,0.3,0.2,0.4,0.3168,0.3,0.2,0.5,0.1023,1.1,1.0,0.6000000238418579,0.347,False,,,0,,,,,,,,,,,,,,,,,,,0.46218488,0.3802817,0.3128655,0.5,0.11764706,0.5194805,True
Domantas Sabonis,SAC,170,27.6,0.6000000238418579,28.200000762939453,15.1,13.4,19.2,0.9508,9.5,10.4,10.6,0.5123,4.4,5.4,4.4,0.4634,29.0,29.2,34.2,0.9044,24.6,23.8,29.8,0.8866,19.5,18.8,23.6,0.7859,0.9,0.6,1.0,0.419,0.3,0.2,0.7,0.1431,3.1,2.4,3.5999999046325684,0.7255,False,,,0,,,,,,,,,,,,,,,,,,,0.46218488,0.3526971,0.30357143,0.5,0.14457831,0.5194805,True
Malik Beasley,DET,160,30.8,-1.2999999523162842,29.600000381469727,16.0,15.4,19.0,0.5965,2.3,1.8,2.1,0.6313,1.5,1.2,1.5,0.2132,19.8,18.4,22.6,0.5442,18.3,17.2,21.1,0.6815,17.5,16.6,20.5,0.5858,0.4,0.4,0.6,0.4017,,,0.4,0.1574,0.4,,0.800000011920929,0.8123,False,,,0,,,,,,,,,,,,,,,,,,,0.46218488,0.36933047,0.3128655,0.38,0.1875,0.42857143,True
Kris Dunn,LAC,215,27.0,-0.5,26.5,5.9,4.6,5.1,0.3947,3.3,2.6,3.7,0.4735,3.3,3.6,3.2,0.2009,12.5,10.8,12.0,0.3063,9.2,7.2,8.8,0.5536,9.2,8.2,8.3,0.182,2.1,2.0,1.8,0.492,0.4,0.6,0.3,0.1179,0.9,0.6,0.800000011920929,0.2066,False,,,0,,,,,,,,,,,,,,,,,,,0.4848485,0.3802817,0.3128655,0.38,0.22222222,0.5194805,True
Buddy Hield,ATL,214,14.2,-7.099999904632568,7.099999904632568,4.9,2.2,5.2,0.569,1.8,1.2,1.8,0.398,1.4,0.8,1.1,0.5547,8.1,4.2,8.1,0.5605,6.7,3.4,7.0,0.468,6.3,3.0,6.3,0.1856,0.6,0.8,0.4,0.4055,0.3,,0.2,0.1023,1.1,1.4,0.5,0.3792,False,,,0,,,,,,,,,,,,,,,,,,,0.46218488,0.36933047,0.4375,0.5,0.1875,0.4871795,True
Brandon Ingram,TOR,152,34.2,-0.1000000014901161,34.099998474121094,18.6,14.8,19.8,0.8107,5.0,5.2,5.3,0.6301,3.0,2.6,3.4,0.3895,26.6,22.6,28.5,0.403,23.6,20.0,25.1,0.2864,21.6,17.4,23.2,0.1498,0.8,0.4,0.9,0.3735,0.6,1.0,0.5,0.0643,2.9,3.2,2.700000047683716,0.2935,False,,,0,20.0,1.3999999999999986,5.75,-0.25,4.0,-0.5,29.5,0.8999999999999986,28.0,-1.1000003814697266,24.5,0.3999999999999986,1.0,-0.1000000238418579,1.5,-1.0,1.5,1.2000000476837158,0.46218488,0.36933047,0.3128655,0.38,0.11764706,0.5194805,True
Damian Jones,CLE,38,7.1,-2.900000095367432,4.300000190734863,4.6,1.4,3.1,0.4988,2.2,0.8,2.3,0.3961,0.3,0.2,0.4,0.4084,7.1,2.4,5.8,0.5447,6.8,2.2,5.4,0.4867,4.9,1.6,3.5,0.1496,0.2,,0.2,0.3094,0.2,0.2,0.3,0.0978,0.3,,0.3000000119209289,0.6449,False,,,0,,,,,,,,,,,,,,,,,,,0.46218488,0.3526971,0.3128655,0.24489796,0.1875,0.4882889,True
Caris LeVert,DET,186,19.9,0.5,20.399999618530277,7.9,7.0,7.5,0.4731,3.0,3.2,2.7,0.5596,3.0,3.4,2.6,0.2269,13.9,13.6,12.8,0.4146,10.9,10.2,10.2,0.3435,10.9,10.4,10.1,0.2075,0.9,0.6,0.9,0.1901,0.7,1.0,0.6,0.1127,1.6,1.4,1.2999999523162842,0.3857,False,,,0,,,,,,,,,,,,,,,,,,,0.4848485,0.36933047,0.3128655,0.38,0.1875,0.5194805,True
Dejounte Murray,NOP,121,28.3,0.5,28.799999237060547,17.6,16.6,15.2,0.8072,5.8,5.2,6.0,0.5857,6.6,8.0,6.8,0.4152,30.0,29.8,28.0,0.7818,23.4,21.8,21.2,0.6599,24.2,24.6,22.0,0.8404,1.5,1.4,1.4,0.4144,0.1,,0.2,0.3607,3.0,3.2,2.799999952316284,0.1998,False,,,0,,,,,,,,,,,,,,,,,,,0.46218488,0.36933047,0.3128655,0.5,0.2857143,0.5194805,True
Jamal Murray,DEN,196,36.3,-0.2000000029802322,36.09999847412109,26.3,31.6,23.3,0.1721,4.4,4.0,4.4,0.8839,7.0,7.4,6.6,0.3178,37.7,43.0,34.3,0.2384,30.7,35.6,27.7,0.1203,33.3,39.0,29.9,0.3764,0.6,0.4,0.9,0.4536,0.1,0.2,0.3,0.2153,2.0,2.0,2.299999952316284,0.5303,False,,,0,26.0,-5.0,5.5,-1.1999998092651367,7.25,-0.5499999999999998,36.5,-4.5,32.0,-6.700000762939453,31.0,-3.3000000000000007,1.5,-0.6000000238418579,1.0,-0.699999988079071,1.5,0.7999999523162842,0.46218488,0.36933047,0.3128655,0.24489796,0.14457831,0.5194805,True
Jakob Poeltl,TOR,145,26.7,-0.2000000029802322,26.5,13.0,12.4,12.6,0.6896,8.2,7.0,7.8,0.5143,2.3,2.2,1.9,0.1535,23.5,21.6,22.3,0.4174,21.2,19.4,20.4,0.4942,15.3,14.6,14.5,0.7196,0.7,1.0,0.7,0.1348,1.1,0.8,1.1,0.1223,0.7,0.4,1.100000023841858,0.4876,False,,,0,,,,,,,,,,,,,,,,,,,0.46218488,0.3526971,0.3128655,0.40665296,0.33333334,0.5194805,True
Taurean Prince,MIL,177,22.4,5.199999809265137,27.600000381469727,8.4,9.8,12.1,0.8047,3.2,4.6,3.4,0.3679,1.8,2.6,2.2,0.4198,13.4,17.0,17.7,0.335,11.6,14.4,15.5,0.5877,10.2,12.4,14.3,0.3693,0.6,0.6,1.0,0.3953,0.1,0.2,0.3,0.0996,1.2,2.0,1.7999999523162842,0.5038,False,,,0,,,,,,,,,,,,,,,,,,,0.46218488,0.3802817,0.3128655,0.24489796,0.14457831,0.4,True
Jaylen Brown,BOS,198,34.4,0.1000000014901161,34.5,26.8,32.6,28.6,0.919,6.2,6.8,6.6,0.3854,6.1,5.8,5.7,0.3289,39.1,45.2,40.9,0.7399,33.0,39.4,35.2,0.7905,32.9,38.4,34.3,0.879,1.1,1.0,1.1,0.3994,0.2,0.2,0.3,0.0719,3.6,3.6,4.099999904632568,0.8257,False,,,0,28.5,2.0,7.75,-1.5500001907348633,5.25,0.1500000000000003,39.5,2.6000000000000014,34.5,2.200000762939453,33.5,2.3999999999999986,1.5,-0.3999999761581421,0.5,-0.199999988079071,3.5,0.5999999046325684,0.39215687,0.3526971,0.3128655,0.5,0.2857143,0.5194805,True
Malcolm Brogdon,WAS,62,22.8,-1.0,21.799999237060547,11.6,8.8,13.5,0.8111,3.7,3.6,3.7,0.4703,4.9,4.2,4.5,0.4906,20.2,16.6,21.7,0.6251,15.3,12.4,17.2,0.5732,16.5,13.0,18.0,0.8766,0.6,0.6,0.7,0.3354,0.1,,0.3,0.1243,1.6,1.2,2.0,0.7365,False,,,0,,,,,,,,,,,,,,,,,,,0.5294118,0.3802817,0.3128655,0.38,0.14457831,0.5194805,True
Georges Niang,ATL,160,19.4,-0.5,19.0,10.2,9.0,12.9,0.6019,1.5,1.6,1.9,0.3589,1.3,1.4,1.4,0.1745,13.0,12.0,16.2,0.4343,11.7,10.6,14.8,0.4177,11.5,10.4,14.3,0.6075,0.4,0.2,0.3,0.1715,0.1,0.2,0.1,0.0605,1.6,1.6,1.5,0.7156,False,,,0,,,,,,,,,,,,,,,,,,,0.46218488,0.36933047,0.30357143,0.24489796,0.027680302,0.42857143,True
Gary Payton II,GSW,172,23.4,0.1000000014901161,23.5,14.1,14.0,11.2,0.7117,5.2,5.0,4.6,0.6855,2.4,2.8,2.2,0.3845,21.7,21.8,18.0,0.4973,19.3,19.0,15.8,0.4155,16.5,16.8,13.4,0.2187,1.8,1.8,1.5,0.266,0.3,0.2,0.3,0.1679,0.6,0.6,0.8999999761581421,0.3242,False,,,0,,,,,,,,,,,,,,,,,,,0.46218488,0.36933047,0.3128655,0.42857143,0.33333334,0.5194805,True
Pascal Siakam,IND,217,30.7,1.100000023841858,31.799999237060547,23.7,20.8,30.7,0.8562,5.6,5.6,6.2,0.6621,2.8,3.0,3.8,0.5332,32.1,29.4,40.7,0.9047,29.3,26.4,36.9,0.8472,26.5,23.8,34.5,0.9156,1.2,1.4,1.1,0.303,0.2,0.4,0.3,0.1221,2.4,2.8,2.900000095367432,0.665,False,,,0,24.5,11.1,6.25,-0.0500001907348632,4.5,-0.7000000000000002,35.5,10.1,32.75,9.049999237060549,31.5,7.899999999999999,1.5,-0.3999999761581421,0.5,-0.199999988079071,2.5,0.4000000953674316,0.46218488,0.3526971,0.3128655,0.38,0.33333334,0.5194805,True
Furkan Korkmaz,PHI,34,13.0,2.5,15.5,4.3,7.2,3.6,0.119,1.6,1.8,1.7,0.2166,1.5,1.4,1.3,0.4111,7.4,10.4,6.6,0.0429,5.9,9.0,5.3,0.1676,5.8,8.6,4.9,0.0571,0.3,0.2,0.4,0.2562,0.1,,0.2,0.1345,0.2,0.2,0.3000000119209289,0.5208,False,,,0,,,,,,,,,,,,,,,,,,,0.46218488,0.36933047,0.3128655,0.24489796,0.1875,0.426986,True
Damion Lee,PHX,24,5.5,-0.699999988079071,4.900000095367432,3.5,3.2,3.8,0.51,0.6,0.8,0.7,0.2298,0.3,0.4,0.2,0.2542,4.4,4.4,4.7,0.2162,4.1,4.0,4.5,0.2758,3.8,3.6,4.0,0.2941,0.2,0.4,0.2,0.3535,,,0.1,0.0935,0.5,0.4,0.5,0.61,False,,,0,,,,,,,,,,,,,,,,,,,0.46218488,0.27005273,0.3128655,0.24489796,0.14457831,0.46666667,True
Guerschon Yabusele,CHI,131,23.6,1.0,24.600000381469727,9.6,9.0,9.7,0.7634,5.2,4.4,5.9,0.4288,1.3,1.0,1.6,0.1836,16.1,14.4,17.2,0.4533,14.8,13.4,15.6,0.3267,10.9,10.0,11.3,0.6851,0.9,1.2,1.0,0.2099,0.5,0.6,0.5,0.0696,0.8,0.6,1.0,0.842,False,,,0,,,,,,,,,,,,,,,,,,,0.46218488,0.36933047,0.3128655,0.5,0.29750207,0.5194805,True
Ivica Zubac,IND,195,26.8,0.5,27.299999237060547,11.3,9.6,16.1,0.8785,10.0,7.4,9.6,0.5844,1.5,1.6,2.1,0.1188,22.8,18.6,27.8,0.9182,21.3,17.0,25.7,0.9193,12.8,11.2,18.2,0.942,0.4,0.4,0.5,0.1179,0.5,0.8,1.1,0.1095,1.2,0.8,2.0,0.6232,False,,,0,,,,,,,,,,,,,,,,,,,0.46218488,0.36933047,0.30357143,0.24489796,0.1875,0.5194805,True
Dorian Finney-Smith,HOU,165,19.3,-6.699999809265137,12.600000381469728,3.3,2.4,3.1,0.1936,2.9,2.2,2.4,0.554,1.7,1.8,1.1,0.2643,7.9,6.4,6.6,0.351,6.2,4.6,5.5,0.6042,5.0,4.2,4.2,0.2206,0.7,0.6,0.5,0.3811,0.2,0.4,0.1,0.0722,0.5,0.6,0.3000000119209289,0.4288,False,,,0,,,,,,,,,,,,,,,,,,,0.46218488,0.3526971,0.3128655,0.24489796,0.18181819,0.4871795,True
Fred VanVleet,HOU,132,36.6,-3.700000047683716,32.900001525878906,12.7,8.0,13.9,0.5571,2.8,1.6,3.1,0.5023,5.0,6.2,4.3,0.5098,20.5,15.8,21.3,0.3783,15.5,9.6,17.0,0.4723,17.7,14.2,18.2,0.3001,1.3,1.4,1.1,0.5389,0.4,0.4,0.5,0.1673,1.2,1.2,1.399999976158142,0.4038,False,,,0,,,,,,,,,,,,,,,,,,,0.46218488,0.36933047,0.3128655,0.42857143,0.2857143,0.4871795,True
Ryan Arcidiacono,NYK,19,2.5,0.699999988079071,3.200000047683716,,,2.3,0.2833,0.3,0.4,0.6,0.5033,0.1,0.2,0.3,0.2182,,,3.2,0.1898,,,2.9,0.2967,,,2.6,0.4573,0.1,0.2,0.2,0.2447,,,0.1,0.1072,0.1,0.2,0.4000000059604645,0.7929,False,,,0,,,,,,,,,,,,,,,,,,,0.39215687,0.36933047,0.3128655,0.24489796,0.14457831,0.4871795,True
Danuel House Jr.,PHI,33,21.0,-0.4000000059604645,20.600000381469727,6.1,5.6,6.6,0.7965,2.2,2.0,2.6,0.4312,1.0,1.2,1.1,0.1745,9.3,8.8,10.3,0.6155,8.3,7.6,9.2,0.422,7.1,6.8,7.7,0.4018,0.8,1.0,0.7,0.3113,0.4,0.4,0.4,0.1221,0.4,,0.800000011920929,0.8557,False,,,0,,,,,,,,,,,,,,,,,,,0.46218488,0.3526971,0.3128655,0.24489796,0.1875,0.4871795,True
Derrick Jones Jr.,LAC,196,29.3,-0.800000011920929,28.5,8.9,8.2,8.2,0.0864,4.3,5.0,3.6,0.2563,2.0,1.8,1.6,0.4963,15.2,15.0,13.4,0.037,13.2,13.2,11.8,0.0734,10.9,10.0,9.8,0.1288,1.0,0.8,0.8,0.3509,0.9,0.8,0.8,0.2159,0.8,0.8,0.5,0.1971,False,,,0,,,,,,,,,,,,,,,,,,,0.46218488,0.36933047,0.4375,0.38,0.14457831,0.5194805,True
Alex Caruso,OKC,177,17.6,1.100000023841858,18.700000762939453,5.8,5.8,4.1,0.0487,3.4,2.8,2.9,0.3214,1.9,2.6,1.8,0.149,11.1,11.2,8.8,0.0498,9.2,8.6,7.0,0.0511,7.7,8.4,5.9,0.0784,1.3,0.6,1.0,0.2291,0.3,0.4,0.3,0.1776,0.7,0.4,0.5,0.0878,False,,,0,,,,,,,,,,,,,,,,,,,0.46218488,0.3526971,0.30357143,0.42857143,0.1875,0.42857143,True
Markelle Fultz,TOR,68,10.0,-3.900000095367432,6.099999904632568,2.0,1.6,1.9,0.648,1.0,0.6,0.5,0.3927,2.0,2.4,1.0,0.3903,5.0,4.6,3.4,0.4842,3.0,2.2,2.4,0.2507,4.0,4.0,2.9,0.7569,0.6,0.4,0.3,0.2516,0.1,0.2,0.0,0.0666,0.8,1.0,0.699999988079071,0.8138,False,,,0,,,,,,,,,,,,,,,,,,,0.46218488,0.36933047,0.3128655,0.24489796,0.14457831,0.4871795,True
Lonzo Ball,CLE,69,15.0,2.0999999046325684,17.100000381469727,2.9,2.4,3.6,0.1185,3.3,4.0,4.1,0.2504,2.0,2.2,3.0,0.3526,8.2,8.6,10.7,0.0566,6.2,6.4,7.7,0.1974,4.9,4.6,6.6,0.0749,1.1,1.4,1.4,0.5878,0.3,0.2,0.5,0.0643,1.1,1.6,0.800000011920929,0.1264,False,,,0,,,,,,,,,,,,,,,,,,,0.46218488,0.36933047,0.3128655,0.5,0.1875,0.5194805,True
De'Aaron Fox,SAS,200,29.8,-1.399999976158142,28.399999618530277,18.5,15.6,13.8,0.6191,3.7,4.0,3.4,0.6098,6.6,5.6,6.2,0.3209,28.8,25.2,23.4,0.3331,22.2,19.6,17.2,0.4199,25.1,21.2,20.0,0.367,0.9,1.0,1.0,0.3959,0.3,,0.2,0.1868,2.1,2.2,1.7000000476837158,0.278,False,,,0,16.5,-2.1999999999999997,4.0,-0.5999999046325684,6.25,0.0499999999999998,27.0,-3.0,19.5,-1.7999992370605469,23.5,-2.8999999999999986,1.5,-0.5,0.5,-0.2999999970197677,2.5,-0.7999999523162842,0.4848485,0.36933047,0.296875,0.24489796,0.33333334,0.5194805,True
Jayson Tatum,BOS,156,31.0,1.600000023841858,32.599998474121094,19.8,19.6,25.6,0.8774,9.5,10.8,9.0,0.4435,3.8,3.2,5.1,0.3729,33.1,33.6,39.7,0.8699,29.3,30.4,34.6,0.9068,23.6,22.8,30.7,0.7654,1.2,1.2,1.3,0.292,0.1,0.2,0.3,0.2055,2.2,3.0,2.700000047683716,0.7414,False,,,0,23.0,4.699999999999999,8.5,0.6999998092651367,5.25,-0.3499999999999996,38.0,3.799999999999997,31.5,5.400001525878906,29.5,3.1000000000000014,1.5,-0.2000000476837158,0.5,-0.199999988079071,2.5,0.2000000476837158,0.46218488,0.3526971,0.3128655,0.24489796,0.33333334,0.5194805,True
Malik Monk,SAC,194,23.3,4.599999904632568,27.899999618530277,13.9,12.0,12.6,0.1424,1.7,1.6,2.8,0.311,4.8,6.0,4.9,0.4645,20.4,19.6,20.3,0.2012,15.6,13.6,15.4,0.076,18.7,18.0,17.5,0.0956,0.2,0.4,0.6,0.2546,0.3,0.4,0.4,0.2056,1.2,1.2,1.5,0.136,False,,,0,13.5,-0.0999999999999996,3.0,0.4000000953674316,4.75,0.75,19.5,2.8000000000000007,17.5,-0.7000007629394531,17.5,1.3999999999999986,1.0,-0.3999999761581421,0.5,-0.0999999940395355,1.5,0.0,0.46218488,0.3526971,0.17391305,0.0,0.14457831,0.5194805,True
Jonathan Isaac,ORL,180,9.5,-2.5999999046325684,6.900000095367432,1.5,2.2,2.4,0.4213,2.3,2.4,1.7,0.5636,0.7,0.8,0.6,0.3804,4.5,5.4,4.7,0.5623,3.8,4.6,4.1,0.7075,2.2,3.0,3.0,0.482,0.3,0.4,0.2,0.2979,0.8,1.0,0.6,0.1848,0.3,0.2,0.5,0.7652,False,,,0,,,,,,,,,,,,,,,,,,,0.39215687,0.36933047,0.3128655,0.38,0.22222222,0.5194805,True
Dennis Smith Jr.,BKN,55,17.1,-1.7999999523162842,15.300000190734863,6.2,4.4,5.9,0.8019,1.8,1.2,2.0,0.3526,2.9,3.2,2.8,0.2633,10.9,8.8,10.7,0.2929,8.0,5.6,7.9,0.2429,9.1,7.6,8.7,0.6964,1.7,1.6,1.2,0.4624,,,0.3,0.1397,1.3,1.6,1.2000000476837158,0.7341,False,,,0,,,,,,,,,,,,,,,,,,,0.46218488,0.36933047,0.3128655,0.5,0.22222222,0.5194805,True
Lauri Markkanen,UTA,143,30.0,-3.0,27.0,23.3,21.6,25.3,0.8789,6.8,6.0,6.8,0.654,2.2,1.6,2.3,0.5046,32.3,29.2,34.4,0.9072,30.1,27.6,32.1,0.8745,25.5,23.2,27.6,0.8793,0.7,0.4,0.9,0.3716,0.8,0.2,0.8,0.1743,1.3,1.2,1.600000023841858,0.5329,False,,,0,,,,,,,,,,,,,,,,,,,0.5294118,0.3526971,0.3380319,0.42857143,0.33333334,0.4871795,True
Donovan Mitchell,CLE,192,34.3,-0.699999988079071,33.599998474121094,24.8,27.4,21.9,0.2656,4.0,4.2,3.7,0.5052,5.4,4.2,5.3,0.3667,34.2,35.8,30.9,0.109,28.8,31.6,25.6,0.1797,30.2,31.6,27.2,0.3535,1.4,1.2,1.2,0.2493,0.1,,0.3,0.129,1.6,2.0,1.899999976158142,0.1502,False,,,0,,,,,,,,,,,,,,,,,,,0.46218488,0.3526971,0.3128655,0.5,0.31367496,0.5194805,True
Luke Kennard,LAL,175,20.0,2.0,22.0,6.2,10.2,5.9,0.0526,1.9,2.8,2.2,0.3957,1.3,1.2,1.5,0.2936,9.4,14.2,9.6,0.0273,8.1,13.0,8.1,0.0947,7.5,11.4,7.4,0.2102,0.5,0.4,0.6,0.0948,0.1,,0.2,0.1064,0.6,0.6,0.4000000059604645,0.1889,False,,,0,,,,,,,,,,,,,,,,,,,0.46218488,0.36933047,0.3128655,0.24489796,0.14457831,0.46666667,True
Zach Collins,CHI,142,17.5,0.699999988079071,18.200000762939453,10.0,11.6,8.7,0.3485,5.0,5.2,5.6,0.4555,1.5,1.8,1.7,0.424,16.5,18.6,16.0,0.1237,15.0,16.8,14.3,0.3354,11.5,13.4,10.4,0.1453,0.2,0.4,0.4,0.1075,0.4,0.4,0.4,0.0741,1.0,1.6,1.0,0.7231,False,,,0,,,,,,,,,,,,,,,,,,,0.46218488,0.36933047,0.30357143,0.24489796,0.14457831,0.4871795,True
John Collins,LAC,170,24.5,1.0,25.5,11.9,10.6,11.1,0.1239,5.2,5.0,5.8,0.4422,1.2,1.0,1.6,0.2992,18.3,16.6,18.5,0.2748,17.1,15.6,16.9,0.1088,13.1,11.6,12.7,0.0681,1.1,1.0,1.0,0.2107,0.5,0.6,0.6,0.0994,1.3,1.2,0.8999999761581421,0.169,False,,,0,,,,,,,,,,,,,,,,,,,0.46218488,0.36933047,0.3128655,0.5,0.33333334,0.46666667,True
OG Anunoby,NYK,185,33.6,0.5,34.099998474121094,18.2,14.6,12.3,0.0517,4.0,2.4,4.0,0.3606,2.3,2.0,1.9,0.1942,24.5,19.0,18.2,0.0722,22.2,17.0,16.3,0.056,20.5,16.6,14.2,0.0098,1.1,1.2,1.1,0.4135,0.4,0.6,0.5,0.1459,2.0,2.2,1.100000023841858,0.1139,False,,,0,15.5,-4.4,5.75,-1.950000047683716,2.5,-0.5,23.5,-6.600000000000001,23.0,-8.100000381469727,17.5,-4.4,1.5,-0.3999999761581421,1.0,-0.5,1.5,-0.3999999761581421,0.46218488,0.36933047,0.30357143,0.24489796,0.048778236,0.42857143,True
Harry Giles III,LAL,22,3.1,-0.3000000119209289,2.799999952316284,1.3,0.4,0.6,0.1247,0.9,0.2,1.0,0.3428,0.3,,0.2,0.3347,2.5,,1.8,0.1999,2.2,,1.6,0.15,1.6,,0.8,0.0432,0.1,0.2,0.0,0.254,,,0.0,0.1624,0.2,,0.0,0.193,False,,,0,,,,,,,,,,,,,,,,,,,0.46218488,0.3802817,0.3128655,0.24489796,0.22222222,0.4871795,True
Jarrett Allen,CLE,211,27.5,-0.5,27.0,19.0,19.6,18.2,0.8538,9.5,7.8,10.3,0.7648,1.3,1.2,1.4,0.3365,29.8,28.6,29.9,0.8578,28.5,27.4,28.5,0.6991,20.3,20.8,19.6,0.7733,0.8,1.0,0.8,0.2246,1.0,0.6,1.4,0.1239,1.2,1.0,1.399999976158142,0.4461,False,,,0,,,,,,,,,,,,,,,,,,,0.5294118,0.3526971,0.3128655,0.5,0.33098477,0.5194805,True
Bam Adebayo,MIA,215,35.8,-0.6000000238418579,35.20000076293945,27.2,19.2,23.5,0.1693,10.5,12.4,10.8,0.5313,3.5,4.2,4.0,0.5319,41.2,35.8,38.3,0.1297,37.7,31.6,34.3,0.0677,30.7,23.4,27.5,0.247,1.5,1.2,1.2,0.3269,0.7,0.4,0.8,0.2211,1.6,1.0,1.600000023841858,0.308,False,,,0,20.5,1.5,10.0,0.6000003814697266,4.0,0.2999999999999998,34.5,2.3999999999999986,31.5,1.0999984741210938,23.5,2.8000000000000007,1.5,-0.2999999523162842,1.0,-0.199999988079071,1.5,0.1000000238418579,0.46218488,0.3526971,0.3128655,0.38,0.22222222,0.5194805,True
Isaiah Hartenstein,OKC,174,22.3,0.2000000029802322,22.5,5.8,6.2,6.7,0.2815,9.9,12.0,9.0,0.3593,4.2,5.6,4.3,0.1727,19.9,23.8,20.0,0.5724,15.7,18.2,15.7,0.6562,10.0,11.8,11.0,0.4583,1.2,1.6,1.1,0.177,1.0,0.4,1.0,0.1418,1.3,1.8,1.399999976158142,0.7022,False,,,0,,,,,,,,,,,,,,,,,,,0.4848485,0.36933047,0.3128655,0.42857143,0.1875,1.0,True
Tony Bradley,IND,51,12.5,0.8999999761581421,13.399999618530272,3.7,5.4,4.8,0.6459,3.7,5.2,3.7,0.3496,0.6,0.8,0.6,0.2129,8.0,11.4,9.1,0.1692,7.4,10.6,8.5,0.5151,4.3,6.2,5.4,0.4758,0.3,0.4,0.4,0.2383,0.3,0.4,0.3,0.1059,0.6,0.6,0.8999999761581421,0.7779,False,,,0,,,,,,,,,,,,,,,,,,,0.46218488,0.36933047,0.30357143,0.24489796,0.1875,0.46666667,True
Kyle Kuzma,MIL,200,25.2,-3.0,22.200000762939453,13.5,10.6,15.9,0.9109,2.7,2.8,3.2,0.3368,2.8,2.6,2.7,0.4867,19.0,16.0,21.8,0.8338,16.2,13.4,19.1,0.6091,16.3,13.2,18.6,0.8353,0.8,0.8,0.7,0.2963,0.4,0.6,0.4,0.1069,2.1,2.2,2.0,0.7775,False,,,0,13.5,4.199999999999999,4.5,-1.5,3.5,-0.8999999999999999,19.5,3.8000000000000007,16.5,4.200000762939453,17.5,2.8000000000000007,1.0,-0.3000000119209289,0.5,-0.0999999940395355,1.5,0.5,0.46218488,0.25,0.2413793,0.18811882,0.22222222,0.4871795,True
Derrick White,BOS,219,34.1,-0.3000000119209289,33.79999923706055,15.8,12.4,12.4,0.0972,4.9,4.6,4.3,0.5681,4.2,3.2,4.8,0.3122,24.9,20.2,21.5,0.1501,20.7,17.0,16.7,0.1884,20.0,15.6,17.2,0.0808,1.2,1.6,1.2,0.4726,0.7,0.4,1.0,0.2019,1.7,2.0,1.2999999523162842,0.0754,False,,,0,16.5,-4.699999999999999,5.5,-1.5,5.25,-0.6500000000000004,25.5,-5.100000000000001,20.5,-4.699999809265137,23.0,-6.600000000000001,1.5,-0.2999999523162842,1.5,-0.5,1.5,-0.2000000476837158,0.46218488,0.3526971,0.30357143,0.38,0.1875,0.46666667,True
Josh Hart,NYK,218,30.5,1.399999976158142,31.899999618530277,14.5,18.0,16.0,0.802,8.2,6.8,7.7,0.6224,3.4,3.8,4.1,0.2176,26.1,28.6,27.8,0.765,22.7,24.8,23.7,0.6949,17.9,21.8,20.1,0.7218,1.3,2.2,1.3,0.3045,,,0.4,0.1491,1.4,1.4,2.0,0.4633,False,,,0,12.5,4.5,8.0,-0.4000000953674316,5.5,-1.7000000000000002,26.0,2.3999999999999986,23.0,1.6000003814697266,18.5,2.3000000000000007,1.5,-0.2000000476837158,0.5,-0.0999999940395355,1.5,0.5,0.46218488,0.3802817,0.30357143,0.24489796,0.1875,0.5194805,True
Dillon Brooks,PHX,197,29.0,-5.5,23.5,22.9,20.6,16.7,0.4826,4.2,4.0,3.7,0.8362,2.0,1.6,1.7,0.4886,29.1,26.2,22.1,0.539,27.1,24.6,20.4,0.4973,24.9,22.2,18.4,0.5637,0.9,0.8,0.7,0.2107,0.2,,0.5,0.1106,1.5,1.4,1.100000023841858,0.6027,False,,,0,,,,,,,,,,,,,,,,,,,0.46218488,0.3526971,0.3128655,0.5,0.1875,0.42857143,True
Thomas Bryant,CLE,161,15.5,0.800000011920929,16.299999237060547,8.0,7.4,7.1,0.261,4.5,6.0,4.5,0.4275,0.2,0.4,0.5,0.183,12.7,13.8,12.1,0.3685,12.5,13.4,11.6,0.4015,8.2,7.8,7.6,0.3162,0.6,0.6,0.6,0.1261,0.4,0.2,0.5,0.054,0.9,1.6,0.699999988079071,0.363,False,,,0,,,,,,,,,,,,,,,,,,,0.48047915,0.25,0.30357143,0.38,0.11764706,0.46108365,True
Monte Morris,IND,83,11.1,-1.399999976158142,9.699999809265137,5.5,3.2,3.7,0.4531,1.7,1.4,0.9,0.3702,1.6,1.8,1.2,0.2321,8.8,6.4,5.8,0.2411,7.2,4.6,4.6,0.6063,7.1,5.0,4.9,0.4717,0.4,0.2,0.2,0.3634,0.1,0.2,0.1,0.0679,0.5,0.2,0.699999988079071,0.8752,False,,,0,,,,,,,,,,,,,,,,,,,0.46218488,0.3526971,0.30357143,0.24489796,0.14457831,0.4871795,True
Sasha Vezenkov,SAC,41,9.9,-0.5,9.399999618530272,5.3,4.8,3.6,0.1496,1.5,1.4,1.5,0.2492,0.5,0.6,0.4,0.0903,7.3,6.8,5.5,0.0439,6.8,6.2,5.1,0.0654,5.8,5.4,4.0,0.0494,0.5,0.2,0.4,0.2561,0.1,,0.1,0.1036,0.1,,0.2000000029802322,0.2476,False,,,0,,,,,,,,,,,,,,,,,,,0.46218488,0.36933047,0.30357143,0.18811882,0.22222222,0.46666667,True
Vlatko Čančar,DEN,12,12.2,3.0,15.199999809265137,2.2,3.0,4.2,0.8222,2.9,4.4,3.6,0.5685,0.9,1.8,1.0,0.1471,6.0,9.2,8.8,0.4469,5.1,7.4,7.8,0.6505,3.1,4.8,5.2,0.5315,0.3,0.6,0.5,0.2619,0.1,0.2,0.3,0.1226,0.9,1.2,1.2000000476837158,0.676,False,,,0,,,,,,,,,,,,,,,,,,,0.46218488,0.36933047,0.3128655,0.24489796,0.14457831,0.4871795,True
Luke Kornet,SAS,198,19.0,-0.0,19.0,4.7,4.2,6.1,0.7068,5.3,6.2,5.6,0.5259,1.5,1.4,1.5,0.2352,11.5,11.8,13.2,0.4885,10.0,10.4,11.7,0.6267,6.2,5.6,7.6,0.3913,0.5,0.6,0.6,0.3212,0.6,0.6,0.7,0.0525,0.4,0.4,0.5,0.7457,False,,,0,,,,,,,,,,,,,,,,,,,0.46218488,0.36933047,0.3128655,0.38,0.22222222,0.5194805,True
Chris Boucher,BOS,108,12.3,-1.0,11.300000190734863,2.6,2.4,4.4,0.5902,2.4,1.8,3.4,0.2784,0.3,0.2,0.5,0.2865,5.3,4.4,8.3,0.3162,5.0,4.2,7.8,0.4062,2.9,2.6,4.9,0.4902,0.6,0.6,0.4,0.3706,0.8,0.4,0.5,0.0841,0.2,0.2,0.6000000238418579,0.7737,False,,,0,,,,,,,,,,,,,,,,,,,0.46218488,0.36933047,0.3128655,0.38,0.14457831,0.5194805,True
Daniel Theis,NOP,97,20.7,-5.199999809265137,15.5,5.6,5.2,4.2,0.3343,5.2,4.8,4.4,0.3825,1.9,3.0,1.6,0.3854,12.7,13.0,10.2,0.4901,10.8,10.0,8.6,0.8101,7.5,8.2,5.8,0.5334,0.7,0.6,0.5,0.2828,0.2,,0.3,0.1354,0.8,1.0,0.4000000059604645,0.6396,False,,,0,,,,,,,,,,,,,,,,,,,0.46218488,0.3526971,0.3128655,0.42857143,0.14457831,0.5194805,True
Maxi Kleber,LAL,113,8.2,-0.3000000119209289,7.900000095367432,2.1,2.0,3.0,0.6916,1.5,1.6,2.2,0.401,0.2,0.2,0.5,0.3161,3.8,3.8,5.7,0.45,3.6,3.6,5.2,0.6223,2.3,2.2,3.5,0.1439,0.3,0.4,0.4,0.3149,0.4,0.8,0.3,0.0984,0.4,,0.5,0.7597,False,,,0,,,,,,,,,,,,,,,,,,,0.46218488,0.3802817,0.3128655,0.24489796,0.22222222,0.5194805,True
Torrey Craig,BOS,78,12.0,2.200000047683716,14.199999809265137,2.3,2.0,4.6,0.5426,3.3,5.2,4.2,0.4609,0.8,1.4,1.1,0.357,6.4,8.6,9.9,0.2239,5.6,7.2,8.8,0.3093,3.1,3.4,5.7,0.3492,0.5,0.6,0.6,0.388,0.7,1.2,0.9,0.1597,0.5,0.8,0.6000000238418579,0.6223,False,,,0,,,,,,,,,,,,,,,,,,,0.46218488,0.3802817,0.3128655,0.24489796,0.2857143,0.5194805,True
Nigel Hayes-Davis,PHX,26,5.5,-0.2000000029802322,5.300000190734863,1.0,0.6,2.6,0.6035,1.3,1.0,2.1,0.4236,0.1,,0.3,0.3401,2.4,,5.0,0.5082,2.3,,4.7,0.413,1.1,,2.9,0.1106,0.2,0.2,0.3,0.2794,0.1,0.2,0.2,0.1032,0.1,,0.5,0.7122,False,,,0,,,,,,,,,,,,,,,,,,,0.46218488,0.36933047,0.4375,0.24489796,0.14457831,0.5194805,True
Grayson Allen,PHX,185,26.3,-0.8999999761581421,25.399999618530277,17.3,16.0,13.3,0.2178,2.5,2.8,2.7,0.3667,4.6,3.4,4.1,0.3382,24.4,22.2,20.1,0.189,19.8,18.8,16.0,0.1872,21.9,19.4,17.4,0.1737,1.3,0.8,1.2,0.3321,0.1,,0.2,0.1234,1.3,0.8,1.2000000476837158,0.7149,False,,,0,,,,,,,,,,,,,,,,,,,0.5294118,0.36933047,0.3128655,0.42857143,0.1875,0.4871795,True
Udoka Azubuike,PHX,15,5.5,-0.8999999761581421,4.599999904632568,0.7,1.0,1.6,0.2363,1.2,1.6,2.4,0.4559,0.1,0.2,0.4,0.3698,2.0,2.8,4.4,0.3331,1.9,2.6,4.0,0.5362,0.8,1.2,2.0,0.0755,0.1,0.2,0.3,0.3355,0.3,,0.4,0.1065,0.3,0.2,0.4000000059604645,0.4971,False,,,0,,,,,,,,,,,,,,,,,,,0.46218488,0.3802817,0.4375,0.38,0.11764706,0.4871795,True
Marvin Bagley III,DAL,136,19.4,-0.1000000014901161,19.299999237060547,7.3,8.8,11.3,0.7788,5.7,5.2,6.8,0.2896,1.6,1.6,1.5,0.1495,14.6,15.6,19.6,0.4642,13.0,14.0,18.1,0.5838,8.9,10.4,12.8,0.8014,0.2,0.4,0.4,0.0838,0.4,,0.5,0.0719,0.7,0.6,1.2000000476837158,0.6773,False,,,0,,,,,,,,,,,,,,,,,,,0.46218488,0.3526971,0.3128655,0.38,0.14457831,0.5194805,True
Mo Bamba,UTA,92,12.5,1.2000000476837158,13.800000190734863,3.2,2.4,5.2,0.775,4.4,4.0,6.0,0.4206,0.5,0.4,0.5,0.367,8.1,6.8,11.7,0.6727,7.6,6.4,11.2,0.7432,3.7,2.8,5.7,0.4108,,,0.4,0.2581,1.2,0.8,1.2,0.0351,0.6,0.6,0.699999988079071,0.6573,False,,,0,,,,,,,,,,,,,,,,,,,0.46218488,0.36933047,0.3128655,0.24489796,0.14457831,0.5194805,True
Keita Bates-Diop,BKN,52,4.6,-0.1000000014901161,4.5,1.4,0.8,0.8,0.0602,0.7,1.0,1.1,0.2211,0.4,0.4,0.3,0.2786,2.5,2.2,2.2,0.152,2.1,1.8,1.9,0.299,1.8,1.2,1.1,0.0592,0.2,0.4,0.1,0.324,0.1,,0.1,0.1794,0.1,,0.0,0.2526,False,,,0,,,,,,,,,,,,,,,,,,,0.5294118,0.36933047,0.3128655,0.23684211,0.14457831,0.4871795,True
Mikal Bridges,NYK,239,30.6,0.3000000119209289,30.899999618530277,10.6,13.2,10.4,0.1743,3.3,2.0,3.5,0.376,3.1,3.6,3.4,0.2195,17.0,18.8,17.3,0.0867,13.9,15.2,13.9,0.0698,13.7,16.8,13.8,0.0217,0.8,0.8,0.7,0.4378,0.6,0.2,0.6,0.1764,0.9,1.2,0.800000011920929,0.1764,False,,,0,13.5,-6.2,4.5,-1.0999999046325684,4.5,-1.0,22.0,-7.800000000000001,16.5,-5.800000190734863,16.5,-5.699999999999999,1.5,-0.800000011920929,1.0,-0.3999999761581421,1.5,-0.699999988079071,0.39215687,0.3802817,0.3128655,0.23684211,0.14457831,0.5,True
Miles Bridges,CHA,203,29.4,0.5,29.899999618530277,14.8,12.8,18.2,0.5683,5.1,5.0,5.0,0.5725,2.3,2.2,2.5,0.2986,22.2,20.0,25.7,0.5172,19.9,17.8,23.2,0.4921,17.1,15.0,20.7,0.5151,0.5,0.2,0.7,0.2382,0.1,,0.2,0.1135,1.4,1.0,1.5,0.2283,False,,,0,,,,,,,,,,,,,,,,,,,0.46218488,0.3526971,0.3128655,0.5,0.18181819,0.50522816,True
Bruce Brown,DEN,183,20.1,-0.1000000014901161,20.0,8.5,9.4,10.0,0.5534,3.0,4.0,3.4,0.4757,1.6,1.6,1.7,0.2406,13.1,15.0,15.1,0.541,11.5,13.4,13.4,0.5888,10.1,11.0,11.7,0.6157,0.2,0.2,0.6,0.1331,0.3,0.2,0.2,0.0981,0.8,0.8,1.100000023841858,0.5914,False,,,0,8.0,2.0,4.5,-1.2000000476837158,3.0,-1.3,13.5,1.5,10.5,2.8000001907348637,,,1.5,-0.8999999761581421,0.5,-0.2999999970197677,0.5,0.6000000238418579,0.46218488,0.3526971,0.30357143,0.18811882,0.11764706,0.5194805,True
Troy Brown Jr.,DET,58,25.7,0.699999988079071,26.399999618530277,5.0,6.0,5.3,0.296,4.1,4.2,3.7,0.6429,1.2,1.6,1.3,0.196,10.3,11.8,10.3,0.2252,9.1,10.2,9.0,0.5202,6.2,7.6,6.6,0.2895,1.4,1.6,1.1,0.3806,,,0.4,0.1012,0.7,0.8,0.699999988079071,0.6401,False,,,0,,,,,,,,,,,,,,,,,,,0.46218488,0.36933047,0.3128655,0.24489796,0.14457831,0.46666667,True
Jalen Brunson,NYK,211,37.1,-0.6000000238418579,36.5,26.9,26.0,19.8,0.1443,3.3,2.6,3.3,0.7564,7.8,7.4,8.3,0.6227,38.0,36.0,31.4,0.2194,30.2,28.6,23.1,0.1093,34.7,33.4,28.1,0.1684,1.1,0.8,0.9,0.4029,0.1,,0.2,0.1265,3.1,2.6,2.400000095367432,0.636,False,,,0,24.5,-5.899999999999999,4.5,-1.4000000953674316,7.25,1.1500000000000004,35.0,-4.899999999999999,27.5,-5.799999237060547,31.5,-4.5,1.5,-0.6000000238418579,0.5,-0.2999999970197677,,,0.46218488,0.3526971,0.3128655,0.38,0.33333334,0.5194805,True
Jevon Carter,ORL,153,20.5,1.0,21.5,9.2,8.8,6.6,0.3878,2.4,1.8,2.7,0.5044,1.9,1.6,2.4,0.2022,13.5,12.2,11.7,0.3233,11.6,10.6,9.3,0.4242,11.1,10.4,9.0,0.1695,1.0,1.0,0.9,0.2052,0.1,,0.2,0.1256,0.9,0.8,0.699999988079071,0.3226,False,,,0,8.5,-0.9000000000000004,3.0,0.0,3.0,-0.6000000000000001,14.0,-1.0,12.5,-1.8999996185302732,12.5,-2.5,1.0,-0.1000000238418579,0.5,-0.2999999970197677,0.5,0.199999988079071,0.46218488,0.36933047,0.30357143,0.18811882,0.11764706,0.4871795,True
Wendell Carter Jr.,ORL,193,30.8,-0.0,30.799999237060547,13.2,11.8,15.9,0.8438,7.2,6.8,8.2,0.7745,2.0,1.4,1.9,0.5248,22.4,20.0,26.0,0.684,20.4,18.6,24.1,0.8283,15.2,13.2,17.8,0.7418,0.8,0.8,0.9,0.2333,0.5,0.4,0.5,0.1948,1.2,1.2,1.5,0.3633,False,,,0,,,,,,,,,,,,,,,,,,,0.44444445,0.36933047,0.3128655,0.56925005,0.22222222,0.5194805,True
Donte DiVincenzo,MIN,217,30.4,0.6000000238418579,31.0,10.6,13.8,12.7,0.3649,4.0,3.0,4.2,0.5342,2.4,3.0,3.1,0.2056,17.0,19.8,20.0,0.2067,14.6,16.8,16.9,0.5205,13.0,16.8,15.8,0.166,0.9,1.0,1.2,0.4813,0.5,0.8,0.4,0.162,1.6,2.0,1.5,0.3901,False,,,0,,,,,,,,,,,,,,,,,,,0.46218488,0.3802817,0.3128655,0.5,0.18181819,0.4871795,True
Bruno Fernando,TOR,61,9.9,-1.2999999523162842,8.600000381469727,4.2,3.8,2.9,0.453,3.2,2.6,3.4,0.3086,1.4,1.2,1.0,0.3246,8.8,7.6,7.3,0.3586,7.4,6.4,6.3,0.262,5.6,5.0,3.9,0.1003,0.3,0.6,0.3,0.2817,0.6,0.4,0.5,0.1139,0.8,0.8,0.5,0.3008,False,,,0,,,,,,,,,,,,,,,,,,,0.4848485,0.36933047,0.3128655,0.25137666,0.14457831,0.5194805,True
Shai Gilgeous-Alexander,OKC,214,33.7,0.800000011920929,34.5,30.0,30.0,35.2,0.7549,4.1,3.0,4.1,0.7962,7.1,5.8,6.8,0.271,41.2,38.8,46.1,0.9,34.1,33.0,39.3,0.8422,37.1,35.8,42.0,0.4931,1.7,1.0,1.6,0.6536,1.0,1.0,0.9,0.0982,2.3,3.0,2.900000095367432,0.8058,False,,,0,,,,,,,,,,,,,,,,,,,0.39215687,0.36933047,0.4375,0.9353487,0.33333334,0.5194805,True
Devonte' Graham,SAS,22,19.5,2.900000095367432,22.399999618530277,6.7,9.0,9.4,0.348,1.9,2.4,2.2,0.195,2.8,4.2,2.7,0.2015,11.4,15.6,14.3,0.4183,8.6,11.4,11.6,0.246,9.5,13.2,12.1,0.3074,0.6,0.6,0.7,0.2681,0.1,0.2,0.3,0.211,1.1,1.6,1.7000000476837158,0.4709,False,,,0,,,,,,,,,,,,,,,,,,,0.46218488,0.36933047,0.30357143,0.18811882,0.1875,0.46666667,True
Aaron Holiday,HOU,189,14.1,2.5,16.600000381469727,5.0,5.8,5.5,0.4331,1.2,1.4,1.4,0.6746,1.3,1.6,1.4,0.2249,7.5,8.8,8.3,0.2166,6.2,7.2,6.9,0.3259,6.3,7.4,6.9,0.1592,0.6,0.6,0.7,0.1238,,,0.1,0.1215,1.0,1.2,0.699999988079071,0.163,False,,,0,,,,,,,,,,,,,,,,,,,0.46218488,0.3802817,0.3128655,0.18811882,0.14457831,0.42857143,True
Kevin Huerter,DET,196,24.3,3.0999999046325684,27.399999618530277,10.9,13.0,12.0,0.7004,3.3,2.8,3.6,0.5109,2.6,2.8,2.8,0.33,16.8,18.6,18.4,0.5036,14.2,15.8,15.6,0.4502,13.5,15.8,14.8,0.5558,1.4,1.4,1.3,0.3009,0.1,,0.3,0.0844,1.0,1.4,1.5,0.4214,False,,,0,,,,,,,,,,,,,,,,,,,0.46218488,0.36933047,0.4375,0.38,0.14457831,0.46666667,True
Jaren Jackson Jr.,UTA,187,30.7,0.5,31.200000762939453,22.3,23.2,23.2,0.8099,6.1,5.6,6.3,0.5467,2.1,2.8,2.3,0.3028,30.5,31.6,31.8,0.8697,28.4,28.8,29.5,0.7378,24.4,26.0,25.5,0.8563,1.9,2.6,1.4,0.4057,1.3,0.6,2.0,0.2402,2.4,2.0,2.400000095367432,0.5495,False,,,0,,,,,,,,,,,,,,,,,,,0.46218488,0.3526971,0.3128655,0.38,0.33333334,0.5194805,True
Kevin Knox II,GSW,44,5.6,-0.800000011920929,4.800000190734863,2.3,3.2,2.1,0.593,1.0,1.0,1.2,0.3461,0.2,0.2,0.4,0.2,3.5,4.4,3.7,0.2321,3.3,4.2,3.3,0.4168,2.5,3.4,2.5,0.5384,0.1,0.2,0.1,0.2051,0.2,,0.1,0.1793,0.2,0.2,0.5,0.7537,False,,,0,,,,,,,,,,,,,,,,,,,0.46218488,0.3802817,0.3128655,0.24489796,0.33333334,0.4871795,True
Caleb Martin,DAL,166,19.0,-1.7000000476837158,17.299999237060547,6.0,2.6,5.9,0.6758,2.7,2.8,3.3,0.3678,0.8,0.6,1.2,0.4075,9.5,6.0,10.4,0.3031,8.7,5.4,9.2,0.8075,6.8,3.2,7.1,0.6976,0.7,0.2,0.6,0.3346,0.4,0.6,0.4,0.1465,0.7,0.8,0.699999988079071,0.6972,False,,,0,,,,,,,,,,,,,,,,,,,0.46218488,0.36933047,0.3128655,0.38,0.22222222,0.5194805,True
Cody Martin,IND,84,14.6,2.900000095367432,17.5,2.5,1.6,3.2,0.0909,3.3,3.6,3.9,0.4251,0.9,0.8,1.2,0.3897,6.7,6.0,8.3,0.1324,5.8,5.2,7.1,0.2166,3.4,2.4,4.4,0.2148,0.8,1.0,0.8,0.4609,0.5,0.4,0.7,0.1017,0.7,1.2,0.6000000238418579,0.3185,False,,,0,,,,,,,,,,,,,,,,,,,0.46218488,0.36933047,0.3128655,0.38,0.1875,0.5194805,True
De'Anthony Melton,GSW,86,25.0,0.4000000059604645,25.399999618530277,14.4,10.6,8.2,0.0645,4.6,4.4,3.9,0.4842,2.7,2.8,3.0,0.2137,21.7,17.8,15.1,0.1526,19.0,15.0,12.1,0.1182,17.1,13.4,11.2,0.0558,1.8,1.8,1.5,0.5887,0.5,0.4,0.4,0.1189,2.7,3.4,1.600000023841858,0.0748,False,,,0,,,,,,,,,,,,,,,,,,,0.4848485,0.36933047,0.3128655,0.5,0.14457831,0.5194805,True
Chimezie Metu,DET,50,29.7,2.200000047683716,31.899999618530277,11.1,13.2,10.4,0.8168,6.5,8.0,6.2,0.5386,2.1,2.2,1.9,0.3585,19.7,23.4,18.5,0.495,17.6,21.2,16.6,0.7853,13.2,15.4,12.3,0.6487,1.9,1.8,1.5,0.5749,0.6,,0.7,0.2944,1.3,1.6,1.399999976158142,0.661,False,,,0,,,,,,,,,,,,,,,,,,,0.46218488,0.36933047,0.3128655,0.38,0.1875,0.5194805,True
Shake Milton,LAL,104,8.9,-2.900000095367432,5.900000095367432,2.7,1.6,4.5,0.6633,1.6,1.8,1.9,0.4796,0.9,0.8,1.0,0.4164,5.2,4.2,7.4,0.5784,4.3,3.4,6.4,0.4938,3.6,2.4,5.5,0.5074,0.4,0.2,0.4,0.3324,,,0.1,0.0996,0.4,0.4,0.5,0.7272,False,,,0,,,,,,,,,,,,,,,,,,,0.46218488,0.36933047,0.3128655,0.24489796,0.18181819,0.4871795,True
Svi Mykhailiuk,UTA,127,19.6,-2.5999999046325684,17.0,9.9,12.0,10.0,0.5851,2.1,2.0,2.1,0.5379,1.6,1.8,1.6,0.2982,13.6,15.8,13.7,0.1599,12.0,14.0,12.1,0.4735,11.5,13.8,11.6,0.5285,0.5,0.4,0.4,0.1801,,,0.2,0.0849,1.0,0.6,1.100000023841858,0.7469,False,,,0,,,,,,,,,,,,,,,,,,,0.46218488,0.36933047,0.3128655,0.24489796,0.1875,0.42857143,True
Josh Okogie,HOU,170,9.6,-4.0,5.599999904632568,2.3,1.0,1.9,0.1192,1.6,1.0,1.4,0.3301,1.0,0.6,0.4,0.3112,4.9,2.6,3.7,0.2057,3.9,2.0,3.3,0.2369,3.3,1.6,2.3,0.1021,0.7,0.4,0.3,0.3706,0.1,,0.0,0.0717,0.1,0.2,0.1000000014901161,0.1855,False,,,0,,,,,,,,,,,,,,,,,,,0.46218488,0.36933047,0.3128655,0.5,0.14457831,0.4871795,True
Jontay Porter,TOR,25,12.8,3.0,15.899999618530272,3.5,5.6,4.3,0.4552,2.7,4.2,3.5,0.5681,2.3,3.6,2.6,0.1574,8.5,13.4,10.4,0.3558,6.2,9.8,7.8,0.4144,5.8,9.2,6.9,0.3656,0.6,1.2,0.8,0.3869,0.8,1.4,1.0,0.1579,0.9,0.8,0.800000011920929,0.5616,False,,,0,,,,,,,,,,,,,,,,,,,0.39215687,0.36933047,0.3128655,0.38,0.1875,0.4871795,True
Michael Porter Jr.,BKN,209,31.5,1.0,32.5,21.5,22.0,25.3,0.4183,7.1,7.2,7.4,0.4618,2.7,2.0,3.0,0.3558,31.3,31.2,35.7,0.2817,28.6,29.2,32.7,0.4848,24.2,24.0,28.3,0.7028,1.1,1.8,1.2,0.4247,0.3,0.4,0.8,0.1581,1.7,1.6,2.400000095367432,0.6904,False,,,0,,,,,,,,,,,,,,,,,,,0.46218488,0.3526971,0.30357143,0.42857143,0.33333334,0.5194805,True
Jerome Robinson,GSW,21,3.9,-0.3000000119209289,3.5999999046325684,1.6,1.2,2.2,0.1979,0.3,0.6,0.7,0.3719,0.3,,0.4,0.3173,2.2,,3.3,0.1038,1.9,,2.9,0.113,1.9,,2.6,0.1579,,,0.3,0.2642,0.2,,0.2,0.144,0.2,0.2,0.4000000059604645,0.3388,False,,,0,,,,,,,,,,,,,,,,,,,0.46218488,0.36933047,0.3128655,0.38,0.1875,0.46666667,True
Mitchell Robinson,NYK,104,21.2,-0.5,20.700000762939453,6.5,6.2,6.0,0.6776,9.5,7.6,9.3,0.614,0.8,0.4,0.8,0.166,16.8,14.2,16.1,0.3569,16.0,13.8,15.3,0.5035,7.3,6.6,6.8,0.3697,1.1,0.6,0.9,0.362,1.4,2.0,1.6,0.1783,1.1,1.0,0.8999999761581421,0.7599,False,,,0,,,,,,,,,,,,,,,,,,,0.46218488,0.3526971,0.3128655,0.5,0.33333334,0.4871795,True
Collin Sexton,CHI,201,26.2,0.8999999761581421,27.100000381469727,21.2,19.6,19.0,0.4785,2.4,2.6,2.5,0.5227,3.0,2.6,2.7,0.3269,26.6,24.8,24.2,0.656,23.6,22.2,21.5,0.5533,24.2,22.2,21.7,0.4435,1.2,1.2,1.2,0.1831,0.1,0.2,0.2,0.1417,1.4,1.4,2.0,0.5738,False,,,0,17.5,2.8000000000000007,3.5,-0.7999999523162842,4.5,-1.5,26.5,-0.5,21.5,1.5,22.5,0.8000000000000007,1.5,-0.2999999523162842,0.5,-0.2999999970197677,,,0.46218488,0.36933047,0.30357143,0.18811882,0.14457831,0.42857143,True
Landry Shamet,NYK,141,26.0,-1.0,25.0,9.0,7.4,9.5,0.0943,1.9,2.2,2.1,0.3808,1.2,1.0,1.4,0.2081,12.1,10.6,13.0,0.1104,10.9,9.6,11.6,0.0516,10.2,8.4,10.9,0.0866,0.8,0.6,0.7,0.2663,,,0.3,0.2568,1.0,1.0,0.5,0.1792,False,,,0,,,,,,,,,,,,,,,,,,,0.46218488,0.36933047,0.3128655,0.42857143,0.22222222,0.42857143,True
Anfernee Simons,CHI,170,28.1,1.0,29.100000381469727,17.5,17.4,17.1,0.303,2.6,3.0,3.5,0.5655,2.7,3.6,2.9,0.2916,22.8,24.0,23.5,0.1094,20.1,20.4,20.6,0.3929,20.2,21.0,20.0,0.2811,0.5,,0.8,0.304,0.3,0.4,0.5,0.1057,1.7,2.4,1.7999999523162842,0.4938,False,,,0,,,,,,,,,,,,,,,,,,,0.46218488,0.36933047,0.2413793,0.24489796,0.1875,0.42857143,True
Gary Trent Jr.,MIL,207,20.0,6.0,26.0,10.6,17.0,13.0,0.1557,1.1,1.0,1.9,0.3001,0.8,1.4,1.5,0.2322,12.5,19.4,16.4,0.2729,11.7,18.0,14.9,0.1269,11.4,18.4,14.5,0.0948,0.5,1.0,0.7,0.1846,,,0.2,0.1041,1.0,1.6,1.2999999523162842,0.3169,False,,,0,,,,,,,,,,,,,,,,,,,0.39215687,0.3802817,0.3128655,0.23684211,0.14457831,0.4,True
Jarred Vanderbilt,LAL,123,11.5,0.8999999761581421,12.399999618530272,2.0,2.6,3.5,0.2829,2.7,2.6,3.5,0.5376,0.8,0.8,1.1,0.16,5.5,6.0,8.1,0.3596,4.7,5.2,7.0,0.3564,2.8,3.4,4.6,0.2426,0.2,0.2,0.4,0.1831,0.1,,0.2,0.0908,0.2,,0.4000000059604645,0.5718,False,,,0,,,,,,,,,,,,,,,,,,,0.46218488,0.36933047,0.3128655,0.5,0.18181819,0.46666667,True
Moritz Wagner,ORL,142,12.3,-1.0,11.300000190734863,4.6,4.2,6.1,0.5094,3.8,1.8,3.0,0.3286,0.4,0.4,0.6,0.2499,8.8,6.4,9.7,0.4828,8.4,6.0,9.1,0.3115,5.0,4.6,6.7,0.7976,0.1,,0.2,0.1521,,,0.1,0.129,0.4,0.2,0.699999988079071,0.6372,False,,,0,,,,,,,,,,,,,,,,,,,0.46218488,0.3526971,0.3128655,0.24489796,0.14457831,0.5194805,True
Lonnie Walker IV,PHI,77,24.8,4.400000095367432,29.200000762939453,13.4,17.4,17.3,0.5167,2.5,2.6,3.6,0.3873,2.9,3.0,3.4,0.5571,18.8,23.0,24.3,0.5781,15.9,20.0,20.9,0.3876,16.3,20.4,20.7,0.6806,0.6,0.6,0.9,0.3571,0.2,0.4,0.5,0.1155,1.4,2.0,1.899999976158142,0.7031,False,,,0,,,,,,,,,,,,,,,,,,,0.46218488,0.36933047,0.3128655,0.38,0.14457831,0.4871795,True
P.J. Washington,DAL,184,31.7,0.8999999761581421,32.599998474121094,14.3,18.0,13.7,0.0326,7.9,8.0,7.2,0.5055,1.5,1.2,1.6,0.3184,23.7,27.2,22.5,0.1626,22.2,26.0,20.9,0.0745,15.8,19.2,15.3,0.0362,1.2,1.0,0.9,0.1249,0.6,0.6,0.7,0.2084,0.8,0.6,0.699999988079071,0.2191,False,,,0,,,,,,,,,,,,,,,,,,,0.46218488,0.36933047,0.3128655,0.42857143,0.2857143,0.4871795,True
Kenrich Williams,OKC,187,12.6,-4.699999809265137,7.900000095367432,5.2,4.4,7.5,0.541,2.3,1.8,2.5,0.5301,0.8,1.0,0.8,0.3118,8.3,7.2,10.8,0.4462,7.5,6.2,10.0,0.3551,6.0,5.4,8.3,0.6507,0.5,1.0,0.5,0.212,,,0.2,0.0582,0.5,0.6,0.5,0.5299,False,,,0,,,,,,,,,,,,,,,,,,,0.4848485,0.36933047,0.3128655,0.42857143,0.22222222,0.4,True
Trae Young,WAS,144,22.9,1.2999999523162842,24.200000762939453,16.5,12.8,17.8,0.93,1.9,2.6,2.2,0.5536,7.7,7.2,7.9,0.3127,26.1,22.6,27.9,0.8917,18.4,15.4,20.0,0.8313,24.2,20.0,25.7,0.7611,0.8,0.8,0.9,0.3343,0.1,,0.4,0.2072,2.7,3.2,3.5999999046325684,0.6899,False,,,0,,,,,,,,,,,,,,,,,,,0.46218488,0.36933047,0.30357143,0.38,0.14457831,0.4871795,True
Deandre Ayton,LAL,160,28.8,-1.600000023841858,27.200000762939453,11.8,9.8,13.6,0.832,8.6,8.0,7.9,0.6276,0.9,0.4,1.0,0.1321,21.3,18.2,22.5,0.7389,20.4,17.8,21.5,0.7489,12.7,10.2,14.6,0.7324,0.4,0.4,0.6,0.3041,1.1,1.2,1.2,0.4169,1.2,1.6,1.2000000476837158,0.5288,False,,,0,,,,,,,,,,,,,,,,,,,0.39215687,0.3526971,0.296875,0.5,0.22222222,0.4871795,True
Luka Dončić,LAL,182,38.5,-0.699999988079071,37.79999923706055,39.7,41.8,36.0,0.8282,8.0,6.6,7.7,0.2879,7.4,5.4,8.2,0.2861,55.1,53.8,51.9,0.7806,47.7,48.4,43.7,0.8847,47.1,47.2,44.2,0.7745,2.5,3.2,2.3,0.5674,0.7,0.4,0.7,0.1994,3.9,3.8,2.900000095367432,0.6397,False,,,0,,,,,,,,,,,,,,,,,,,0.46218488,0.36933047,0.4375,0.5230246,0.33333334,0.5194805,True
Goga Bitadze,ORL,188,11.7,1.600000023841858,13.300000190734863,4.6,6.2,5.0,0.3324,3.5,4.4,4.1,0.4164,1.7,2.4,1.6,0.2727,9.8,13.0,10.7,0.2486,8.1,10.6,9.1,0.1558,6.3,8.6,6.6,0.0691,0.3,0.4,0.4,0.1357,0.1,,0.4,0.142,0.9,1.6,0.699999988079071,0.4981,False,,,0,,,,,,,,,,,,,,,,,,,0.46218488,0.36933047,0.3128655,0.24489796,0.1875,0.46666667,True
Oshae Brissett,PHI,60,18.0,3.0999999046325684,21.100000381469727,6.9,9.4,6.3,0.2231,3.8,3.6,4.1,0.2849,0.8,0.8,1.2,0.296,11.5,13.8,11.6,0.313,10.7,13.0,10.4,0.4739,7.7,10.2,7.5,0.2809,0.7,0.8,0.7,0.1423,0.6,0.6,0.6,0.1337,1.3,1.6,1.0,0.6538,False,,,0,,,,,,,,,,,,,,,,,,,0.46218488,0.36933047,0.296875,0.25017583,0.33333334,0.4871795,True
Robert Williams III,POR,79,18.0,-2.5999999046325684,15.399999618530272,6.6,6.4,4.9,0.246,8.1,6.8,6.7,0.2364,0.6,0.4,0.8,0.2734,15.3,13.6,12.4,0.2678,14.7,13.2,11.6,0.4185,7.2,6.8,5.7,0.1584,0.4,0.2,0.4,0.1415,1.5,1.0,1.3,0.0831,0.8,0.8,0.5,0.4119,False,,,0,,,,,,,,,,,,,,,,,,,0.46218488,0.3526971,0.3128655,0.38,0.14457831,0.4871795,True
Rui Hachimura,LAL,188,25.5,-0.699999988079071,24.799999237060547,8.8,7.8,11.1,0.8694,3.0,2.8,2.6,0.5551,0.4,,0.7,0.2167,12.2,,14.4,0.6972,11.8,,13.7,0.8036,9.2,,11.8,0.7214,0.4,0.4,0.5,0.0861,0.3,0.4,0.3,0.0878,0.3,0.2,0.6000000238418579,0.4655,False,,,0,,,,,,,,,,,,,,,,,,,0.46218488,0.3526971,0.3128655,0.38,0.1875,0.46666667,True
Jock Landale,ATL,164,18.2,1.5,19.700000762939453,6.3,6.8,9.9,0.7815,3.0,3.4,4.1,0.5292,1.7,2.6,1.8,0.1966,11.0,12.8,15.8,0.3339,9.3,10.2,14.0,0.6086,8.0,9.4,11.7,0.4241,0.5,1.0,0.7,0.1721,0.5,0.8,0.5,0.0774,0.5,0.8,0.800000011920929,0.4796,False,,,0,11.5,-1.9000000000000004,6.0,-2.0,,,13.5,2.0,12.0,1.6000003814697266,,,0.5,0.199999988079071,1.0,-0.5,0.5,0.3000000119209289,0.4848485,0.36933047,0.3128655,0.24489796,0.1875,0.4871795,True
Duncan Robinson,DET,213,25.5,0.0,25.5,12.1,12.8,12.8,0.8781,3.2,3.0,3.1,0.4366,2.7,2.4,2.6,0.2831,18.0,18.2,18.5,0.3032,15.3,15.8,15.9,0.7056,14.8,15.2,15.4,0.6489,0.3,0.4,0.5,0.1364,0.1,0.2,0.2,0.1142,0.6,0.8,0.699999988079071,0.7398,False,,,0,,,,,,,,,,,,,,,,,,,0.46218488,0.3802817,0.3128655,0.3315087,0.14457831,0.42857143,True
Yuta Watanabe,MEM,33,9.2,2.5,11.699999809265137,2.3,2.6,2.8,0.2175,1.1,1.6,1.9,0.3201,0.5,1.0,0.6,0.1918,3.9,5.2,5.3,0.0936,3.4,4.2,4.7,0.1852,2.8,3.6,3.4,0.1866,0.4,0.4,0.4,0.2933,,,0.3,0.1253,0.3,0.2,0.4000000059604645,0.2326,False,,,0,,,,,,,,,,,,,,,,,,,0.46218488,0.3526971,0.3128655,0.18811882,0.14457831,0.46666667,True
Jordan McLaughlin,SAS,141,7.9,0.699999988079071,8.600000381469727,2.0,2.2,3.0,0.6551,0.7,0.6,1.2,0.6242,1.4,2.2,1.5,0.0803,4.1,5.0,5.7,0.2249,2.7,2.8,4.2,0.3704,3.4,4.4,4.5,0.2352,0.4,0.8,0.5,0.2628,0.1,0.2,0.2,0.1004,0.4,0.4,0.6000000238418579,0.6747,False,,,0,,,,,,,,,,,,,,,,,,,0.46218488,0.3802817,0.3128655,0.18811882,0.11764706,0.46666667,True
Gabe Vincent,ATL,130,14.5,1.0,15.5,3.8,4.0,4.0,0.2191,1.3,1.4,1.4,0.5111,1.4,1.6,1.7,0.3036,6.5,7.0,7.1,0.2119,5.1,5.4,5.4,0.2506,5.2,5.6,5.7,0.1434,0.6,1.0,0.7,0.1781,,,0.1,0.1262,0.7,1.4,0.6000000238418579,0.4278,False,,,0,9.5,-5.1,2.5,-0.8999999761581421,1.5,0.3,6.5,1.2999999999999998,,,,,1.0,-0.3000000119209289,,,,,0.46218488,0.36933047,0.3128655,0.18811882,0.14457831,0.46666667,True
Drew Eubanks,SAC,177,11.3,2.900000095367432,14.199999809265137,5.6,6.8,6.3,0.4657,3.8,4.2,4.1,0.2108,0.9,0.4,0.9,0.2997,10.3,11.4,11.3,0.2409,9.4,11.0,10.4,0.2952,6.5,7.2,7.2,0.1476,0.3,0.4,0.5,0.243,0.7,1.0,0.8,0.0724,0.4,0.8,0.699999988079071,0.5211,False,,,0,,,,,,,,,,,,,,,,,,,0.46218488,0.3526971,0.3128655,0.24489796,0.1875,0.4871795,True
Juan Toscano-Anderson,SAC,10,5.0,3.400000095367432,8.399999618530273,0.4,0.4,3.5,0.661,1.4,2.2,3.1,0.5808,0.4,0.4,0.6,0.1954,2.2,3.0,7.2,0.194,1.8,2.6,6.6,0.4781,0.8,0.8,4.1,0.529,0.1,,0.3,0.2853,0.1,0.2,0.2,0.1513,0.2,0.2,0.800000011920929,0.766,False,,,0,,,,,,,,,,,,,,,,,,,0.46218488,0.36933047,0.3128655,0.23684211,0.14457831,0.5194805,True
Haywood Highsmith,PHX,145,19.1,0.1000000014901161,19.100000381469727,6.8,6.0,5.9,0.1448,3.6,2.2,3.5,0.5647,1.6,1.2,1.7,0.2791,12.0,9.4,11.1,0.1529,10.4,8.2,9.4,0.3843,8.4,7.2,7.6,0.1007,0.4,0.8,0.6,0.254,,,0.3,0.134,0.3,,0.4000000059604645,0.6802,False,,,0,,,,,,,,,,,,,,,,,,,0.4848485,0.3802817,0.3128655,0.5216924,0.09436412,0.5194805,True
Amir Coffey,PHX,184,13.3,-3.5999999046325684,9.699999809265137,3.8,3.2,2.5,0.1157,1.8,1.6,2.0,0.4094,0.8,,0.7,0.3194,6.4,,5.2,0.2209,5.6,,4.5,0.6148,4.6,,3.2,0.0973,0.4,0.2,0.4,0.297,0.2,0.2,0.2,0.0945,,,0.2000000029802322,0.4052,False,,,0,,,,,,,,,,,,,,,,,,,0.39215687,0.36933047,0.3128655,0.24489796,0.14457831,0.5194805,True
DaQuan Jeffries,SAC,66,24.4,-0.3000000119209289,24.200000762939453,7.6,8.4,9.8,0.8535,3.1,2.8,3.3,0.4172,1.0,0.6,1.1,0.1289,11.7,11.8,14.2,0.4691,10.7,11.2,13.1,0.5558,8.6,9.0,10.9,0.6364,0.2,0.2,0.5,0.0882,0.3,0.4,0.4,0.0611,0.6,0.6,0.8999999761581421,0.7449,False,,,0,,,,,,,,,,,,,,,,,,,0.46218488,0.3526971,0.3128655,0.24489796,0.14457831,0.4871795,True
Terance Mann,BKN,203,22.1,1.399999976158142,23.5,4.9,3.8,6.8,0.7397,3.6,3.6,3.5,0.6092,2.1,1.4,2.1,0.2326,10.6,8.8,12.4,0.4552,8.5,7.4,10.3,0.3373,7.0,5.2,8.9,0.2514,0.3,0.6,0.6,0.1986,0.3,0.2,0.3,0.0929,0.7,1.0,0.8999999761581421,0.4011,False,,,0,,,,,,,,,,,,,,,,,,,0.49768987,0.3802817,0.3128655,0.24489796,0.1875,0.5194805,True
Andrew Nembhard,IND,189,29.0,2.299999952316284,31.299999237060547,15.2,14.6,14.3,0.1879,2.7,3.2,2.7,0.4168,8.8,11.4,9.1,0.3349,26.7,29.2,26.1,0.3273,17.9,17.8,17.0,0.1465,24.0,26.0,23.4,0.1817,1.0,0.8,1.1,0.4196,0.1,0.2,0.2,0.1837,2.0,1.8,2.400000095367432,0.3146,False,,,0,,,,,,,,,,,,,,,,,,,0.46218488,0.3526971,0.3128655,0.38,0.1875,0.5194805,True
Jalen Pickett,DEN,121,8.8,-2.299999952316284,6.5,2.5,3.0,2.4,0.0871,0.7,0.4,2.0,0.171,0.6,0.6,1.1,0.249,3.8,4.0,5.5,0.1872,3.2,3.4,4.4,0.4623,3.1,3.6,3.5,0.1233,,,0.1,0.2944,0.1,,0.0,0.1087,0.2,0.2,0.0,0.2095,False,,,0,,,,,,,,,,,,,,,,,,,0.46218488,0.3802817,0.4375,0.24489796,0.1875,0.5194805,True
Max Strus,CLE,126,26.5,-0.1000000014901161,26.299999237060547,11.7,10.2,11.6,0.2081,6.1,6.2,5.2,0.4634,2.9,2.2,2.9,0.3235,20.7,18.6,19.7,0.2379,17.8,16.4,16.8,0.257,14.6,12.4,14.5,0.1887,0.4,0.6,0.6,0.1718,0.2,,0.3,0.0911,1.2,0.8,1.0,0.3929,False,,,0,,,,,,,,,,,,,,,,,,,0.46218488,0.36933047,0.30357143,0.24489796,0.1875,0.5194805,True
Bol Bol,PHX,78,9.7,-2.799999952316284,6.900000095367432,4.6,3.8,4.0,0.1177,1.8,0.8,2.2,0.1886,0.6,0.6,0.5,0.3252,7.0,5.2,6.7,0.1598,6.4,4.6,6.2,0.2996,5.2,4.4,4.5,0.0829,0.4,0.2,0.1,0.2484,0.2,0.2,0.5,0.1322,0.5,0.4,0.1000000014901161,0.1764,False,,,0,,,,,,,,,,,,,,,,,,,0.46218488,0.36933047,0.3128655,0.24489796,0.33333334,0.5194805,True
Zion Williamson,NOP,158,30.7,0.4000000059604645,31.100000381469727,20.6,21.0,21.9,0.4415,4.9,5.6,5.2,0.5017,2.4,2.8,2.7,0.3385,27.9,29.4,29.8,0.264,25.5,26.6,27.1,0.312,23.0,23.8,24.6,0.2698,0.9,1.4,1.0,0.2021,0.5,0.4,0.5,0.1428,1.5,1.6,1.399999976158142,0.2958,False,,,0,,,,,,,,,,,,,,,,,,,0.46218488,0.36933047,0.3128655,0.38,0.1875,0.4871795,True
RJ Barrett,TOR,166,30.0,1.7000000476837158,31.700000762939453,20.0,18.8,20.6,0.633,4.8,4.0,5.4,0.631,3.2,4.0,3.0,0.3213,28.0,26.8,29.0,0.4582,24.8,22.8,26.0,0.5646,23.2,22.8,23.6,0.6172,0.8,0.8,0.9,0.2762,0.3,,0.4,0.1617,1.8,1.4,1.7999999523162842,0.6204,False,,,0,22.5,-1.3999999999999986,6.0,-0.6999998092651367,4.0,-0.7999999999999998,32.0,-2.3999999999999986,26.5,-0.1000003814697265,27.0,-2.6999999999999997,1.0,-0.1000000238418579,0.5,-0.0999999940395355,1.5,0.2999999523162842,0.46218488,0.36933047,0.30357143,0.23684211,0.33333334,0.4871795,True
Cam Reddish,LAL,80,14.0,-3.900000095367432,10.100000381469728,1.9,1.6,2.3,0.3431,1.5,1.0,1.6,0.2623,0.6,,0.6,0.3928,4.0,,4.5,0.3709,3.4,,3.9,0.4159,2.5,,2.9,0.1464,0.6,0.2,0.5,0.2905,0.1,,0.2,0.1652,0.1,,0.2000000029802322,0.5966,False,,,0,,,,,,,,,,,,,,,,,,,0.46218488,0.3526971,0.4375,0.38,0.14457831,0.4871795,True
Ja Morant,MEM,78,26.5,4.099999904632568,30.600000381469727,18.5,23.6,22.2,0.7406,2.8,2.8,3.0,0.7937,7.8,8.8,9.2,0.5261,29.1,35.2,34.4,0.5369,21.3,26.4,25.2,0.6512,26.3,32.4,31.4,0.6634,0.8,1.2,1.1,0.2067,0.2,,0.6,0.2387,3.3,3.2,4.699999809265137,0.8198,False,,,0,,,,,,,,,,,,,,,,,,,0.46218488,0.36933047,0.3128655,0.38,0.2857143,0.5194805,True
De'Andre Hunter,SAC,165,22.0,1.2999999523162842,23.299999237060547,11.3,11.6,15.0,0.4002,3.0,2.4,4.6,0.4718,1.8,0.8,2.1,0.2725,16.1,14.8,21.7,0.3591,14.3,14.0,19.6,0.5001,13.1,12.4,17.1,0.4594,0.7,1.0,0.8,0.233,0.1,,0.4,0.1422,1.8,1.6,1.600000023841858,0.5222,False,,,0,,,,,,,,,,,,,,,,,,,0.46218488,0.36933047,0.3128655,0.5,0.1875,0.4871795,True
Coby White,CHA,197,20.8,0.6000000238418579,21.399999618530277,16.8,16.6,18.6,0.8666,3.7,4.8,3.6,0.3402,2.8,2.6,3.2,0.5732,23.3,24.0,25.4,0.3408,20.5,21.4,22.2,0.3631,19.6,19.2,21.8,0.7934,0.2,0.2,0.4,0.0888,0.3,,0.2,0.0853,1.9,2.0,2.0999999046325684,0.8109,False,,,0,,,,,,,,,,,,,,,,,,,0.4848485,0.36933047,0.296875,0.38,0.18181819,0.42857143,True
Brandon Clarke,MEM,71,19.0,-1.7999999523162842,17.200000762939453,9.7,9.2,8.8,0.5954,5.4,3.8,5.4,0.5649,1.1,1.0,1.0,0.3617,16.2,14.0,15.2,0.5398,15.1,13.0,14.2,0.7162,10.8,10.2,9.8,0.556,0.9,0.8,0.6,0.1907,0.7,0.2,0.6,0.0643,0.6,0.8,0.699999988079071,0.8376,False,,,0,,,,,,,,,,,,,,,,,,,0.46218488,0.3526971,0.3128655,0.5,0.14457831,0.5194805,True
Darius Garland,LAC,171,29.3,1.5,30.799999237060547,23.2,25.0,21.0,0.552,1.9,2.2,2.8,0.4851,7.5,7.8,7.0,0.3101,32.6,35.0,30.8,0.2781,25.1,27.2,23.8,0.3561,30.7,32.8,28.0,0.3627,1.3,1.0,1.3,0.4354,0.2,0.4,0.2,0.3603,3.3,3.8,3.5,0.7494,False,,,0,,,,,,,,,,,,,,,,,,,0.46218488,0.36933047,0.3128655,0.38,0.22222222,0.5194805,True
Jaxson Hayes,LAL,189,20.5,4.0,24.5,8.6,13.8,8.2,0.0624,5.1,7.0,5.9,0.2798,0.5,0.6,0.9,0.2257,14.2,21.4,15.0,0.053,13.7,20.8,14.1,0.1933,9.1,14.4,9.1,0.2423,0.7,0.8,0.9,0.1718,1.9,3.2,1.7,0.4136,0.3,0.4,0.6000000238418579,0.3382,False,,,0,,,,,,,,,,,,,,,,,,,0.39215687,0.3526971,0.3128655,0.38,0.33333334,0.46666667,True
Nickeil Alexander-Walker,ATL,236,33.1,1.7999999523162842,34.900001525878906,23.3,22.2,23.4,0.615,3.4,3.4,3.7,0.6144,3.7,4.6,4.5,0.2737,30.4,30.2,31.6,0.294,26.7,25.6,27.1,0.4217,27.0,26.8,27.9,0.6278,2.0,1.8,1.7,0.2539,0.2,,0.3,0.1342,1.4,0.8,1.600000023841858,0.218,False,,,0,19.5,3.3999999999999986,4.0,0.0,4.0,0.7999999999999998,26.5,5.199999999999999,22.5,4.399999618530273,23.5,4.199999999999999,1.5,0.2000000476837158,1.0,-0.699999988079071,1.5,0.1000000238418579,0.46218488,0.36933047,0.3128655,0.24489796,0.11764706,0.4871795,True
Tyler Herro,MIA,147,32.4,0.4000000059604645,32.79999923706055,21.2,20.6,23.3,0.9241,5.6,3.8,4.9,0.29,4.6,3.8,4.5,0.3388,31.4,28.2,32.7,0.7906,26.8,24.4,28.2,0.718,25.8,24.4,27.8,0.636,0.7,0.8,0.8,0.3022,0.2,0.2,0.3,0.1287,1.6,1.0,2.200000047683716,0.5291,False,,,0,22.5,2.8000000000000007,5.0,0.0999999046325683,4.25,0.25,31.5,3.3999999999999986,28.5,1.8999996185302732,26.5,3.3000000000000007,1.0,-0.199999988079071,0.5,-0.199999988079071,2.5,-0.2999999523162842,0.4848485,0.3526971,0.30357143,0.24450766,0.1875,0.5194805,True
Keldon Johnson,SAS,220,22.3,0.6000000238418579,22.899999618530277,13.4,16.4,15.6,0.6699,4.5,4.2,4.4,0.5919,1.8,2.8,1.6,0.3719,19.7,23.4,21.6,0.3621,17.9,20.6,20.0,0.3844,15.2,19.2,17.2,0.1727,0.1,0.2,0.4,0.0969,0.1,,0.2,0.0655,0.4,0.4,0.800000011920929,0.3821,False,,,0,12.5,2.5,5.25,-0.6500000953674316,1.5,0.3,20.5,0.8999999999999986,17.5,2.1000003814697266,14.5,2.3000000000000007,1.0,-0.5999999940395355,0.5,-0.2999999970197677,,,0.46218488,0.36933047,0.30357143,0.10714286,0.14457831,0.46666667,True
Nassir Little,PHX,44,2.8,-0.3000000119209289,2.5,1.4,1.8,2.1,0.2708,0.4,0.6,0.9,0.272,0.2,0.2,0.3,0.3057,2.0,2.6,3.3,0.1817,1.8,2.4,3.0,0.3879,1.6,2.0,2.4,0.138,,,0.3,0.269,,,0.2,0.1129,0.1,0.2,0.4000000059604645,0.6937,False,,,0,,,,,,,,,,,,,,,,,,,0.46218488,0.3802817,0.3220428,0.24489796,0.14457831,0.46666667,True
Chuma Okeke,CLE,55,18.3,-2.400000095367432,15.899999618530272,5.0,8.6,3.8,0.1681,4.4,7.0,3.5,0.4266,1.4,2.2,1.1,0.1903,10.8,17.8,8.4,0.0769,9.4,15.6,7.3,0.1471,6.4,10.8,4.9,0.2286,0.5,0.6,0.6,0.2217,0.3,0.6,0.3,0.1776,0.4,0.4,0.4000000059604645,0.3256,False,,,0,,,,,,,,,,,,,,,,,,,0.46218488,0.36933047,0.3128655,0.24489796,0.1875,0.4871795,True
Kevin Porter Jr.,MIL,112,31.8,0.800000011920929,32.599998474121094,16.3,10.6,18.1,0.8571,5.2,6.0,5.4,0.7026,6.4,5.6,6.8,0.292,27.9,22.2,30.3,0.8047,21.5,16.6,23.5,0.7428,22.7,16.2,24.9,0.6136,2.5,2.0,2.2,0.635,0.5,0.4,0.9,0.1712,2.2,2.6,2.700000047683716,0.3393,False,,,0,,,,,,,,,,,,,,,,,,,0.46218488,0.36933047,0.3128655,1.0,0.1875,0.5194805,True
Charles Bassey,BOS,61,7.0,-1.7000000476837158,5.300000190734863,2.4,2.2,3.6,0.5057,2.4,1.6,3.8,0.3764,0.5,0.2,0.5,0.4249,5.3,4.0,7.9,0.421,4.8,3.8,7.4,0.3344,2.9,2.4,4.1,0.2684,0.4,0.2,0.3,0.2568,0.3,0.2,0.4,0.0774,0.2,,0.4000000059604645,0.6825,False,,,0,,,,,,,,,,,,,,,,,,,0.46218488,0.3802817,0.3128655,0.38,0.14457831,0.4871795,True
Moses Brown,DAL,34,8.9,8.0,16.9,5.2,5.8,8.2,0.4433,3.0,4.4,6.1,0.1964,0.2,0.4,0.7,0.1583,8.4,10.6,15.0,0.17,8.2,10.2,14.3,0.4774,5.4,6.2,8.9,0.2796,0.6,0.8,0.8,0.1305,0.4,0.6,0.8,0.1767,1.1,1.2,1.2999999523162842,0.4475,False,,,0,,,,,,,,,,,,,,,,,,,0.46218488,0.36933047,0.30357143,0.24489796,0.33333334,0.4871795,True
Nic Claxton,BKN,208,21.6,0.6000000238418579,22.200000762939453,8.7,10.4,10.0,0.11,6.2,5.8,6.1,0.4128,2.3,2.0,2.7,0.1052,17.2,18.2,18.8,0.1099,14.9,16.2,16.1,0.1368,11.0,12.4,12.7,0.0655,0.2,0.4,0.5,0.0983,0.9,0.8,0.8,0.1014,1.1,1.2,1.0,0.1764,False,,,0,,,,,,,,,,,,,,,,,,,0.46218488,0.3526971,0.3128655,0.38,0.33333334,0.5149809,True
Luguentz Dort,OKC,212,25.1,-0.5,24.600000381469727,7.5,7.2,7.1,0.0955,3.2,2.6,3.1,0.2645,0.7,0.6,1.2,0.2877,11.4,10.4,11.4,0.1079,10.7,9.8,10.2,0.0704,8.2,7.8,8.3,0.0859,0.5,0.4,0.6,0.1203,0.4,0.4,0.3,0.1292,0.9,0.8,0.6000000238418579,0.1372,False,,,0,,,,,,,,,,,,,,,,,,,0.46218488,0.36933047,0.3128655,0.5,0.14457831,0.4871795,True
Daniel Gafford,DAL,183,24.7,1.5,26.200000762939453,15.9,18.8,15.3,0.5126,9.7,10.0,9.0,0.5293,1.8,1.8,1.6,0.1992,27.4,30.6,25.9,0.4334,25.6,28.8,24.3,0.3807,17.7,20.6,16.9,0.211,0.5,0.2,0.7,0.1531,0.8,0.8,1.4,0.1657,1.0,1.0,1.7000000476837158,0.3122,False,,,0,,,,,,,,,,,,,,,,,,,0.46218488,0.36933047,0.3128655,0.42857143,0.33333334,0.46666667,True
Quentin Grimes,PHI,193,33.1,-0.3000000119209289,32.79999923706055,19.8,17.0,13.6,0.1513,4.1,3.8,3.8,0.5258,3.6,4.0,3.5,0.3707,27.5,24.8,20.9,0.0788,23.9,20.8,17.4,0.135,23.4,21.0,17.1,0.0307,1.1,0.8,0.9,0.2732,0.5,0.6,0.4,0.185,1.8,1.8,1.2000000476837158,0.0926,False,,,0,14.5,-1.9000000000000004,4.0,-0.2000000476837158,4.5,-0.7999999999999998,21.5,-1.3999999999999986,18.5,-2.1000003814697266,17.5,-1.1999999999999993,1.5,-0.6000000238418579,0.5,-0.0999999940395355,,,0.46218488,0.36933047,0.3128655,0.24489796,0.14457831,0.5194805,True
Talen Horton-Tucker,CHI,108,15.5,4.900000095367432,20.399999618530277,9.3,9.8,9.6,0.3554,1.4,1.0,2.1,0.3227,1.3,1.6,1.8,0.2827,12.0,12.4,13.5,0.1572,10.7,10.8,11.7,0.4184,10.6,11.4,11.4,0.1558,0.3,0.2,0.5,0.1364,0.1,0.2,0.2,0.0947,0.7,1.0,0.8999999761581421,0.4997,False,,,0,,,,,,,,,,,,,,,,,,,0.46218488,0.36933047,0.3128655,0.24489796,0.18181819,0.46666667,True
Ty Jerome,MEM,86,23.6,1.5,25.100000381469727,19.8,21.4,19.3,0.5487,3.2,3.0,3.2,0.4782,5.9,6.8,5.8,0.5831,28.9,31.2,28.3,0.4746,23.0,24.4,22.5,0.4532,25.7,28.2,25.1,0.5244,1.0,0.6,1.1,0.3108,0.2,0.2,0.5,0.3229,1.6,2.0,2.400000095367432,0.7241,False,,,0,,,,,,,,,,,,,,,,,,,0.46218488,0.3526971,0.3128655,0.38,0.14457831,0.4871795,True
Cameron Johnson,DEN,164,30.2,-0.5,29.700000762939453,15.1,12.6,12.3,0.2148,3.4,3.0,3.7,0.6308,2.2,2.0,2.2,0.4581,20.7,17.6,18.2,0.1414,18.5,15.6,16.0,0.1842,17.3,14.6,14.5,0.0992,1.0,1.2,0.9,0.2566,0.5,0.4,0.5,0.2519,0.7,0.6,0.699999988079071,0.0986,False,,,0,10.5,0.5,4.0,-0.4000000953674316,2.5,-0.2000000000000001,16.0,0.8999999999999986,13.0,1.6000003814697266,12.5,0.8000000000000007,1.0,-0.1000000238418579,1.0,-0.5,0.5,0.199999988079071,0.44554403,0.36933047,0.30357143,0.18811882,0.14457831,0.46666667,True
Jalen McDaniels,WAS,53,12.1,-7.400000095367432,4.599999904632568,3.4,2.0,1.8,0.0613,1.5,0.6,1.5,0.4706,1.2,0.6,0.8,0.6144,6.1,3.2,4.1,0.3222,4.9,2.6,3.3,0.673,4.6,2.6,2.6,0.1495,0.3,0.6,0.1,0.3572,0.1,,0.1,0.1601,0.5,0.4,0.1000000014901161,0.4768,False,,,0,,,,,,,,,,,,,,,,,,,0.46218488,0.3526971,0.3128655,0.24489796,0.11764706,0.4871795,True
Jaylen Nowell,NOP,20,18.4,5.0,23.5,8.1,10.4,12.3,0.7003,2.7,3.6,3.6,0.2787,1.5,2.6,2.1,0.261,12.3,16.6,18.0,0.2405,10.8,14.0,15.9,0.5966,9.6,13.0,14.4,0.3934,0.1,,0.5,0.2318,0.3,0.4,0.4,0.1315,0.6,0.6,1.5,0.6923,False,,,0,,,,,,,,,,,,,,,,,,,0.46218488,0.3802817,0.3128655,0.23684211,0.33333334,0.46666667,True
Jordan Nwora,TOR,51,19.3,-4.300000190734863,15.0,8.4,8.0,9.1,0.3411,4.0,4.4,3.8,0.5262,2.0,2.0,1.3,0.5538,14.4,14.4,14.2,0.4558,12.4,12.4,12.9,0.5609,10.4,10.0,10.4,0.3554,0.6,0.2,0.5,0.2115,0.6,0.6,0.5,0.0866,1.8,1.6,1.2999999523162842,0.8334,False,,,0,,,,,,,,,,,,,,,,,,,0.46218488,0.36933047,0.3128655,0.38,0.33333334,0.5194805,True
Jordan Poole,NOP,182,19.5,0.699999988079071,20.200000762939453,9.0,7.0,10.1,0.14,2.7,1.6,2.9,0.3163,3.1,3.0,3.0,0.2421,14.8,11.6,16.0,0.1548,11.7,8.6,13.0,0.17,12.1,10.0,13.1,0.1755,0.3,,0.5,0.2564,0.5,1.0,0.4,0.1909,1.1,1.4,1.0,0.3496,False,,,0,,,,,,,,,,,,,,,,,,,0.46218488,0.3802817,0.3128655,0.24489796,0.18181819,0.5194805,True
Neemias Queta,BOS,159,27.7,0.1000000014901161,27.799999237060547,8.4,8.4,10.3,0.9539,8.2,8.8,8.7,0.4578,2.3,2.4,2.0,0.1525,18.9,19.6,21.0,0.7621,16.6,17.2,19.0,0.834,10.7,10.8,12.3,0.8981,0.6,0.6,0.7,0.1951,0.9,0.6,1.3,0.0782,0.9,1.0,1.399999976158142,0.4842,False,,,0,10.5,0.3000000000000007,9.25,-0.4499998092651367,2.5,-0.3999999999999999,21.5,0.1999999999999993,18.0,1.6000003814697266,11.5,1.4000000000000004,1.0,-0.3000000119209289,1.5,-0.2000000476837158,0.5,0.8999999761581421,0.46218488,0.3526971,0.296875,0.24489796,0.33333334,0.5194805,True
Naz Reid,MIN,232,25.2,0.800000011920929,26.0,11.8,10.0,12.9,0.8273,5.7,6.2,6.3,0.3239,1.4,1.4,1.8,0.1918,18.9,17.6,21.0,0.5181,17.5,16.2,19.2,0.604,13.2,11.4,14.7,0.3534,0.7,1.2,1.0,0.2944,1.1,1.4,1.2,0.1193,1.8,2.6,1.5,0.3436,False,,,0,,,,,,,,,,,,,,,,,,,0.44444445,0.3526971,0.3128655,0.9290383,0.22222222,0.42857143,True
Luka Samanic,UTA,42,15.2,8.0,23.2,6.7,9.6,12.1,0.3131,4.0,4.6,4.1,0.2746,0.9,1.4,1.0,0.3643,11.6,15.6,17.2,0.1031,10.7,14.2,16.2,0.4374,7.6,11.0,13.1,0.2199,0.2,0.4,0.5,0.2179,0.1,,0.4,0.2171,0.6,1.0,1.7000000476837158,0.4211,False,,,0,,,,,,,,,,,,,,,,,,,0.46218488,0.36933047,0.3128655,0.18811882,0.33333334,0.4871795,True
Admiral Schofield,ORL,22,3.4,0.8999999761581421,4.300000190734863,1.1,1.6,4.0,0.3692,0.8,1.0,1.8,0.3583,0.2,0.2,0.5,0.2426,2.1,2.8,6.3,0.1778,1.9,2.6,5.8,0.2289,1.3,1.8,4.5,0.5404,0.1,0.2,0.2,0.229,,,0.1,0.2044,,,0.699999988079071,0.7826,False,,,0,,,,,,,,,,,,,,,,,,,0.44444445,0.36933047,0.3128655,0.24489796,0.14457831,0.42857143,True
Matisse Thybulle,POR,104,17.7,0.2000000029802322,17.899999618530273,6.8,8.2,4.8,0.0799,2.6,3.2,2.5,0.3361,0.9,0.8,1.1,0.2191,10.3,12.2,8.4,0.121,9.4,11.4,7.3,0.1685,7.7,9.0,5.9,0.073,1.8,2.0,1.4,0.2637,0.5,0.4,0.5,0.0753,1.2,1.8,0.699999988079071,0.1326,False,,,0,,,,,,,,,,,,,,,,,,,0.5294118,0.3526971,0.3128655,0.5,0.22222222,0.42857143,True
Grant Williams,CHA,122,18.6,0.1000000014901161,18.700000762939453,5.8,3.8,7.2,0.7784,3.3,3.8,3.9,0.4344,1.3,0.6,1.7,0.3087,10.4,8.2,12.8,0.753,9.1,7.6,11.1,0.6664,7.1,4.4,8.9,0.3245,0.3,,0.4,0.2187,0.6,0.4,0.5,0.0577,1.3,1.4,1.0,0.3763,False,,,0,,,,,,,,,,,,,,,,,,,0.46218488,0.36933047,0.3128655,0.24489796,0.18181819,0.42857143,True
Dylan Windler,ATL,16,6.5,-1.100000023841858,5.5,1.9,3.2,2.8,0.1989,1.0,1.8,1.3,0.4732,0.6,0.4,0.6,0.1899,3.5,5.4,4.7,0.0556,2.9,5.0,4.1,0.223,2.5,3.6,3.4,0.0718,0.2,0.4,0.3,0.2832,,,0.2,0.1319,0.1,0.2,0.3000000119209289,0.3506,False,,,0,,,,,,,,,,,,,,,,,,,0.46218488,0.36933047,0.3128655,0.24489796,0.1875,0.42857143,True
Marques Bolden,CHA,10,9.1,8.0,17.1,2.3,3.8,4.9,0.7344,2.6,3.6,4.7,0.564,0.2,0.4,0.6,0.1948,5.1,7.8,10.2,0.238,4.9,7.4,9.6,0.6435,2.5,4.2,5.5,0.2312,0.2,0.4,0.4,0.2562,0.3,0.6,0.6,0.1502,0.2,0.2,0.699999988079071,0.5695,False,,,0,,,,,,,,,,,,,,,,,,,0.46218488,0.3802817,0.3128655,0.24489796,0.22222222,0.4871795,True
John Konchar,UTA,150,26.6,2.700000047683716,29.299999237060547,6.2,11.0,5.0,0.0655,5.8,6.6,5.3,0.1459,2.6,3.0,2.5,0.311,14.6,20.6,12.8,0.0405,12.0,17.6,10.3,0.0379,8.8,14.0,7.5,0.2286,1.4,0.8,1.5,0.3567,1.0,1.4,1.1,0.2004,0.6,0.2,0.5,0.1937,False,,,0,,,,,,,,,,,,,,,,,,,0.46218488,0.36933047,0.3128655,0.5,0.29336613,0.5194805,True
Garrison Mathews,IND,127,14.7,-3.5999999046325684,11.100000381469728,6.3,5.8,5.2,0.3135,1.2,1.4,1.8,0.2291,0.9,1.0,0.8,0.3594,8.4,8.2,7.8,0.2617,7.5,7.2,7.0,0.3685,7.2,6.8,6.0,0.1126,0.4,0.4,0.3,0.3354,0.2,0.2,0.2,0.1093,0.1,,0.4000000059604645,0.6517,False,,,0,,,,,,,,,,,,,,,,,,,0.46218488,0.36933047,0.3128655,0.24489796,0.10909882,0.4871795,True
Dean Wade,CLE,169,21.9,-0.2000000029802322,21.700000762939453,6.2,6.2,5.3,0.2069,4.9,3.8,4.6,0.5482,1.6,1.4,1.4,0.2915,12.7,11.4,11.3,0.12,11.1,10.0,9.9,0.3228,7.8,7.6,6.7,0.4216,0.7,0.6,0.7,0.3286,0.4,,0.4,0.0774,0.2,0.2,0.4000000059604645,0.2813,False,,,0,,,,,,,,,,,,,,,,,,,0.46218488,0.36933047,0.4375,0.5,0.22222222,0.42857143,True
Javonte Green,DET,152,16.0,4.5,20.5,7.0,9.2,5.7,0.0534,2.5,3.2,2.6,0.3841,0.9,1.2,0.9,0.1298,10.4,13.6,9.2,0.0298,9.5,12.4,8.3,0.0809,7.9,10.4,6.6,0.125,1.1,1.2,0.9,0.2506,0.2,0.2,0.2,0.0858,0.3,0.2,0.2000000029802322,0.1583,False,,,0,,,,,,,,,,,,,,,,,,,0.46218488,0.36933047,0.3128655,0.37204623,0.14457831,0.42857143,True
Xavier Moon,LAC,13,5.7,3.0999999046325684,8.800000190734863,1.5,1.6,4.7,0.5247,1.0,1.4,2.4,0.4233,1.2,2.0,1.9,0.2295,3.7,5.0,9.0,0.1125,2.5,3.0,7.1,0.288,2.7,3.6,6.6,0.1815,0.1,,0.5,0.2484,0.2,0.2,0.3,0.2357,0.3,0.2,0.699999988079071,0.5619,False,,,0,,,,,,,,,,,,,,,,,,,0.46218488,0.3802817,0.3128655,0.18811882,0.2857143,0.4871795,True
Anthony Edwards,MIN,216,35.6,-2.0999999046325684,33.5,29.4,29.0,25.5,0.4279,4.1,4.2,4.8,0.6606,4.1,4.2,4.6,0.4487,37.6,37.4,34.9,0.3596,33.5,33.2,30.3,0.6412,33.5,33.2,30.1,0.3212,1.6,1.2,1.4,0.5389,0.8,1.0,1.2,0.2642,3.1,3.0,3.0,0.2593,False,,,0,,,,,,,,,,,,,,,,,,,0.46218488,0.36933047,0.3128655,0.5,0.33333334,0.4871795,True
LaMelo Ball,CHA,134,27.9,2.900000095367432,30.799999237060547,22.1,22.0,19.8,0.4749,4.7,4.2,5.4,0.617,5.8,5.8,6.6,0.2266,32.6,32.0,31.8,0.2189,26.8,26.2,25.2,0.2372,27.9,27.8,26.4,0.4666,1.6,1.4,1.5,0.5167,0.3,0.2,0.3,0.184,2.5,2.0,3.0,0.6579,False,,,0,,,,,,,,,,,,,,,,,,,0.46218488,0.36933047,0.30357143,0.38,0.1875,0.5194805,True
James Wiseman,IND,67,20.7,-4.900000095367432,15.800000190734863,6.1,7.4,5.7,0.3235,5.6,5.2,5.0,0.3905,0.9,0.6,0.9,0.3725,12.6,13.2,11.6,0.2744,11.7,12.6,10.7,0.4084,7.0,8.0,6.6,0.3109,0.3,0.4,0.3,0.1614,0.5,0.4,0.4,0.0599,1.1,1.0,0.6000000238418579,0.5588,False,,,0,,,,,,,,,,,,,,,,,,,0.46218488,0.36933047,0.3128655,0.38,0.14457831,0.5194805,True
Killian Hayes,SAC,64,18.6,-5.400000095367432,13.199999809265137,6.6,5.4,6.7,0.6415,3.0,2.6,2.8,0.3717,3.3,2.4,3.1,0.2798,12.9,10.4,12.6,0.5566,9.6,8.0,9.5,0.6654,9.9,7.8,9.8,0.3899,0.6,0.6,0.6,0.2969,0.3,0.2,0.2,0.0748,1.6,1.4,1.2999999523162842,0.7144,False,,,0,,,,,,,,,,,,,,,,,,,0.46218488,0.3526971,0.3128655,0.42857143,0.11764706,0.5194805,True
Deni Avdija,POR,207,31.7,1.600000023841858,33.29999923706055,21.6,19.8,24.2,0.8016,6.8,6.2,7.5,0.7149,6.6,6.8,7.0,0.5078,35.0,32.8,38.7,0.7857,28.4,26.0,31.7,0.7234,28.2,26.6,31.2,0.7915,0.8,0.8,0.9,0.3232,0.7,0.6,0.7,0.1484,4.4,3.8,3.299999952316284,0.2978,False,,,0,,,,,,,,,,,,,,,,,,,0.46218488,0.36933047,0.3128655,0.5,0.33333334,0.5194805,True
Obi Toppin,IND,177,16.6,2.700000047683716,19.299999237060547,11.2,13.8,13.4,0.5873,3.9,4.0,4.6,0.5694,2.3,3.4,2.5,0.2427,17.4,21.2,20.5,0.241,15.1,17.8,18.0,0.4167,13.5,17.2,15.9,0.403,0.3,0.6,0.6,0.2098,0.1,0.2,0.2,0.0609,1.3,2.0,1.7999999523162842,0.352,False,,,0,,,,,,,,,,,,,,,,,,,0.46218488,0.3802817,0.3128655,0.24489796,0.11764706,0.42857143,True
Onyeka Okongwu,ATL,197,28.8,0.0,28.799999237060547,10.9,9.4,16.1,0.5892,6.6,5.6,7.1,0.657,2.8,2.8,2.8,0.2289,20.3,17.8,26.0,0.6664,17.5,15.0,23.2,0.4849,13.7,12.2,18.9,0.3954,0.9,1.0,1.0,0.2927,1.3,0.8,1.2,0.2284,1.0,1.2,1.2999999523162842,0.553,False,,,0,13.5,0.5999999999999996,7.25,-0.3499999046325683,3.5,-0.6000000000000001,23.5,0.3999999999999986,22.5,-1.5,16.5,0.5,1.5,-0.5,1.5,-0.2999999523162842,1.5,-0.2000000476837158,0.46218488,0.36933047,0.30357143,0.18811882,0.33333334,0.5194805,True
Tyrese Haliburton,IND,141,30.8,0.6000000238418579,31.399999618530277,19.1,17.6,20.3,0.4834,3.1,2.6,4.3,0.78,10.2,10.4,10.4,0.2838,32.4,30.6,35.0,0.4686,22.2,20.2,24.6,0.6459,29.3,28.0,30.7,0.3517,1.1,0.8,1.4,0.495,0.9,1.2,1.0,0.2499,1.4,1.8,1.7999999523162842,0.3162,False,,,0,,,,,,,,,,,,,,,,,,,0.46218488,0.36933047,0.4375,0.5,0.2857143,0.5194805,True
Devin Vassell,SAS,191,30.2,-2.900000095367432,27.299999237060547,13.0,14.6,11.6,0.327,3.5,3.6,3.3,0.5598,2.9,3.0,2.5,0.2782,19.4,21.2,17.4,0.1669,16.5,18.2,14.9,0.1978,15.9,17.6,14.1,0.1437,1.0,1.2,0.8,0.1129,0.2,0.2,0.3,0.1092,0.5,0.4,0.6000000238418579,0.3803,False,,,0,12.0,-3.9,4.5,-1.4000000953674316,3.0,-0.7000000000000002,17.5,-4.0,19.5,-8.300000190734863,14.5,-4.1,1.5,-0.699999988079071,0.5,-0.199999988079071,0.5,0.1000000238418579,0.46218488,0.36933047,0.3128655,0.18811882,0.14457831,0.4871795,True
Isaac Okoro,CHI,182,30.5,-0.3000000119209289,30.200000762939453,9.7,11.0,9.2,0.2751,3.0,2.4,3.0,0.4263,1.4,1.2,1.6,0.2801,14.1,14.6,13.8,0.1627,12.7,13.4,12.2,0.1383,11.1,12.2,10.8,0.1017,0.6,0.4,0.8,0.1677,0.4,0.8,0.4,0.168,1.1,0.8,0.8999999761581421,0.3292,False,,,0,10.0,-1.9000000000000004,4.0,-1.0,2.0,-0.3999999999999999,17.0,-4.300000000000001,12.5,-1.3999996185302734,13.5,-3.8000000000000007,1.0,-0.199999988079071,0.5,-0.0999999940395355,0.5,0.3999999761581421,0.39215687,0.36933047,0.29891968,0.18811882,0.22222222,0.42857143,True
Patrick Williams,CHI,170,21.2,0.1000000014901161,21.299999237060547,6.0,5.2,8.1,0.5206,2.4,2.6,2.8,0.4601,0.7,0.6,1.4,0.1919,9.1,8.4,12.3,0.3093,8.4,7.8,10.9,0.6341,6.7,5.8,9.5,0.3517,0.4,0.4,0.6,0.1242,0.5,0.2,0.5,0.1327,1.4,0.6,1.100000023841858,0.3303,False,,,0,,,,,,,,,,,,,,,,,,,0.46218488,0.36933047,0.3128655,0.38,0.14457831,0.4871795,True
Precious Achiuwa,SAC,197,30.5,-0.0,30.5,14.4,13.2,14.9,0.8696,9.2,8.8,9.6,0.5545,1.3,1.2,1.6,0.2115,24.9,23.2,26.1,0.8184,23.6,22.0,24.5,0.8142,15.7,14.4,16.5,0.5122,0.8,1.0,0.8,0.2485,1.1,0.8,1.0,0.1225,1.2,1.2,1.399999976158142,0.1743,False,,,0,13.0,3.1999999999999997,8.25,1.4499998092651367,1.5,0.1,23.5,4.0,24.5,1.3999996185302734,,,1.5,-0.699999988079071,1.5,-0.5,1.5,-0.1000000238418579,0.46218488,0.3526971,0.3128655,0.24489796,0.1875,0.5194805,True
Aaron Nesmith,IND,161,28.8,0.800000011920929,29.600000381469727,15.6,13.4,16.6,0.6124,2.3,2.2,3.0,0.4423,1.3,0.8,1.6,0.1312,19.2,16.4,21.2,0.3653,17.9,15.6,19.6,0.4237,16.9,14.2,18.2,0.4456,0.4,0.4,0.6,0.1373,0.5,0.2,0.4,0.0591,1.1,1.0,1.2999999523162842,0.6983,False,,,0,,,,,,,,,,,,,,,,,,,0.39215687,0.3526971,0.30357143,0.38,0.14457831,0.4871795,True
Cole Anthony,MIL,182,13.4,2.400000095367432,15.800000190734863,5.9,8.6,8.3,0.287,2.0,2.0,2.2,0.2212,1.8,2.6,2.4,0.1488,9.7,13.2,12.9,0.2451,7.9,10.6,10.5,0.2678,7.7,11.2,10.7,0.1976,0.4,0.4,0.6,0.1868,0.2,0.2,0.3,0.067,1.7,1.8,1.600000023841858,0.5326,False,,,0,,,,,,,,,,,,,,,,,,,0.46218488,0.36933047,0.296875,0.24489796,0.14457831,0.42857143,True
Theo Maledon,PHX,16,10.6,-4.900000095367432,5.599999904632568,2.6,1.0,3.3,0.31,1.2,0.2,1.8,0.4768,1.6,1.0,1.4,0.4343,5.4,2.2,6.5,0.2554,3.8,1.2,5.1,0.1336,4.2,2.0,4.7,0.5022,0.2,,0.3,0.3363,,,0.1,0.1956,1.1,0.6,0.8999999761581421,0.7704,False,,,0,,,,,,,,,,,,,,,,,,,0.46218488,0.36933047,0.3128655,0.24489796,0.1875,0.5194805,True
Tyrese Maxey,PHI,184,36.9,0.2000000029802322,37.09999847412109,29.0,27.2,24.6,0.464,4.4,4.4,5.0,0.6237,6.4,5.4,6.7,0.4452,39.8,37.0,36.3,0.4581,33.4,31.6,29.6,0.3335,35.4,32.6,31.3,0.5616,2.3,1.6,1.9,0.5699,1.1,1.4,1.2,0.0839,2.6,2.2,2.5999999046325684,0.2818,False,,,0,28.5,-4.699999999999999,4.25,1.1500000953674316,7.25,-0.8499999999999996,39.5,-3.899999999999999,34.5,-5.299999237060547,36.5,-6.300000000000001,2.5,-0.6000000238418579,1.5,-0.2999999523162842,,,0.4848485,0.36933047,0.4375,0.38,0.22222222,0.5194805,True
Saddiq Bey,NOP,131,31.8,0.3000000119209289,32.099998474121094,17.8,18.6,17.9,0.6311,4.9,3.8,4.8,0.5815,3.1,3.4,3.0,0.3047,25.8,25.8,25.7,0.3698,22.7,22.4,22.7,0.3875,20.9,22.0,20.9,0.1605,1.1,0.8,1.0,0.1982,0.2,0.2,0.2,0.2081,1.2,1.4,1.399999976158142,0.2607,False,,,0,,,,,,,,,,,,,,,,,,,0.39215687,0.36933047,0.3128655,0.5,0.14457831,0.6285504,True
Josh Green,CHA,176,14.9,-1.7000000476837158,13.199999809265137,2.7,2.6,4.1,0.3467,1.4,0.8,2.0,0.4477,0.5,0.6,0.7,0.261,4.6,4.0,6.8,0.2577,4.1,3.4,6.1,0.2098,3.2,3.2,4.8,0.235,0.8,0.8,0.7,0.2767,,,0.2,0.0809,0.7,0.8,0.5,0.3893,False,,,0,,,,,,,,,,,,,,,,,,,0.46218488,0.3802817,0.3128655,0.38,0.1875,0.4871795,True
Jaden McDaniels,MIN,224,28.9,1.399999976158142,30.299999237060547,11.3,14.0,17.1,0.8166,3.3,4.4,4.0,0.484,2.5,2.8,2.6,0.216,17.1,21.2,23.7,0.6278,14.6,18.4,21.1,0.7004,13.8,16.8,19.7,0.5602,1.5,1.8,1.6,0.4224,0.4,0.6,1.1,0.2188,1.9,1.2,1.7999999523162842,0.1782,False,,,0,,,,,,,,,,,,,,,,,,,0.46218488,0.36933047,0.3128655,0.38,0.33333334,0.46666667,True
Kira Lewis Jr.,UTA,27,8.9,-1.100000023841858,7.800000190734863,3.2,4.8,4.6,0.3041,0.9,1.4,1.3,0.2898,1.6,1.6,1.3,0.1741,5.7,7.8,7.2,0.1428,4.1,6.2,5.9,0.2214,4.8,6.4,5.9,0.1101,0.3,0.4,0.3,0.1923,0.1,0.2,0.1,0.1518,0.5,1.0,0.6000000238418579,0.6148,False,,,0,,,,,,,,,,,,,,,,,,,0.46218488,0.36933047,0.3128655,0.24489796,0.14457831,0.4215615,True
Jalen Smith,CHI,177,24.5,0.4000000059604645,24.899999618530277,11.7,12.8,8.4,0.0721,6.5,6.2,6.0,0.3945,1.2,1.2,1.4,0.1873,19.4,20.2,15.8,0.167,18.2,19.0,14.4,0.0995,12.9,14.0,9.8,0.0808,0.6,0.2,0.5,0.1904,0.8,0.6,0.9,0.1361,1.3,1.6,0.6000000238418579,0.1821,False,,,0,,,,,,,,,,,,,,,,,,,0.46218488,0.3526971,0.3128655,0.42857143,0.33333334,0.42857143,True
Isaiah Stewart,DET,172,22.1,-0.0,22.100000381469727,9.5,11.8,12.7,0.9007,4.1,5.6,5.2,0.4795,1.3,1.6,1.2,0.1372,14.9,19.0,19.1,0.6298,13.6,17.4,17.9,0.7154,10.8,13.4,13.9,0.6279,0.4,0.2,0.5,0.16,0.8,1.0,1.0,0.1227,1.0,1.0,1.399999976158142,0.503,False,,,0,,,,,,,,,,,,,,,,,,,0.46218488,0.3526971,0.3128655,0.3494258,0.33333334,0.4871795,True
Zeke Nnaji,DEN,163,7.9,-1.899999976158142,6.0,1.5,1.6,1.5,0.1042,1.9,2.2,2.4,0.2467,0.3,0.4,0.3,0.2819,3.7,4.2,4.2,0.0915,3.4,3.8,3.9,0.1957,1.8,2.0,1.8,0.0333,0.4,0.6,0.2,0.2365,0.1,,0.2,0.208,0.4,0.6,0.1000000014901161,0.2146,False,,,0,,,,,,,,,,,,,,,,,,,0.4848485,0.36933047,0.3128655,0.24489796,0.14457831,0.46666667,True
Immanuel Quickley,TOR,167,33.0,-0.699999988079071,32.29999923706055,15.3,14.6,14.8,0.7708,3.1,3.4,3.3,0.5671,7.0,5.2,5.4,0.3568,25.4,23.2,23.5,0.4617,18.4,18.0,18.1,0.5485,22.3,19.8,20.2,0.352,1.7,2.0,1.5,0.4278,,,0.5,0.1482,1.1,0.8,1.100000023841858,0.1384,False,,,0,17.0,-3.6,4.5,-1.2000000476837158,6.5,-1.2000000000000002,26.5,-4.5,19.5,-2.799999237060547,22.5,-3.8000000000000007,1.5,0.0,0.5,0.0,0.5,0.6000000238418579,0.46218488,0.36933047,0.3128655,0.2714212,0.14457831,0.46666667,True
Paul Reed,DET,185,16.3,4.300000190734863,20.600000381469727,10.1,11.0,12.6,0.598,4.5,4.8,6.1,0.5007,1.5,1.6,1.6,0.2549,16.1,17.4,20.3,0.6501,14.6,15.8,18.7,0.6679,11.6,12.6,14.2,0.4103,0.8,1.0,0.9,0.218,1.3,1.2,1.5,0.2129,0.9,1.0,1.5,0.4096,False,,,0,,,,,,,,,,,,,,,,,,,0.46218488,0.3526971,0.3128655,0.38,0.33333334,0.4,True
Aleksej Pokusevski,CHA,27,19.2,-0.6000000238418579,18.600000381469727,8.7,9.2,9.4,0.6489,4.8,5.2,4.3,0.4782,1.2,1.0,1.5,0.2899,14.7,15.4,15.2,0.489,13.5,14.4,13.7,0.4022,9.9,10.2,10.9,0.4642,0.5,0.2,0.7,0.2724,0.7,0.8,0.6,0.1244,0.6,0.8,1.100000023841858,0.814,False,,,0,,,,,,,,,,,,,,,,,,,0.46218488,0.36933047,0.4375,0.42857143,0.14457831,0.4871795,True
Isaiah Joe,OKC,218,20.1,-4.5,15.600000381469728,9.4,8.2,7.5,0.37,2.6,2.0,2.5,0.5335,1.0,0.8,1.1,0.2779,13.0,11.0,11.1,0.3295,12.0,10.2,10.0,0.414,10.4,9.0,8.6,0.4009,0.5,0.8,0.5,0.1098,0.2,,0.1,0.1728,0.6,0.4,0.5,0.585,False,,,0,,,,,,,,,,,,,,,,,,,0.46218488,0.3802817,0.3128655,0.42857143,0.11764706,0.46666667,True
Tre Jones,CHI,180,29.0,-0.1000000014901161,28.899999618530277,17.4,18.0,16.5,0.8033,4.5,5.8,4.3,0.6585,5.4,6.2,5.4,0.4738,27.3,30.0,26.2,0.349,21.9,23.8,20.8,0.5622,22.8,24.2,21.9,0.3942,1.4,1.6,1.2,0.3224,0.2,0.2,0.2,0.1471,2.0,2.0,2.299999952316284,0.5417,False,,,0,16.5,1.5,4.5,0.3000001907348633,6.5,-0.7000000000000002,25.5,3.1000000000000014,22.5,0.2999992370605469,23.5,0.3000000000000007,1.5,-0.2999999523162842,0.5,-0.2999999970197677,,,0.46218488,0.36933047,0.3128655,0.24489796,0.22222222,0.5194805,True
Malachi Flynn,CHA,72,17.3,-3.5999999046325684,13.699999809265137,10.5,5.0,9.0,0.4515,1.8,1.2,2.1,0.4771,3.2,2.2,2.3,0.5956,15.5,8.4,13.4,0.3694,12.3,6.2,11.1,0.4499,13.7,7.2,11.3,0.3277,1.1,1.2,0.7,0.2093,,,0.2,0.1327,1.6,0.8,1.100000023841858,0.801,False,,,0,,,,,,,,,,,,,,,,,,,0.46218488,0.36933047,0.3128655,0.5,0.22222222,0.5194805,True
Payton Pritchard,BOS,234,33.6,0.1000000014901161,33.70000076293945,18.1,21.4,18.1,0.6408,3.7,4.4,3.8,0.6765,4.5,3.4,4.5,0.4674,26.3,29.2,26.4,0.3372,21.8,25.8,21.9,0.608,22.6,24.8,22.6,0.551,0.7,0.4,0.7,0.3242,0.2,0.2,0.2,0.0962,2.0,2.6,2.0999999046325684,0.1938,False,,,0,15.5,3.0,4.5,-0.7999999523162842,5.25,-0.75,24.5,2.1999999999999997,22.0,0.2000007629394531,23.0,0.0,1.0,-0.3000000119209289,0.5,-0.2999999970197677,,,0.46218488,0.36933047,0.3128655,0.38,0.14457831,0.5194805,True
Ashton Hagans,POR,18,19.3,-6.800000190734863,12.600000381469728,5.1,4.4,4.3,0.3738,3.0,2.4,2.8,0.4402,3.6,3.0,2.6,0.4564,11.7,9.8,9.7,0.2879,8.1,6.8,7.1,0.3278,8.7,7.4,6.9,0.1811,0.8,0.6,0.6,0.3556,0.4,0.4,0.4,0.093,2.3,1.6,1.2999999523162842,0.7519,False,,,0,,,,,,,,,,,,,,,,,,,0.44444445,0.36933047,0.3128655,0.42857143,0.14457831,0.5194805,True
Lamar Stevens,MEM,54,6.0,-1.5,4.599999904632568,1.9,0.6,7.5,0.5236,1.4,0.6,2.6,0.356,0.2,,0.6,0.5518,3.5,,10.7,0.3416,3.3,,10.1,0.1332,2.1,,8.1,0.2593,0.2,0.2,0.3,0.3684,0.1,,0.2,0.0839,0.4,,0.4000000059604645,0.6949,False,,,0,,,,,,,,,,,,,,,,,,,0.46218488,0.36933047,0.4375,0.38,0.1875,0.4871795,True
Nate Hinton,HOU,14,4.4,-0.800000011920929,3.700000047683716,2.2,3.0,1.7,0.2553,1.4,1.8,1.7,0.3052,0.6,0.8,0.5,0.4246,4.2,5.6,3.9,0.2782,3.6,4.8,3.4,0.1515,2.8,3.8,2.2,0.0586,0.3,0.4,0.2,0.2678,0.2,0.2,0.2,0.1192,0.3,0.2,0.2000000029802322,0.1957,False,,,0,,,,,,,,,,,,,,,,,,,0.46218488,0.36933047,0.3128655,0.24489796,0.1875,0.46666667,True
Nick Richards,CHI,171,24.2,-0.0,24.200000762939453,10.2,9.2,11.3,0.5218,8.5,7.2,8.2,0.3455,0.6,0.4,0.7,0.1271,19.3,16.8,20.2,0.4813,18.7,16.4,19.5,0.4505,10.8,9.6,12.0,0.6295,0.2,,0.5,0.0946,0.9,0.8,1.3,0.1192,1.5,0.8,1.600000023841858,0.4549,False,,,0,10.5,3.6,8.0,0.3999996185302734,1.5,-0.6,19.5,3.899999999999999,18.0,4.5,13.0,2.0,1.0,-0.5,1.0,0.2999999523162842,1.5,0.1000000238418579,0.46218488,0.3526971,0.3128655,0.0,0.1875,0.5194805,True
Omer Yurtseven,GSW,55,13.3,-0.6000000238418579,12.699999809265137,4.2,3.0,6.8,0.6587,5.3,3.2,5.0,0.7246,0.9,0.6,0.8,0.5447,10.4,6.8,12.6,0.5415,9.5,6.2,11.8,0.6541,5.1,3.6,7.6,0.4542,0.2,0.4,0.3,0.2084,,,0.2,0.2462,1.0,1.2,0.8999999761581421,0.6623,False,,,0,,,,,,,,,,,,,,,,,,,0.46218488,0.36933047,0.3128655,0.24489796,0.14457831,0.5194805,True
Xavier Tillman,CHA,113,4.6,-1.0,3.5999999046325684,0.5,0.6,1.2,0.0503,1.3,1.8,1.5,0.3022,0.6,1.2,0.3,0.2708,2.4,3.6,3.0,0.026,1.8,2.4,2.7,0.0507,1.1,1.8,1.5,0.0658,0.2,0.4,0.2,0.2088,0.1,,0.1,0.1073,0.3,0.4,0.2000000029802322,0.179,False,,,0,,,,,,,,,,,,,,,,,,,0.46218488,0.36933047,0.3128655,0.29897135,0.1875,0.4871795,True
Jared Butler,PHI,99,28.6,0.1000000014901161,28.700000762939453,14.8,15.2,17.6,0.8879,2.7,3.0,2.5,0.4108,5.6,5.4,5.4,0.3637,23.1,23.6,25.5,0.4586,17.5,18.2,20.1,0.6437,20.4,20.6,23.0,0.5349,1.6,1.8,1.5,0.3402,0.2,0.4,0.5,0.1832,2.1,2.2,2.799999952316284,0.687,False,,,0,,,,,,,,,,,,,,,,,,,0.46218488,0.36933047,0.3128655,0.5,0.33333334,0.5194805,True
Desmond Bane,ORL,185,33.8,0.699999988079071,34.5,18.7,17.2,22.2,0.8357,3.7,4.0,4.4,0.676,4.0,4.6,4.4,0.4245,26.4,25.8,31.0,0.7246,22.4,21.2,26.6,0.8028,22.7,21.8,26.6,0.7782,1.1,1.0,1.1,0.4003,0.2,0.2,0.3,0.1636,1.9,2.4,2.299999952316284,0.6555,False,,,0,20.5,3.5,4.0,0.5,4.25,0.1500000000000003,29.5,3.3999999999999986,25.0,3.5,24.5,3.899999999999999,1.5,-0.3999999761581421,0.5,-0.199999988079071,2.5,-0.2000000476837158,0.46218488,0.3526971,0.30357143,0.38,0.33333334,0.42857143,True
Skylar Mays,LAL,37,3.8,-0.4000000059604645,3.400000095367432,0.8,0.4,2.5,0.6828,0.3,,0.8,0.5326,0.2,0.4,0.7,0.3619,1.3,,4.0,0.4466,1.1,,3.3,0.3457,1.0,,3.2,0.5438,0.4,0.6,0.4,0.3331,0.1,,0.2,0.2217,0.1,0.2,0.4000000059604645,0.6751,False,,,0,,,,,,,,,,,,,,,,,,,0.46218488,0.36933047,0.4375,0.24489796,0.14457831,0.4871795,True
Mason Jones,SAC,14,4.8,-0.699999988079071,4.099999904632568,2.3,3.6,0.9,0.0294,0.8,0.2,1.1,0.2279,1.0,0.2,0.7,0.305,4.1,4.0,2.7,0.0703,3.1,3.8,2.0,0.0511,3.3,3.8,1.6,0.0206,,,0.1,0.2338,0.1,0.2,0.1,0.0684,0.2,,0.1000000014901161,0.1932,False,,,0,,,,,,,,,,,,,,,,,,,0.39215687,0.36933047,0.3128655,0.38,0.1875,0.4871795,True
Jalen Green,PHX,191,30.4,-1.600000023841858,28.799999237060547,23.4,23.4,17.8,0.561,4.8,4.8,4.5,0.4029,3.7,3.8,3.3,0.3657,31.9,32.0,25.6,0.3017,28.2,28.2,22.3,0.2999,27.1,27.2,21.1,0.5546,1.0,0.4,1.0,0.4714,0.2,0.2,0.2,0.1738,2.0,1.4,2.0999999046325684,0.7016,False,,,0,,,,,,,,,,,,,,,,,,,0.46218488,0.3526971,0.3128655,0.5,0.14457831,0.5194805,True
Daishen Nix,MIN,17,3.7,0.4000000059604645,4.0,1.7,1.2,3.1,0.3075,0.6,1.2,1.6,0.2264,0.8,1.4,0.8,0.3221,3.1,3.8,5.5,0.1575,2.3,2.4,4.7,0.1704,2.5,2.6,3.9,0.1191,0.4,0.2,0.4,0.294,,,0.3,0.2317,0.8,1.2,0.800000011920929,0.3842,False,,,0,,,,,,,,,,,,,,,,,,,0.44444445,0.36933047,0.3128655,0.24489796,0.14457831,0.42857143,True
Jonathan Kuminga,ATL,151,21.5,-1.600000023841858,19.899999618530277,11.8,9.0,10.1,0.641,6.1,4.2,5.2,0.5764,2.4,2.2,2.0,0.4256,20.3,15.4,17.3,0.7528,17.9,13.2,15.3,0.7099,14.2,11.2,12.1,0.6145,0.9,0.8,0.7,0.1333,0.2,0.2,0.3,0.0705,1.7,1.0,1.399999976158142,0.7267,False,,,0,10.5,0.5,5.5,-0.3000001907348633,2.5,-0.5,18.5,-0.3000000000000007,14.5,1.7000007629394531,14.5,-1.5,1.0,-0.3000000119209289,0.5,-0.199999988079071,1.5,-0.1000000238418579,0.46218488,0.3526971,0.30357143,0.18811882,0.14457831,0.5194805,True
Naji Marshall,DAL,205,29.7,2.200000047683716,31.899999618530277,17.1,20.4,16.0,0.6192,4.3,4.6,4.3,0.4548,4.3,5.0,4.7,0.2895,25.7,30.0,25.0,0.3629,21.4,25.0,20.3,0.256,21.4,25.4,20.7,0.4203,0.8,0.8,1.1,0.4267,,,0.2,0.0737,2.7,2.4,2.400000095367432,0.2647,False,,,0,,,,,,,,,,,,,,,,,,,0.46218488,0.3526971,0.3128655,0.24489796,0.2857143,0.4871795,True
KJ Martin,UTA,102,21.1,0.800000011920929,22.0,4.3,4.4,7.1,0.6998,2.3,1.8,2.9,0.3098,1.8,2.0,1.6,0.128,8.4,8.2,11.6,0.4906,6.6,6.2,10.0,0.4865,6.1,6.4,8.7,0.5002,0.2,0.2,0.4,0.2367,0.3,,0.3,0.1243,0.4,0.2,0.800000011920929,0.8624,False,,,0,,,,,,,,,,,,,,,,,,,0.46218488,0.36933047,0.3128655,0.24489796,0.22222222,0.5194805,True
Trent Forrest,ATL,37,13.9,-1.899999976158142,12.0,2.4,2.8,1.2,0.0708,1.6,1.4,1.5,0.2504,3.7,2.2,2.6,0.2194,7.7,6.4,5.3,0.0549,4.0,4.2,2.7,0.0638,6.1,5.0,3.8,0.0668,0.4,0.2,0.3,0.2859,0.2,0.2,0.1,0.1089,0.8,1.0,0.3000000119209289,0.217,False,,,0,,,,,,,,,,,,,,,,,,,0.46218488,0.36933047,0.4375,0.24489796,0.22222222,0.5194805,True
Saben Lee,PHX,23,8.0,-3.0,5.0,2.4,1.8,1.3,0.0462,1.3,1.0,0.9,0.1206,1.6,1.4,0.9,0.4359,5.3,4.2,3.1,0.2077,3.7,2.8,2.2,0.0244,4.0,3.2,2.2,0.0419,,,0.0,0.3572,,,0.0,0.1043,0.1,0.2,0.0,0.2202,False,,,0,,,,,,,,,,,,,,,,,,,0.46218488,0.36933047,0.3128655,0.38,0.1875,0.5194805,True
Sam Merrill,CLE,180,28.7,0.3000000119209289,29.0,12.1,15.0,13.9,0.6373,3.8,4.0,4.2,0.3755,2.9,2.8,2.5,0.3356,18.8,21.8,20.6,0.2754,15.9,19.0,18.1,0.4992,15.0,17.8,16.4,0.411,0.6,0.6,0.7,0.1913,0.2,0.4,0.2,0.0887,0.4,0.8,1.100000023841858,0.1753,False,,,0,,,,,,,,,,,,,,,,,,,0.46218488,0.36933047,0.30357143,0.38,0.1875,0.42857143,True
Trevelin Queen,ORL,44,7.5,-0.6000000238418579,6.900000095367432,2.4,2.8,3.6,0.2061,1.5,1.4,2.3,0.3768,0.4,0.2,0.7,0.3253,4.3,4.4,6.6,0.4089,3.9,4.2,5.9,0.2738,2.8,3.0,4.3,0.2496,0.6,0.6,0.5,0.2207,0.2,0.2,0.2,0.142,0.4,0.4,0.4000000059604645,0.5131,False,,,0,,,,,,,,,,,,,,,,,,,0.46218488,0.36933047,0.3128655,0.5,0.14457831,0.5194805,True
Ayo Dosunmu,MIN,185,29.2,-3.200000047683716,26.0,14.9,18.8,14.3,0.3857,5.2,7.2,5.5,0.4128,3.7,4.4,3.4,0.4621,23.8,30.4,23.2,0.2892,20.1,26.0,19.8,0.4305,18.6,23.2,17.7,0.2343,0.7,0.8,0.8,0.4049,0.3,0.4,0.4,0.1066,1.5,1.8,1.600000023841858,0.364,False,,,0,,,,,,,,,,,,,,,,,,,0.39215687,0.36933047,0.3128655,0.38,0.1875,0.4871795,True
Vít Krejčí,POR,142,19.8,-1.7999999523162842,18.0,5.5,3.0,9.5,0.7714,3.8,4.8,3.5,0.3764,2.0,2.4,1.7,0.4449,11.3,10.2,14.7,0.4256,9.3,7.8,13.0,0.6065,7.5,5.4,11.2,0.5537,0.5,0.4,0.5,0.4032,0.2,,0.2,0.1416,0.7,0.8,1.100000023841858,0.681,False,,,0,,,,,,,,,,,,,,,,,,,0.46218488,0.3802817,0.3128655,0.24489796,0.2857143,0.42857143,True
Jae'Sean Tate,HOU,156,9.3,2.400000095367432,11.699999809265137,3.0,2.2,3.9,0.4924,0.9,1.0,1.8,0.5774,0.2,,0.4,0.158,4.1,,6.1,0.2252,3.9,,5.7,0.5152,3.2,,4.3,0.2667,0.3,,0.4,0.1911,,,0.2,0.1018,0.4,0.4,0.5,0.3888,False,,,0,,,,,,,,,,,,,,,,,,,0.46218488,0.36933047,0.3128655,0.24489796,0.14457831,0.4871795,True
Anthony Gill,WAS,148,22.4,4.900000095367432,27.299999237060547,7.1,12.2,7.2,0.0829,3.6,4.0,4.4,0.3615,1.8,1.8,2.3,0.231,12.5,18.0,13.9,0.1349,10.7,16.2,11.6,0.1599,8.9,14.0,9.5,0.2291,1.1,1.6,1.1,0.3125,0.6,0.2,0.7,0.0412,1.3,1.8,1.0,0.2051,False,,,0,,,,,,,,,,,,,,,,,,,0.46218488,0.36933047,0.3128655,0.5,0.14457831,0.5194805,True
Kylor Kelley,NOP,10,11.1,5.599999904632568,16.600000381469727,3.1,2.6,3.2,0.2077,3.4,3.2,5.0,0.3843,0.4,0.6,0.5,0.1966,6.9,6.4,8.7,0.0608,6.5,5.8,8.2,0.2571,3.5,3.2,3.7,0.1981,0.1,0.2,0.3,0.2116,0.2,,0.5,0.073,0.3,0.4,0.4000000059604645,0.2408,False,,,0,,,,,,,,,,,,,,,,,,,0.46218488,0.36933047,0.3128655,0.18811882,0.14457831,0.4871795,True
Jeff Dowtin Jr.,PHI,52,24.7,2.799999952316284,27.5,16.6,16.2,11.5,0.2338,2.3,1.8,2.2,0.5147,2.7,2.6,2.7,0.369,21.6,20.6,16.4,0.3642,18.9,18.0,13.7,0.309,19.3,18.8,14.2,0.1772,1.4,1.6,1.3,0.386,0.7,1.2,0.9,0.2106,1.0,1.6,1.100000023841858,0.4628,False,,,0,,,,,,,,,,,,,,,,,,,0.46218488,0.36933047,0.3128655,0.38,0.14457831,0.46666667,True
Braxton Key,GSW,22,2.4,0.1000000014901161,2.5,0.8,1.2,1.9,0.1856,0.9,1.0,1.1,0.5379,0.1,0.2,0.4,0.1998,1.8,2.4,3.4,0.2231,1.7,2.2,3.0,0.3169,0.9,1.4,2.3,0.3676,0.2,0.4,0.3,0.2037,0.1,,0.1,0.2558,0.1,,0.5,0.7986,False,,,0,,,,,,,,,,,,,,,,,,,0.46218488,0.36933047,0.3128655,0.24489796,0.22222222,0.5194805,True
Pat Spencer,GSW,103,21.5,-0.8999999761581421,20.600000381469727,10.0,8.6,7.9,0.7939,2.5,2.8,2.3,0.4625,3.3,2.8,3.4,0.3126,15.8,14.2,13.6,0.541,12.5,11.4,10.2,0.6486,13.3,11.4,11.3,0.606,0.7,0.6,0.7,0.15,0.1,0.2,0.1,0.1112,1.5,1.6,1.2000000476837158,0.3818,False,,,0,9.0,-0.9000000000000004,4.0,-1.7999999523162842,4.25,-1.15,17.5,-4.1,13.5,-3.1999998092651367,13.0,-1.8000000000000007,1.5,-0.800000011920929,0.5,-0.3999999985098839,,,0.46218488,0.36933047,0.30357143,0.23684211,0.14457831,0.5194805,True
Brandon Williams,DAL,113,20.1,2.799999952316284,22.899999618530277,11.2,9.6,14.8,0.7137,3.1,2.2,3.4,0.3709,4.2,4.8,4.8,0.3827,18.5,16.6,23.0,0.6703,14.3,11.8,18.2,0.8388,15.4,14.4,19.6,0.7877,0.6,0.8,0.9,0.1614,0.7,0.4,0.6,0.0763,1.5,1.2,2.299999952316284,0.691,False,,,0,,,,,,,,,,,,,,,,,,,0.5294118,0.3526971,0.3128655,0.24489796,0.14457831,0.5194805,True
Lindy Waters III,SAS,128,8.5,-0.1000000014901161,8.399999618530273,3.7,4.6,4.5,0.4282,0.7,1.2,0.9,0.3429,0.8,1.4,0.8,0.1961,5.2,7.2,6.2,0.1123,4.4,5.8,5.4,0.2825,4.5,6.0,5.3,0.1821,0.1,,0.3,0.225,0.1,,0.1,0.1036,0.3,0.4,0.5,0.5375,False,,,0,,,,,,,,,,,,,,,,,,,0.46218488,0.36933047,0.3128655,0.24489796,0.14457831,0.42857143,True
Matt Ryan,NYK,46,2.2,-0.3000000119209289,1.899999976158142,1.4,1.6,5.3,0.3985,0.6,0.6,1.5,0.2245,0.1,0.2,0.3,0.3463,2.1,2.4,7.1,0.2002,2.0,2.2,6.8,0.3439,1.5,1.8,5.6,0.2018,0.2,0.2,0.3,0.2747,,,0.1,0.1053,,,0.5,0.6069,False,,,0,,,,,,,,,,,,,,,,,,,0.46218488,0.3802817,0.3128655,0.24489796,0.22222222,0.46666667,True
Jeremiah Robinson-Earl,DAL,126,14.3,-1.399999976158142,12.899999618530272,4.7,4.8,4.5,0.5582,3.7,3.2,4.0,0.335,0.7,0.6,0.7,0.2425,9.1,8.6,9.2,0.3884,8.4,8.0,8.5,0.4246,5.4,5.4,5.2,0.4446,0.3,0.4,0.3,0.2073,0.1,,0.2,0.0592,0.4,0.2,0.4000000059604645,0.7078,False,,,0,,,,,,,,,,,,,,,,,,,0.46218488,0.36933047,0.3128655,0.24489796,0.14457831,0.5194805,True
Brandon Boston,NOP,73,19.7,-1.5,18.200000762939453,7.8,7.6,10.4,0.5842,2.8,2.0,2.9,0.3104,0.9,0.6,1.1,0.1639,11.5,10.2,14.4,0.44,10.6,9.6,13.3,0.6224,8.7,8.2,11.5,0.8641,0.6,0.8,0.7,0.1649,0.1,,0.2,0.1582,0.8,0.4,1.2000000476837158,0.5888,False,,,0,,,,,,,,,,,,,,,,,,,0.4848485,0.36933047,0.3128655,0.38,0.33333334,0.4871795,True
Josh Christopher,MIA,13,2.3,1.2999999523162842,3.5999999046325684,0.6,1.0,3.8,0.1929,0.4,0.6,1.5,0.4794,0.2,0.2,0.7,0.3113,1.2,1.8,6.0,0.0757,1.0,1.6,5.3,0.3177,0.8,1.2,4.5,0.2134,0.1,0.2,0.6,0.196,,,0.2,0.217,0.1,0.2,0.5,0.6077,False,,,0,,,,,,,,,,,,,,,,,,,0.46218488,0.36933047,0.3128655,0.24489796,0.1875,0.46666667,True
Herbert Jones,NOP,148,29.5,0.3000000119209289,29.799999237060547,9.4,9.8,10.5,0.3457,2.9,2.0,3.3,0.422,2.8,3.4,3.1,0.2002,15.1,15.2,16.9,0.0873,12.3,11.8,13.8,0.5362,12.2,13.2,13.6,0.4371,1.8,1.2,1.6,0.4913,0.7,1.0,0.6,0.2,1.1,0.6,1.2999999523162842,0.6662,False,,,0,,,,,,,,,,,,,,,,,,,0.46218488,0.36933047,0.3128655,0.83750683,0.14457831,0.5194805,True
Trey Murphy III,NOP,173,35.5,0.3000000119209289,35.79999923706055,20.7,18.2,18.7,0.5472,6.0,6.2,5.8,0.4745,4.0,4.2,4.1,0.5781,30.7,28.6,28.6,0.6106,26.7,24.4,24.5,0.1819,24.7,22.4,22.8,0.3678,1.7,1.4,1.6,0.5048,0.6,0.8,0.8,0.1138,1.8,2.2,1.5,0.3637,False,,,0,,,,,,,,,,,,,,,,,,,0.46218488,0.3526971,0.3128655,0.5,0.1875,0.46666667,True
Jaden Springer,UTA,91,15.1,8.0,23.1,4.3,5.2,5.6,0.2522,2.5,3.4,2.8,0.4052,1.4,1.6,1.5,0.2246,8.2,10.2,9.9,0.1845,6.8,8.6,8.4,0.3008,5.7,6.8,7.1,0.1423,0.9,1.0,0.9,0.1954,0.2,,0.5,0.1625,0.6,0.8,0.8999999761581421,0.3844,False,,,0,,,,,,,,,,,,,,,,,,,0.46218488,0.36933047,0.30357143,0.38,0.18181819,0.4,True
Franz Wagner,ORL,159,27.0,-1.7999999523162842,25.200000762939453,19.2,17.0,14.8,0.29,5.3,4.6,5.6,0.4425,3.1,2.8,3.3,0.5121,27.6,24.4,23.7,0.3865,24.5,21.6,20.4,0.2698,22.3,19.8,18.1,0.3642,1.0,0.4,0.8,0.254,0.2,,0.5,0.1421,1.6,1.4,1.2999999523162842,0.5786,False,,,0,,,,,,,,,,,,,,,,,,,0.46218488,0.3526971,0.3128655,0.38,0.11764706,0.5194805,True
Ziaire Williams,BKN,168,23.2,-0.3000000119209289,22.899999618530277,14.1,17.2,11.6,0.3787,2.6,2.6,3.5,0.5461,1.5,1.8,1.7,0.2111,18.2,21.6,16.8,0.1184,16.7,19.8,15.1,0.4071,15.6,19.0,13.3,0.2291,2.1,2.8,1.5,0.272,0.1,0.2,0.3,0.133,1.4,1.6,1.2999999523162842,0.2206,False,,,0,,,,,,,,,,,,,,,,,,,0.46218488,0.36933047,0.3128655,0.38,0.14457831,0.5194805,True
Ochai Agbaji,BKN,202,18.3,-0.2000000029802322,18.100000381469727,7.9,6.2,7.6,0.3549,2.4,2.2,2.5,0.3847,0.5,0.6,0.9,0.1491,10.8,9.0,11.0,0.4429,10.3,8.4,10.1,0.3671,8.4,6.8,8.5,0.1537,0.5,,0.5,0.0981,0.3,,0.3,0.1774,0.8,0.2,0.5,0.497,False,,,0,,,,,,,,,,,,,,,,,,,0.46218488,0.3526971,0.3128655,0.23684211,0.2857143,0.4871795,True
Sharife Cooper,WAS,33,18.1,1.2000000476837158,19.299999237060547,7.4,9.6,7.5,0.4301,2.6,2.2,3.2,0.3844,3.2,4.0,3.1,0.1303,13.2,15.8,13.8,0.2471,10.0,11.8,10.7,0.6186,10.6,13.6,10.6,0.2318,0.3,0.6,0.5,0.1377,0.2,0.4,0.2,0.0452,1.2,1.4,1.399999976158142,0.4383,False,,,0,,,,,,,,,,,,,,,,,,,0.46218488,0.36933047,0.30357143,0.38,0.14457831,0.5194805,True
Chris Duarte,CHI,75,4.5,-0.4000000059604645,4.099999904632568,1.5,1.4,3.8,0.4732,1.6,1.2,2.2,0.2629,0.6,0.8,0.5,0.2774,3.7,3.4,6.5,0.2425,3.1,2.6,6.0,0.3994,2.1,2.2,4.3,0.4284,,,0.3,0.2776,,,0.1,0.1317,0.1,,0.5,0.6406,False,,,0,,,,,,,,,,,,,,,,,,,0.46218488,0.3526971,0.3128655,0.23684211,0.14457831,0.46666667,True
Bones Hyland,MIN,126,21.7,3.400000095367432,25.100000381469727,12.9,14.4,11.7,0.4489,1.0,1.4,1.8,0.2624,2.8,2.6,3.1,0.384,16.7,18.4,16.6,0.2527,13.9,15.8,13.5,0.1947,15.7,17.0,14.8,0.1501,0.7,1.0,0.9,0.3198,0.4,0.2,0.3,0.1564,1.4,1.8,1.600000023841858,0.2909,False,,,0,,,,,,,,,,,,,,,,,,,0.44444445,0.36933047,0.3128655,0.24489796,0.14457831,0.4871795,True
Kai Jones,DAL,39,20.0,-4.5,15.600000381469728,10.5,10.2,7.8,0.4428,6.3,4.6,5.2,0.6352,1.3,1.4,0.8,0.2401,18.1,16.2,13.8,0.2826,16.8,14.8,13.0,0.5045,11.8,11.6,8.6,0.2553,0.8,1.2,0.6,0.3021,0.9,1.0,0.9,0.0838,0.5,0.4,0.6000000238418579,0.6867,False,,,0,,,,,,,,,,,,,,,,,,,0.46218488,0.36933047,0.3128655,0.24489796,0.1875,0.42857143,True
Miles McBride,NYK,168,28.8,-4.900000095367432,23.899999618530277,12.0,7.4,12.4,0.8667,2.6,2.6,2.3,0.6582,3.5,2.6,2.8,0.4645,18.1,12.6,17.5,0.843,14.6,10.0,14.7,0.8671,15.5,10.0,15.2,0.9049,1.2,1.4,0.9,0.2754,0.1,0.2,0.2,0.142,1.0,0.8,1.5,0.7493,False,,,0,,,,,,,,,,,,,,,,,,,0.46218488,0.3526971,0.3128655,0.5,0.14457831,0.46666667,True
Moses Moody,GSW,199,30.8,-4.199999809265137,26.600000381469727,15.7,16.6,14.3,0.8008,4.0,4.0,4.4,0.6417,2.5,3.0,1.8,0.3678,22.2,23.6,20.5,0.6848,19.7,20.6,18.7,0.6948,18.2,19.6,16.1,0.7814,1.0,1.0,0.7,0.2939,0.2,,0.4,0.1501,1.2,1.4,1.7000000476837158,0.6032,False,,,0,,,,,,,,,,,,,,,,,,,0.39215687,0.36933047,0.3128655,0.5,0.11764706,0.4871795,True
Isaiah Jackson,LAC,119,18.5,-0.1000000014901161,18.399999618530277,8.9,10.2,7.8,0.3427,5.3,5.6,5.3,0.6109,1.7,1.6,1.4,0.1223,15.9,17.4,14.5,0.0965,14.2,15.8,13.1,0.147,10.6,11.8,9.2,0.0758,0.6,0.6,0.6,0.2141,1.5,1.2,1.3,0.0822,1.0,1.2,0.8999999761581421,0.7617,False,,,0,,,,,,,,,,,,,,,,,,,0.46218488,0.36933047,0.3128655,0.5,0.33333334,0.46666667,True
Tre Mann,CHA,102,4.6,-0.0,4.599999904632568,1.7,2.6,6.1,0.3594,0.3,,1.9,0.3863,0.5,0.4,0.7,0.2804,2.5,,8.7,0.2292,2.0,,8.0,0.5572,2.2,,6.8,0.4216,0.3,0.4,0.4,0.133,,,0.1,0.1059,0.5,0.6,0.699999988079071,0.6029,False,,,0,,,,,,,,,,,,,,,,,,,0.44444445,0.36933047,0.3128655,0.24489796,0.1875,0.4871795,True
Terrence Shannon Jr.,MIN,67,9.2,2.400000095367432,11.600000381469728,3.5,3.2,6.5,0.5638,0.9,1.6,1.2,0.4039,1.0,0.8,1.0,0.3153,5.4,5.6,8.7,0.1793,4.4,4.8,7.7,0.3111,4.5,4.0,7.5,0.3101,0.3,0.6,0.5,0.2418,,,0.1,0.1559,0.2,0.2,0.699999988079071,0.7127,False,,,0,,,,,,,,,,,,,,,,,,,0.46218488,0.3526971,0.3128655,0.18811882,0.18181819,0.42857143,True
James Bouknight,CHA,13,6.1,-0.0,6.099999904632568,3.3,3.4,1.6,0.0606,0.5,,0.7,0.1369,0.6,,0.5,0.3021,4.4,,2.8,0.0669,3.8,,2.3,0.0547,3.9,,2.1,0.061,0.1,0.2,0.1,0.2533,0.1,,0.1,0.0982,0.1,0.2,0.0,0.2095,False,,,0,,,,,,,,,,,,,,,,,,,0.46218488,0.36933047,0.3128655,0.23684211,0.1875,0.42857143,True
Johnny Juzang,MIN,104,5.3,-1.5,3.799999952316284,2.8,1.2,2.1,0.2137,1.3,1.0,1.0,0.2919,0.5,0.4,0.4,0.3841,4.6,2.6,3.5,0.3822,4.1,2.2,3.1,0.1261,3.3,1.6,2.5,0.0658,0.2,,0.2,0.2335,,,0.1,0.1029,0.4,0.6,0.2000000029802322,0.1828,False,,,0,,,,,,,,,,,,,,,,,,,0.46218488,0.36933047,0.3128655,0.24489796,0.14457831,0.4871795,True
Day'Ron Sharpe,BKN,172,19.8,-0.1000000014901161,19.700000762939453,8.7,7.8,10.7,0.7054,6.4,6.6,7.9,0.3997,2.7,3.0,2.8,0.1898,17.8,17.4,21.4,0.7952,15.1,14.4,18.6,0.7772,11.4,10.8,13.5,0.7547,0.9,0.6,1.0,0.4415,0.4,0.2,0.5,0.094,2.2,2.4,2.200000047683716,0.7105,False,,,0,,,,,,,,,,,,,,,,,,,0.4848485,0.3526971,0.3128655,0.5,0.14457831,0.5194805,True
JT Thor,WAS,82,18.3,-2.0999999046325684,16.100000381469727,4.0,3.6,3.9,0.3411,3.8,4.6,3.2,0.3219,0.5,0.2,0.6,0.2383,8.3,8.4,7.7,0.1864,7.8,8.2,7.1,0.2566,4.5,3.8,4.5,0.1431,0.5,0.4,0.5,0.3911,0.6,0.6,0.5,0.199,0.2,0.4,0.3000000119209289,0.716,False,,,0,,,,,,,,,,,,,,,,,,,0.46218488,0.36933047,0.3128655,0.33569714,0.33333334,0.5194805,True
Justin Champagnie,WAS,140,22.0,-0.0,22.0,10.4,9.4,9.8,0.7609,4.2,3.6,4.4,0.612,1.6,1.6,1.4,0.2811,16.2,14.6,15.6,0.631,14.6,13.0,14.2,0.6426,12.0,11.0,11.2,0.4308,0.9,0.6,0.8,0.0702,0.9,0.4,0.7,0.1102,0.7,0.6,0.8999999761581421,0.6072,False,,,0,,,,,,,,,,,,,,,,,,,0.46218488,0.3526971,0.3128655,0.38,0.14457831,0.5194805,True
Jalen Johnson,ATL,158,37.0,-0.2000000029802322,36.79999923706055,24.3,22.6,21.0,0.228,8.6,7.0,8.8,0.6366,8.9,8.0,8.3,0.3395,41.8,37.6,38.1,0.1955,32.9,29.6,29.8,0.1959,33.2,30.6,29.3,0.251,1.1,1.0,1.2,0.4574,0.3,0.2,0.4,0.1665,3.4,3.8,2.799999952316284,0.4736,False,,,0,22.5,-2.3999999999999986,10.5,-2.1000003814697266,8.5,-0.1999999999999993,42.5,-5.700000000000003,34.5,-6.0,31.5,-3.1000000000000014,1.5,-0.2999999523162842,1.0,-0.5999999940395355,3.5,-0.7000000476837158,0.46218488,0.36933047,0.3128655,0.38,0.1875,0.5194805,True
Keon Johnson,BKN,83,25.8,-1.399999976158142,24.399999618530277,13.6,15.0,11.5,0.4636,3.4,3.8,3.9,0.4854,3.4,4.0,3.0,0.5885,20.4,22.8,18.4,0.2473,17.0,18.8,15.4,0.4582,17.0,19.0,14.5,0.386,0.9,0.4,0.7,0.3449,0.3,0.2,0.4,0.1715,2.5,2.6,2.0,0.3965,False,,,0,,,,,,,,,,,,,,,,,,,0.4848485,0.3526971,0.3128655,0.38,0.22222222,0.5194805,True
Kessler Edwards,DAL,93,25.8,-1.2999999523162842,24.5,10.2,12.6,4.1,0.2004,4.2,5.8,3.5,0.3502,1.7,1.0,1.4,0.4473,16.1,19.4,9.0,0.1018,14.4,18.4,7.6,0.2489,11.9,13.6,5.5,0.4219,0.8,0.8,0.5,0.333,0.8,1.0,0.6,0.2932,0.8,1.0,0.3000000119209289,0.5205,False,,,0,,,,,,,,,,,,,,,,,,,0.46218488,0.36933047,0.3128655,0.5,0.14457831,0.4871795,True
Corey Kispert,ATL,194,13.8,0.3000000119209289,14.100000381469728,6.4,5.8,7.5,0.1763,2.0,2.0,2.2,0.2639,1.4,1.8,1.5,0.1502,9.8,9.6,11.2,0.0506,8.4,7.8,9.7,0.1651,7.8,7.6,9.0,0.2001,0.1,0.2,0.3,0.1531,,,0.2,0.0658,0.5,0.6,0.6000000238418579,0.7086,False,,,0,,,,,,,,,,,,,,,,,,,0.46218488,0.36933047,0.3128655,0.28996387,0.14457831,0.46666667,True
Davion Mitchell,MIA,210,28.5,-0.5,28.0,10.1,8.4,9.5,0.8127,3.2,2.4,3.2,0.36,5.2,5.4,5.1,0.2588,18.5,16.2,17.8,0.2566,13.3,10.8,12.7,0.5797,15.3,13.8,14.6,0.6428,1.0,1.4,1.0,0.4227,0.2,0.2,0.2,0.2253,1.6,2.0,1.5,0.4455,False,,,0,10.5,0.5,3.5,-0.2000000476837158,6.5,-1.5,18.5,0.8000000000000007,12.0,2.3000001907348637,16.5,-0.5,1.0,0.0,0.5,-0.2999999970197677,1.5,0.0,0.46218488,0.3526971,0.296875,0.23684211,0.11764706,0.5194805,True
Austin Reaves,LAL,204,38.9,-0.8999999761581421,38.0,22.9,24.0,22.2,0.4166,4.4,4.2,4.4,0.6699,6.2,6.4,5.5,0.4561,33.5,34.6,32.1,0.2026,27.3,28.2,26.6,0.242,29.1,30.4,27.7,0.3774,1.2,1.2,1.1,0.5468,0.5,0.4,0.5,0.3546,2.5,3.0,2.700000047683716,0.6434,False,,,0,,,,,,,,,,,,,,,,,,,0.46218488,0.36933047,0.3128655,0.5,0.22222222,0.4871795,True
Cam Thomas,MIL,132,14.7,2.200000047683716,16.899999618530273,8.0,8.4,14.3,0.5185,1.1,0.8,1.6,0.3977,2.2,2.8,2.4,0.3098,11.3,12.0,18.3,0.4384,9.1,9.2,15.9,0.5188,10.2,11.2,16.7,0.4739,0.4,0.6,0.5,0.1346,0.2,0.2,0.2,0.1238,1.2,1.4,1.399999976158142,0.682,False,,,0,,,,,,,,,,,,,,,,,,,0.46218488,0.36933047,0.3128655,0.24489796,0.14457831,0.5194805,True
Scottie Barnes,TOR,197,31.6,1.399999976158142,33.0,16.2,18.4,15.0,0.6356,6.8,6.2,6.7,0.7285,8.2,11.0,8.0,0.4143,31.2,35.6,29.7,0.5374,23.0,24.6,21.7,0.5016,24.4,29.4,23.0,0.2045,1.8,2.0,1.7,0.5679,1.3,1.0,1.3,0.1709,2.5,2.8,2.299999952316284,0.2946,False,,,0,17.5,-3.5,7.75,-0.4499998092651367,8.5,0.6999999999999993,35.5,-5.0,24.5,-3.200000762939453,25.5,-2.3000000000000007,3.0,-1.2999999523162842,1.5,-0.2000000476837158,2.5,-0.2000000476837158,0.46218488,0.36933047,0.3128655,0.18811882,0.33333334,1.0,True
Luka Garza,BOS,128,17.3,-2.5,14.800000190734863,9.0,9.4,8.0,0.8234,3.5,4.0,3.3,0.4469,1.0,1.2,0.9,0.2324,13.5,14.6,12.2,0.5743,12.5,13.4,11.3,0.2723,10.0,10.6,8.9,0.3408,0.5,0.2,0.4,0.1935,,,0.2,0.1026,1.0,0.8,0.6000000238418579,0.4232,False,,,0,,,,,,,,,,,,,,,,,,,0.46218488,0.36933047,0.30357143,0.38,0.14457831,0.42857143,True
Trendon Watford,PHI,156,19.7,-0.0,19.700000762939453,9.7,11.2,8.6,0.4195,4.0,4.4,4.4,0.4505,2.9,3.8,2.7,0.1324,16.6,19.4,15.7,0.1778,13.7,15.6,13.0,0.2251,12.6,15.0,11.3,0.2221,0.5,0.4,0.6,0.1496,0.8,0.6,0.7,0.0505,2.0,2.2,1.7999999523162842,0.287,False,,,0,,,,,,,,,,,,,,,,,,,0.46218488,0.3526971,0.3128655,0.24489796,0.1875,0.46666667,True
Sandro Mamukelashvili,TOR,179,19.5,0.1000000014901161,19.600000381469727,12.4,15.6,14.0,0.8733,5.1,5.4,4.6,0.6583,1.5,1.2,1.5,0.3911,19.0,22.2,20.1,0.759,17.5,21.0,18.6,0.7836,13.9,16.8,15.5,0.5269,1.2,1.8,1.1,0.3258,0.4,0.6,0.4,0.05,1.0,0.8,1.2999999523162842,0.5292,False,,,0,13.5,0.6999999999999993,6.5,-1.8000001907348633,3.0,-1.5,21.5,-1.1000000000000014,19.5,-0.6000003814697266,,,1.5,-0.3999999761581421,1.0,-0.5999999940395355,1.5,-0.2000000476837158,0.46218488,0.3802817,0.3128655,0.23684211,0.1875,0.4871795,True
Sam Hauser,BOS,221,26.3,1.0,27.299999237060547,6.7,5.6,8.7,0.7099,3.8,3.4,4.1,0.3274,1.2,0.8,1.4,0.2334,11.7,9.8,14.2,0.6408,10.5,9.0,12.8,0.4876,7.9,6.4,10.1,0.1785,0.5,,0.6,0.1271,0.2,0.4,0.3,0.0805,0.2,0.2,0.5,0.8061,False,,,0,9.0,-0.8000000000000007,4.5,-0.3000001907348633,1.5,0.0,14.5,-0.5999999999999996,11.5,0.8999996185302734,8.5,1.1999999999999993,1.5,-0.8999999761581421,0.5,-0.199999988079071,0.5,0.0,0.46218488,0.36933047,0.3128655,0.11974747,0.14457831,0.43733022,True
Ariel Hukporti,NYK,74,7.1,-1.5,5.599999904632568,0.8,0.4,3.3,0.8454,2.0,1.6,2.2,0.3678,0.3,0.4,0.4,0.4142,3.1,2.4,5.9,0.2528,2.8,2.0,5.5,0.4037,1.1,0.8,3.7,0.2608,0.3,0.2,0.3,0.2557,0.2,0.2,0.3,0.1491,0.7,1.0,0.5,0.6949,False,,,0,,,,,,,,,,,,,,,,,,,0.46218488,0.3526971,0.3128655,0.23684211,0.14457831,0.42857143,True
Julian Champagnie,SAS,230,26.8,-0.8999999761581421,25.899999618530277,9.2,10.2,10.0,0.3517,5.1,5.2,4.9,0.5577,1.1,1.2,1.4,0.2744,15.4,16.6,16.3,0.3208,14.3,15.4,14.9,0.321,10.3,11.4,11.4,0.1204,0.8,0.8,0.7,0.1698,0.5,0.6,0.5,0.1272,1.0,0.6,0.6000000238418579,0.2957,False,,,0,9.5,-1.7000000000000002,5.25,-0.75,1.5,-0.1999999999999999,14.5,-0.9000000000000004,13.5,-1.1999998092651367,12.5,-3.4000000000000004,1.0,-0.3000000119209289,0.5,0.0,0.5,0.1000000238418579,0.46218488,0.3526971,0.3128655,0.18811882,0.22222222,0.5194805,True
Alperen Sengun,HOU,204,32.8,1.100000023841858,33.900001525878906,21.4,26.4,19.6,0.0322,8.5,10.4,7.7,0.29,6.0,6.0,6.6,0.4723,35.9,42.8,33.9,0.0845,29.9,36.8,27.3,0.0664,27.4,32.4,26.2,0.0874,0.9,1.2,1.0,0.2994,1.4,2.2,1.4,0.2764,2.5,1.4,1.7999999523162842,0.2018,False,,,0,19.5,-3.6,9.0,-1.4000000953674316,6.75,0.1500000000000003,33.5,-3.1000000000000014,29.5,-6.0,27.5,-4.699999999999999,1.5,-0.5,1.5,-0.1000000238418579,2.5,-0.7000000476837158,0.46218488,0.3526971,0.30357143,0.24489796,0.33333334,0.4871795,True
Jericho Sims,MIL,157,21.3,2.299999952316284,23.600000381469727,5.9,7.4,6.2,0.2723,5.3,7.0,7.0,0.4726,1.6,2.2,2.0,0.1243,12.8,16.6,15.2,0.3497,11.2,14.4,13.2,0.3617,7.5,9.6,8.2,0.4937,0.4,0.8,0.6,0.126,,,0.5,0.1455,1.4,1.8,1.399999976158142,0.6968,False,,,0,,,,,,,,,,,,,,,,,,,0.46218488,0.3526971,0.30357143,0.24489796,0.14457831,0.42857143,True
Josh Giddey,CHI,202,36.0,-1.2999999523162842,34.70000076293945,16.3,14.0,11.4,0.0294,8.9,8.4,8.3,0.6916,12.3,13.0,10.0,0.3592,37.5,35.4,29.7,0.2218,25.2,22.4,19.7,0.0484,28.6,27.0,21.4,0.0747,1.3,1.0,1.2,0.5522,0.8,1.4,0.7,0.1296,3.9,4.2,2.700000047683716,0.2293,False,,,0,18.5,-9.3,9.5,-0.8999996185302734,11.25,-1.4499999999999993,38.5,-10.9,29.0,-11.200000762939451,29.5,-10.5,1.5,-0.2999999523162842,1.0,-0.3000000119209289,3.5,-0.7999999523162842,0.46218488,0.3526971,0.3128655,0.38,0.18181819,0.4871795,True
Santi Aldama,MEM,168,28.7,-2.299999952316284,26.399999618530277,13.3,14.8,14.3,0.5751,6.7,6.4,7.0,0.5243,3.0,3.2,2.7,0.4201,23.0,24.4,24.0,0.4375,20.0,21.2,21.3,0.4436,16.3,18.0,17.0,0.3709,0.4,0.4,0.7,0.3243,0.9,0.6,0.7,0.138,1.3,0.8,1.2999999523162842,0.4605,False,,,0,,,,,,,,,,,,,,,,,,,0.39215687,0.36933047,0.3128655,0.38,0.14457831,0.5194805,True
Isaiah Livers,PHX,58,8.2,-1.7999999523162842,6.400000095367432,0.8,0.4,0.7,0.1459,0.8,0.8,1.0,0.2516,0.4,,0.3,0.3745,2.0,,2.0,0.1811,1.6,,1.7,0.2661,1.2,,1.0,0.1117,0.1,0.2,0.2,0.3494,0.1,,0.0,0.1104,0.2,,0.0,0.201,False,,,0,,,,,,,,,,,,,,,,,,,0.4848485,0.3526971,0.3128655,0.24489796,0.14457831,0.5194805,True
Scotty Pippen Jr.,MEM,109,22.0,0.8999999761581421,23.0,11.4,10.6,10.7,0.5327,2.0,2.6,2.5,0.3259,5.1,5.0,5.3,0.3618,18.5,18.2,18.5,0.2871,13.4,13.2,13.2,0.2236,16.5,15.6,16.0,0.2152,1.8,2.0,1.7,0.4114,0.4,0.2,0.5,0.0937,2.5,3.4,2.0999999046325684,0.3202,False,,,0,,,,,,,,,,,,,,,,,,,0.7412468,0.3526971,0.3128655,0.5,0.1875,0.5194805,True
Jalen Suggs,ORL,159,30.1,0.6000000238418579,30.700000762939453,14.0,11.6,14.2,0.7341,3.8,3.6,4.0,0.7253,4.7,4.4,5.2,0.4197,22.5,19.6,23.4,0.4859,17.8,15.2,18.2,0.7128,18.7,16.0,19.4,0.6421,1.4,1.0,1.5,0.4803,0.5,0.8,0.7,0.152,3.0,2.8,2.700000047683716,0.4172,False,,,0,14.5,0.0,4.25,-0.1500000953674316,6.25,-1.25,25.5,-1.8999999999999984,19.5,-0.8999996185302734,23.0,-3.5,3.0,-1.5,1.0,-0.3000000119209289,,,0.46218488,0.3526971,0.3128655,0.24489796,0.33333334,0.4871795,True
Jalen Wilson,BKN,170,16.6,0.8999999761581421,17.5,7.5,11.0,8.8,0.6222,2.7,4.0,3.8,0.526,1.0,1.0,1.2,0.2929,11.2,16.0,13.8,0.2276,10.2,15.0,12.6,0.6904,8.5,12.0,10.0,0.4018,0.2,0.2,0.5,0.1285,,,0.2,0.093,0.7,1.2,1.100000023841858,0.2508,False,,,0,,,,,,,,,,,,,,,,,,,0.46218488,0.3526971,0.3128655,0.24489796,0.1875,0.4,True
Cade Cunningham,DET,192,34.6,0.2000000029802322,34.79999923706055,22.4,21.0,23.5,0.7553,5.0,4.0,6.2,0.7936,11.5,12.4,9.3,0.3888,38.9,37.4,39.0,0.6621,27.4,25.0,29.7,0.5918,33.9,33.4,32.8,0.617,1.6,1.6,1.5,0.5258,0.5,0.2,1.2,0.4078,4.3,3.4,4.199999809265137,0.8042,False,,,0,,,,,,,,,,,,,,,,,,,0.46218488,0.36933047,0.4375,0.5,0.33333334,0.5194805,True
Evan Mobley,CLE,181,31.3,0.5,31.799999237060547,22.0,20.4,16.5,0.0434,10.9,9.8,8.8,0.4701,3.4,3.8,2.9,0.1506,36.3,34.0,28.2,0.058,32.9,30.2,25.3,0.0448,25.4,24.2,19.4,0.0309,0.5,0.6,0.6,0.2211,1.5,1.2,1.5,0.3205,1.5,1.8,1.2999999523162842,0.092,False,,,0,,,,,,,,,,,,,,,,,,,0.46218488,0.3526971,0.17391305,0.38,0.33333334,0.46666667,True
Aaron Wiggins,OKC,212,16.9,-2.0,14.899999618530272,6.5,7.6,9.1,0.5912,2.6,3.0,2.4,0.5727,0.8,0.8,1.1,0.2903,9.9,11.4,12.6,0.3526,9.1,10.6,11.5,0.4217,7.3,8.4,10.2,0.3752,0.6,0.8,0.6,0.1299,0.1,,0.1,0.0548,1.1,1.6,0.800000011920929,0.5228,False,,,0,,,,,,,,,,,,,,,,,,,0.39215687,0.36933047,0.3128655,0.5,0.1875,0.4871795,True
Isaiah Mobley,PHI,10,7.2,-0.699999988079071,6.5,2.3,2.6,3.1,0.5393,1.0,0.8,1.5,0.5004,0.6,,0.8,0.1967,3.9,,5.4,0.1369,3.3,,4.6,0.2416,2.9,,3.9,0.1746,0.2,0.2,0.3,0.1972,,,0.2,0.1039,0.2,0.2,0.3000000119209289,0.4239,False,,,0,,,,,,,,,,,,,,,,,,,0.46218488,0.36933047,0.3128655,0.23746486,0.22222222,0.4871795,True
E.J. Liddell,BKN,40,14.5,0.800000011920929,15.300000190734863,3.0,2.0,4.6,0.5378,2.7,2.0,2.6,0.6181,1.5,1.4,1.1,0.3314,7.2,5.4,8.3,0.3739,5.7,4.0,7.2,0.3424,4.5,3.4,5.7,0.1034,0.2,,0.4,0.2201,0.8,0.6,0.6,0.0826,0.8,0.4,0.699999988079071,0.8195,False,,,0,,,,,,,,,,,,,,,,,,,0.46218488,0.36933047,0.3128655,0.24489796,0.33333334,0.5194805,True
DeJon Jarreau,MEM,18,18.6,-1.2999999523162842,17.399999618530273,8.0,8.8,7.2,0.2676,4.2,3.8,4.4,0.5659,3.1,3.0,3.0,0.4023,15.3,15.6,14.6,0.2623,12.2,12.6,11.6,0.3511,11.1,11.8,10.2,0.3233,0.8,1.0,0.8,0.2753,0.5,0.4,0.4,0.0587,1.8,2.0,1.399999976158142,0.509,False,,,0,,,,,,,,,,,,,,,,,,,0.46218488,0.3526971,0.3128655,0.5,0.14457831,0.4871795,True
Gui Santos,GSW,142,31.7,1.2000000476837158,32.900001525878906,17.4,17.8,13.3,0.1673,4.4,4.0,5.3,0.5336,4.2,4.2,4.6,0.2744,26.0,26.0,23.2,0.1722,21.8,21.8,18.6,0.2339,21.6,22.0,17.9,0.1104,1.0,1.2,1.3,0.5115,0.3,0.4,0.4,0.1101,2.9,3.2,2.299999952316284,0.6658,False,,,0,15.0,0.3000000000000007,6.5,-1.5999999046325684,4.5,0.2999999999999998,27.25,-2.25,23.5,-3.299999237060547,22.5,-2.3999999999999986,1.5,-0.2000000476837158,1.0,-0.5999999940395355,,,0.46218488,0.36933047,0.30357143,0.24489796,0.14457831,0.5194805,True
Moussa Cisse,DAL,34,15.0,-0.1000000014901161,14.899999618530272,4.2,3.2,5.5,0.6932,5.8,7.4,8.1,0.297,0.3,0.2,0.5,0.2673,10.3,10.8,14.1,0.1798,10.0,10.6,13.6,0.4326,4.5,3.4,6.0,0.4179,0.4,0.4,0.5,0.1928,1.1,0.8,1.4,0.1417,0.7,0.6,1.0,0.6129,False,,,0,,,,,,,,,,,,,,,,,,,0.46218488,0.3526971,0.3128655,0.24489796,0.33333334,0.5194805,True
Tyson Etienne,BKN,25,17.4,2.900000095367432,20.299999237060547,9.7,11.0,7.7,0.1461,1.2,0.6,1.8,0.2313,2.1,2.4,1.8,0.2476,13.0,14.0,11.3,0.1203,10.9,11.6,9.5,0.0963,11.8,13.4,9.5,0.0916,0.6,0.8,0.7,0.1723,,,0.2,0.1246,0.8,0.4,0.699999988079071,0.2863,False,,,0,,,,,,,,,,,,,,,,,,,0.46218488,0.36933047,0.30357143,0.24489796,0.14457831,0.4871795,True
Dalano Banton,BOS,125,22.3,-8.0,14.3,10.7,5.8,8.7,0.7876,2.0,1.2,1.4,0.6271,3.1,2.0,2.2,0.384,15.8,9.0,12.3,0.41,12.7,7.0,10.1,0.5053,13.8,7.8,10.9,0.689,0.4,0.4,0.4,0.3191,0.4,0.2,0.3,0.1732,2.0,0.8,1.399999976158142,0.8509,False,,,0,,,,,,,,,,,,,,,,,,,0.46218488,0.36933047,0.3128655,0.5,0.14457831,0.69594187,True
Jose Alvarado,NYK,176,13.8,-0.8999999761581421,12.899999618530272,4.2,3.6,6.9,0.3156,1.3,1.4,1.3,0.3521,4.1,3.0,3.8,0.3966,9.6,8.0,12.0,0.1314,5.5,5.0,8.2,0.3005,8.3,6.6,10.7,0.4109,0.6,0.4,0.7,0.2295,,,0.1,0.0615,1.3,1.8,1.2000000476837158,0.771,False,,,0,,,,,,,,,,,,,,,,,,,0.46218488,0.36933047,0.3128655,0.38,0.14457831,0.5194805,True
A.J. Lawson,TOR,84,7.7,2.400000095367432,10.100000381469728,3.0,2.8,5.7,0.5908,1.7,1.0,2.5,0.2673,0.4,0.4,0.6,0.2266,5.1,4.2,8.8,0.3366,4.7,3.8,8.2,0.3932,3.4,3.2,6.3,0.1945,0.4,0.6,0.6,0.2136,0.1,,0.2,0.1286,0.3,,0.5,0.6105,False,,,0,,,,,,,,,,,,,,,,,,,0.46218488,0.3526971,0.3128655,0.38,0.1875,0.4871795,True
Ibou Badji,POR,21,5.6,1.0,6.599999904632568,1.1,1.2,2.1,0.377,0.8,1.0,2.5,0.5202,0.5,0.2,0.6,0.3701,2.4,2.4,5.2,0.3279,1.9,2.2,4.6,0.4184,1.6,1.4,2.7,0.1482,,,0.4,0.2826,0.4,0.2,0.9,0.1623,0.5,0.2,0.699999988079071,0.469,False,,,0,,,,,,,,,,,,,,,,,,,0.46218488,0.36933047,0.3128655,0.24489796,0.1875,0.4871795,True
Jay Huff,IND,158,22.3,2.700000047683716,25.0,9.8,9.0,9.5,0.2042,3.4,3.8,4.4,0.2566,1.5,2.0,1.7,0.2008,14.7,14.8,15.6,0.1717,13.2,12.8,13.9,0.1415,11.3,11.0,11.2,0.0852,0.3,0.2,0.6,0.1377,1.1,0.8,1.3,0.1179,0.9,0.8,1.0,0.2519,False,,,0,14.5,-5.0,4.5,0.0999999046325683,,,,,,,,,,,,,,,0.46218488,0.3526971,0.3128655,0.24409741,0.33333334,0.4871795,True
Eugene Omoruyi,WAS,42,13.4,1.100000023841858,14.600000381469728,4.3,5.4,7.0,0.5963,2.0,2.2,2.7,0.3348,0.7,0.4,0.7,0.2893,7.0,8.0,10.4,0.6096,6.3,7.6,9.7,0.3195,5.0,5.8,7.7,0.506,0.8,1.0,0.8,0.2773,0.4,0.6,0.3,0.1741,0.6,0.6,1.0,0.6691,False,,,0,,,,,,,,,,,,,,,,,,,0.39215687,0.3802817,0.3128655,0.39917403,0.33333334,0.4871795,True
Stanley Umude,SAS,47,4.3,-1.399999976158142,2.900000095367432,0.9,1.0,2.9,0.4863,0.4,0.8,1.0,0.4981,0.2,0.4,0.3,0.3271,1.5,2.2,4.2,0.1067,1.3,1.8,3.9,0.2427,1.1,1.4,3.2,0.097,0.1,,0.2,0.2904,0.4,0.8,0.3,0.1334,0.2,0.2,0.3000000119209289,0.4984,False,,,0,,,,,,,,,,,,,,,,,,,0.39215687,0.36933047,0.3128655,0.24489796,0.1875,0.46666667,True
Colin Castleton,ORL,42,21.9,-2.400000095367432,19.600000381469727,6.6,7.6,6.6,0.8539,5.8,7.2,5.7,0.372,1.4,1.4,1.4,0.3114,13.8,16.2,13.7,0.5838,12.4,14.8,12.3,0.7814,8.0,9.0,8.0,0.7939,0.5,0.2,0.5,0.2319,0.4,0.2,0.5,0.0636,0.8,0.2,1.0,0.8317,False,,,0,,,,,,,,,,,,,,,,,,,0.46218488,0.3526971,0.3128655,0.38,0.33333334,0.46666667,True
Terry Taylor,SAC,33,3.1,2.0,5.099999904632568,0.8,0.8,0.4,0.0679,0.4,0.4,1.1,0.2525,0.4,0.4,0.5,0.2279,1.6,1.6,2.0,0.08,1.2,1.2,1.5,0.0725,1.2,1.2,0.9,0.0952,0.1,0.2,0.1,0.2357,,,0.1,0.1712,,,0.0,0.1489,False,,,0,,,,,,,,,,,,,,,,,,,0.46218488,0.36933047,0.3128655,0.24489796,0.14457831,0.46666667,True
Ethan Thompson,IND,24,16.3,-0.8999999761581421,15.399999618530272,5.4,7.8,5.1,0.5402,1.7,1.8,2.0,0.448,1.2,1.8,1.6,0.2163,8.3,11.4,8.7,0.1751,7.1,9.6,7.1,0.5046,6.6,9.6,6.7,0.4258,0.8,1.0,0.8,0.2756,0.2,0.2,0.4,0.1573,0.7,0.8,1.0,0.3624,False,,,0,,,,,,,,,,,,,,,,,,,0.46218488,0.3802817,0.3128655,0.24489796,0.1875,0.42857143,True
Ish Wainright,PHX,10,6.1,-3.0999999046325684,3.0,2.3,4.0,0.9,0.2578,1.4,2.2,1.0,0.2828,0.1,0.2,0.0,0.1974,3.8,6.4,1.9,0.1151,3.7,6.2,1.9,0.3352,2.4,4.2,0.9,0.0383,0.4,0.6,0.2,0.3267,0.1,0.2,0.1,0.1269,0.2,0.4,0.0,0.1575,False,,,0,,,,,,,,,,,,,,,,,,,0.46218488,0.36933047,0.3128655,0.3686598,0.1875,0.42857143,True
Jordan Goodwin,PHX,151,24.8,0.8999999761581421,25.700000762939453,7.7,9.8,11.1,0.7026,6.4,7.0,6.0,0.5004,2.2,3.0,2.0,0.3532,16.3,19.8,19.1,0.7433,14.1,16.8,17.1,0.7045,9.9,12.8,13.1,0.5111,2.0,2.4,2.0,0.3291,0.2,0.2,0.3,0.1301,1.0,1.6,1.100000023841858,0.5871,False,,,0,,,,,,,,,,,,,,,,,,,0.4848485,0.3802817,0.3128655,0.38,0.22222222,0.5194805,True
Micah Potter,IND,93,14.3,2.0,16.299999237060547,7.7,7.0,12.0,0.7648,3.8,3.2,4.9,0.32,1.1,1.2,1.3,0.3098,12.6,11.4,18.2,0.6412,11.5,10.2,16.9,0.5349,8.8,8.2,13.3,0.5817,0.3,0.4,0.5,0.1542,0.3,0.4,0.4,0.139,0.3,0.2,0.8999999761581421,0.8595,False,,,0,,,,,,,,,,,,,,,,,,,0.46218488,0.36933047,0.3128655,0.24489796,0.14457831,0.5194805,True
Dru Smith,MIA,90,14.9,-3.0,11.899999618530272,4.6,4.4,4.7,0.5924,2.3,2.4,2.2,0.4208,2.4,3.0,2.1,0.2472,9.3,9.8,9.0,0.4958,6.9,6.8,6.9,0.5761,7.0,7.4,6.8,0.1561,1.6,0.8,1.1,0.4449,0.2,0.2,0.2,0.0852,0.7,1.2,0.5,0.6315,False,,,0,,,,,,,,,,,,,,,,,,,0.46218488,0.36933047,0.4375,0.5,0.1875,0.5194805,True
MarJon Beauchamp,PHI,93,18.0,2.5,20.5,8.7,8.2,10.3,0.7103,3.1,3.0,2.9,0.5202,1.4,1.2,1.4,0.0877,13.2,12.4,14.6,0.5033,11.8,11.2,13.2,0.5435,10.1,9.4,11.7,0.648,0.9,0.6,0.9,0.1876,0.3,0.2,0.3,0.105,1.3,1.6,1.600000023841858,0.7007,False,,,0,,,,,,,,,,,,,,,,,,,0.4848485,0.36933047,0.296875,0.24489796,0.2857143,0.4,True
Dyson Daniels,ATL,207,32.4,-0.4000000059604645,32.0,13.6,13.0,13.2,0.5216,7.5,6.8,7.0,0.4563,4.5,4.0,4.7,0.2466,25.6,23.8,24.9,0.3724,21.1,19.8,20.2,0.3256,18.1,17.0,17.9,0.2793,2.2,2.2,1.9,0.4893,0.4,0.6,0.5,0.1883,1.6,1.8,1.2000000476837158,0.167,False,,,0,13.0,-0.9000000000000004,6.75,0.0500001907348632,5.25,-0.6500000000000004,23.0,0.5,17.25,1.6499996185302734,16.5,0.1999999999999993,2.5,-0.6000000238418579,1.0,-0.5,1.5,-0.2999999523162842,0.46218488,0.36933047,0.3128655,0.24489796,0.18181819,1.0,True
Jaden Hardy,WAS,182,21.5,-0.1000000014901161,21.399999618530277,13.8,16.6,10.5,0.1244,1.5,1.2,2.0,0.4152,1.1,1.0,1.1,0.4486,16.4,18.8,13.6,0.1687,15.3,17.8,12.5,0.1116,14.9,17.6,11.6,0.1698,0.3,,0.4,0.1283,0.2,,0.2,0.0569,1.8,1.8,1.100000023841858,0.3733,False,,,0,,,,,,,,,,,,,,,,,,,0.39215687,0.3802817,0.30357143,0.24489796,0.14457831,0.4871795,True
Scoot Henderson,POR,152,24.6,0.4000000059604645,25.0,15.1,15.8,15.0,0.5414,2.9,2.8,3.1,0.3733,3.6,4.0,3.7,0.4412,21.6,22.6,21.8,0.4741,18.0,18.6,18.1,0.6589,18.7,19.8,18.7,0.7756,1.3,1.6,1.1,0.1533,0.3,,0.3,0.146,2.3,1.6,2.5,0.5042,False,,,0,,,,,,,,,,,,,,,,,,,0.46218488,0.3526971,0.3128655,0.38,0.33333334,0.5194805,True
Keaton Wallace,ATL,79,3.9,-0.0,3.900000095367432,1.4,1.2,5.9,0.2679,0.4,0.4,1.5,0.4105,0.4,0.2,0.6,0.325,2.2,1.8,8.0,0.2159,1.8,1.6,7.4,0.3127,1.8,1.4,6.5,0.1697,,,0.4,0.2117,,,0.1,0.1454,0.2,0.4,0.699999988079071,0.487,False,,,0,,,,,,,,,,,,,,,,,,,0.46218488,0.36933047,0.4375,0.27665907,0.22222222,0.4871795,True
Olivier Sarr,CLE,15,4.4,-0.5,4.0,2.2,2.8,2.0,0.0797,1.6,1.8,2.3,0.3022,0.1,,0.3,0.2446,3.9,,4.6,0.1358,3.8,,4.3,0.3141,2.3,,2.3,0.0325,,,0.3,0.2813,0.2,0.4,0.3,0.0807,0.1,0.2,0.2000000029802322,0.4219,False,,,0,,,,,,,,,,,,,,,,,,,0.39215687,0.36933047,0.3128655,0.38,0.1875,0.5194805,True
Jaden Ivey,CHI,143,20.0,5.599999904632568,25.600000381469727,8.7,10.6,9.4,0.5145,3.1,4.4,3.9,0.5458,2.0,3.0,2.4,0.3193,13.8,18.0,15.7,0.3448,11.8,15.0,13.3,0.3904,10.7,13.6,11.8,0.2388,1.0,2.0,1.0,0.288,0.3,0.2,0.5,0.173,1.5,1.4,1.7000000476837158,0.3321,False,,,0,,,,,,,,,,,,,,,,,,,0.46218488,0.36933047,0.3128655,0.24489796,0.18181819,0.42857143,True
Paolo Banchero,ORL,190,35.7,0.4000000059604645,36.09999847412109,24.5,26.0,22.6,0.59,7.0,5.8,8.2,0.7116,5.4,5.4,5.9,0.4281,36.9,37.2,36.7,0.4956,31.5,31.8,30.8,0.3975,29.9,31.4,28.5,0.5139,0.7,1.0,0.7,0.331,0.5,0.4,0.5,0.0678,3.5,3.8,3.0,0.5516,False,,,0,23.0,0.6000000000000014,8.5,-0.3000001907348633,5.25,0.5499999999999998,37.5,0.1000000000000014,32.5,-0.7000007629394531,29.5,-0.1000000000000014,1.0,-0.3000000119209289,1.0,-0.5,3.5,-0.5,0.46218488,0.36933047,0.3128655,0.24489796,0.22222222,0.5194805,True
Jabari Smith Jr.,HOU,203,37.1,-0.4000000059604645,36.70000076293945,16.6,15.2,13.8,0.0769,7.5,8.2,6.5,0.3855,2.4,2.6,2.1,0.2158,26.5,26.0,22.4,0.0856,24.1,23.4,20.3,0.062,19.0,17.8,15.9,0.1562,0.5,0.2,0.7,0.2403,0.8,1.2,0.7,0.15,1.6,2.2,1.399999976158142,0.1562,False,,,0,,,,,,,,,,,,,,,,,,,0.46218488,0.3526971,0.3128655,0.5,0.2857143,0.42857143,True
Chet Holmgren,OKC,178,28.9,0.8999999761581421,29.799999237060547,16.7,14.4,18.4,0.3367,8.4,7.0,9.7,0.8073,1.4,1.4,1.7,0.1606,26.5,22.8,29.8,0.4806,25.1,21.4,28.1,0.3752,18.1,15.8,20.1,0.2404,0.5,0.4,0.6,0.2849,1.2,1.6,1.4,0.1663,1.3,1.4,1.2999999523162842,0.1664,False,,,0,,,,,,,,,,,,,,,,,,,0.46218488,0.36933047,0.3128655,0.5,0.33333334,0.5194805,True
Bennedict Mathurin,LAC,178,29.8,-0.1000000014901161,29.700000762939453,21.3,21.6,16.8,0.1772,5.5,5.4,5.7,0.229,2.0,2.4,2.0,0.244,28.8,29.4,24.5,0.1759,26.8,27.0,22.5,0.133,23.3,24.0,18.8,0.0638,0.7,0.6,0.7,0.1623,0.4,0.4,0.4,0.062,1.9,2.2,1.899999976158142,0.5812,False,,,0,,,,,,,,,,,,,,,,,,,0.46218488,0.36933047,0.3128655,1.0,0.22222222,0.5194805,True
Johnny Davis,WAS,83,4.9,0.3000000119209289,5.199999809265137,1.3,1.2,1.2,0.0688,0.6,1.2,1.0,0.1995,0.2,0.4,0.2,0.3484,2.1,2.8,2.4,0.0419,1.9,2.4,2.2,0.0821,1.5,1.6,1.4,0.1123,0.3,0.4,0.1,0.2083,,,0.2,0.1523,0.3,0.4,0.1000000014901161,0.0704,False,,,0,,,,,,,,,,,,,,,,,,,0.46218488,0.36933047,0.3128655,0.24489796,0.14457831,0.47345823,True
Keegan Murray,SAC,175,33.7,0.6000000238418579,34.29999923706055,13.7,15.2,13.3,0.3303,4.6,5.4,5.5,0.4365,1.9,2.2,2.0,0.3272,20.2,22.8,20.8,0.5194,18.3,20.6,18.8,0.2372,15.6,17.4,15.3,0.3091,0.4,0.4,0.7,0.3415,1.2,1.6,1.9,0.1781,1.3,2.0,1.2000000476837158,0.3701,False,,,0,,,,,,,,,,,,,,,,,,,0.46218488,0.3526971,0.3128655,0.38,0.33333334,0.5194805,True
AJ Griffin,ATL,19,7.8,0.6000000238418579,8.399999618530273,1.0,1.0,4.5,0.4811,1.3,1.2,1.9,0.5431,0.3,0.2,0.5,0.2536,2.6,2.4,6.9,0.2043,2.3,2.2,6.4,0.3969,1.3,1.2,5.0,0.3431,,,0.3,0.2853,0.1,,0.1,0.1162,0.3,0.2,0.6000000238418579,0.8034,False,,,0,,,,,,,,,,,,,,,,,,,0.46218488,0.3802817,0.4375,0.24489796,0.2857143,0.4871795,True
Shaedon Sharpe,POR,151,32.2,-0.5,31.700000762939453,22.9,21.0,14.8,0.1859,4.8,3.0,4.4,0.6145,2.8,2.4,3.4,0.492,30.5,26.4,22.6,0.3317,27.7,24.0,19.2,0.2441,25.7,23.4,18.2,0.1407,1.4,0.8,1.2,0.5262,0.1,0.2,0.4,0.2954,3.5,2.8,1.7000000476837158,0.3372,False,,,0,,,,,,,,,,,,,,,,,,,0.46218488,0.3526971,0.3128655,0.5,0.33333334,0.5194805,True
TyTy Washington Jr.,LAC,37,6.4,-1.2000000476837158,5.199999809265137,2.1,0.8,0.8,0.1199,0.3,0.2,0.5,0.327,1.4,1.0,0.7,0.3523,3.8,2.0,2.0,0.2661,2.4,1.0,1.3,0.1571,3.5,1.8,1.5,0.0952,0.4,,0.2,0.3048,0.2,,0.1,0.0489,0.3,0.4,0.1000000014901161,0.1548,False,,,0,,,,,,,,,,,,,,,,,,,0.46218488,0.36933047,0.3128655,0.24489796,0.14457831,0.46666667,True
Malaki Branham,WAS,149,11.0,1.0,12.0,4.7,5.0,6.8,0.6357,1.5,1.4,2.1,0.4045,1.1,0.4,1.0,0.3357,7.3,6.8,9.9,0.4513,6.2,6.4,8.9,0.2099,5.8,5.4,7.8,0.3311,0.8,0.4,0.7,0.1855,0.2,,0.2,0.063,0.4,0.2,0.699999988079071,0.8305,False,,,0,,,,,,,,,,,,,,,,,,,0.46218488,0.36933047,0.3128655,0.24489796,0.11764706,0.5194805,True
Blake Wesley,POR,146,11.3,0.2000000029802322,11.5,5.4,5.8,3.2,0.0715,1.0,1.6,0.6,0.1381,1.7,1.8,1.3,0.3932,8.1,9.2,5.1,0.0398,6.4,7.4,3.8,0.0482,7.1,7.6,4.5,0.0396,0.1,,0.1,0.1752,0.3,0.4,0.1,0.0714,1.1,1.0,0.4000000059604645,0.0822,False,,,0,,,,,,,,,,,,,,,,,,,0.46218488,0.36933047,0.3128655,0.38,0.14457831,0.5194805,True
Jalen Duren,DET,203,29.2,2.700000047683716,31.899999618530277,23.3,21.8,25.6,0.738,11.0,10.8,11.0,0.4708,2.3,3.8,2.6,0.5811,36.6,36.4,39.2,0.7742,34.3,32.6,36.6,0.7491,25.6,25.6,28.2,0.84,0.6,0.6,0.8,0.1547,0.9,1.0,1.0,0.1461,2.1,3.0,2.0999999046325684,0.6693,False,,,0,,,,,,,,,,,,,,,,,,,0.46218488,0.3526971,0.30357143,0.38,0.22222222,0.5194805,True
Tari Eason,HOU,131,23.7,0.8999999761581421,24.600000381469727,8.2,9.0,10.8,0.4273,7.0,5.8,6.9,0.4845,1.1,0.6,1.5,0.2736,16.3,15.4,19.2,0.3751,15.2,14.8,17.7,0.429,9.3,9.6,12.3,0.1767,0.9,0.6,0.9,0.1537,0.3,0.2,0.4,0.1105,1.4,0.8,1.100000023841858,0.529,False,,,0,11.0,-1.8000000000000007,6.75,0.25,1.5,-0.1,18.5,-0.8999999999999986,16.5,-0.2999992370605469,13.0,-2.4000000000000004,1.5,-0.6000000238418579,0.5,-0.0999999940395355,0.5,0.6000000238418579,0.46218488,0.36933047,0.3128655,0.18811882,0.33333334,0.5194805,True
Nikola Jović,MIA,137,12.7,-2.200000047683716,10.5,4.2,2.6,6.3,0.6426,2.2,1.2,2.6,0.2472,0.7,0.8,1.0,0.2904,7.1,4.6,9.9,0.5171,6.4,3.8,8.9,0.4594,4.9,3.4,7.3,0.7511,0.3,0.4,0.3,0.2421,0.3,0.2,0.2,0.0907,0.5,0.2,0.699999988079071,0.6733,False,,,0,,,,,,,,,,,,,,,,,,,0.46218488,0.3802817,0.4375,0.24489796,0.22222222,0.4871795,True
Max Christie,DAL,215,28.4,-0.5,27.899999618530277,9.8,7.8,10.3,0.6611,2.2,2.8,2.9,0.5021,1.1,1.0,1.3,0.1736,13.1,11.6,14.5,0.3786,12.0,10.6,13.2,0.6677,10.9,8.8,11.6,0.3233,1.0,1.0,0.9,0.2273,0.6,0.8,0.4,0.0841,1.6,1.0,1.5,0.3003,False,,,0,,,,,,,,,,,,,,,,,,,0.39215687,0.36933047,0.3128655,0.42857143,0.14457831,0.4871795,True
Mark Williams,PHX,118,21.8,-4.800000190734863,17.0,9.7,6.4,10.1,0.5996,8.1,7.8,8.0,0.6532,0.6,0.4,0.8,0.4663,18.4,14.6,18.9,0.5543,17.8,14.2,18.1,0.6619,10.3,6.8,10.9,0.4455,0.3,0.2,0.5,0.1802,0.5,0.6,1.0,0.1018,0.8,1.0,0.8999999761581421,0.5235,False,,,0,,,,,,,,,,,,,,,,,,,0.46218488,0.36933047,0.3128655,0.42857143,0.22222222,0.5194805,True
Jeremy Sochan,NYK,168,5.2,-0.6000000238418579,4.599999904632568,2.1,3.2,2.3,0.5698,1.9,2.2,1.8,0.2357,0.5,0.6,0.4,0.2691,4.5,6.0,4.5,0.182,4.0,5.4,4.1,0.3556,2.6,3.8,2.7,0.3817,0.4,0.8,0.2,0.3208,,,0.1,0.1705,0.2,0.4,0.6000000238418579,0.5727,False,,,0,,,,,,,,,,,,,,,,,,,0.46218488,0.36933047,0.3128655,0.24489796,0.1875,0.4,True
Wendell Moore Jr.,DET,65,17.2,-2.0999999046325684,15.100000381469728,4.3,3.6,2.5,0.1206,2.2,1.6,2.6,0.1654,1.1,1.0,0.8,0.486,7.6,6.2,5.9,0.3663,6.5,5.2,5.1,0.5271,5.4,4.6,3.3,0.225,0.8,0.4,0.4,0.322,0.2,0.2,0.1,0.0609,1.1,0.2,0.4000000059604645,0.5012,False,,,0,,,,,,,,,,,,,,,,,,,0.46218488,0.36933047,0.3128655,0.5,0.14457831,0.4871795,True
Kendall Brown,IND,14,3.4,-0.0,3.400000095367432,0.9,1.0,2.2,0.4233,0.2,0.4,0.8,0.4455,0.3,0.2,0.5,0.2477,1.4,1.6,3.5,0.1833,1.1,1.4,3.0,0.1997,1.2,1.2,2.7,0.1301,,,0.4,0.2189,,,0.2,0.2365,0.1,,0.4000000059604645,0.6347,False,,,0,,,,,,,,,,,,,,,,,,,0.39215687,0.3526971,0.3128655,0.24489796,0.14457831,0.42857143,True
Jalen Williams,OKC,169,25.5,0.699999988079071,26.200000762939453,17.2,18.8,16.8,0.6537,3.7,4.0,3.9,0.4776,5.3,4.6,5.4,0.3431,26.2,27.4,26.1,0.2372,20.9,22.8,20.7,0.3051,22.5,23.4,22.2,0.5998,0.7,0.4,0.8,0.1969,0.2,,0.2,0.0948,1.7,1.6,1.899999976158142,0.5533,False,,,0,,,,,,,,,,,,,,,,,,,1.0,0.36933047,0.3128655,0.42857143,0.22222222,0.42857143,True
Orlando Robinson,ORL,83,18.6,-8.0,10.6,7.7,5.4,5.5,0.2226,4.7,4.4,4.5,0.4372,1.9,1.6,1.4,0.615,14.3,11.4,11.4,0.2898,12.4,9.8,10.0,0.7641,9.6,7.0,6.9,0.392,0.4,0.2,0.2,0.1838,0.2,,0.2,0.083,0.8,0.8,0.2000000029802322,0.3764,False,,,0,,,,,,,,,,,,,,,,,,,0.46218488,0.36933047,0.3128655,0.38,0.18181819,0.4871795,True
Patrick Baldwin Jr.,SAC,70,8.1,3.799999952316284,12.0,3.4,3.6,4.3,0.2273,2.2,3.4,3.1,0.3484,0.5,0.8,0.6,0.1,6.1,7.8,8.0,0.0387,5.6,7.0,7.4,0.405,3.9,4.4,4.9,0.113,0.2,0.4,0.4,0.2431,0.4,0.8,0.5,0.1065,0.3,0.4,0.5,0.4471,False,,,0,,,,,,,,,,,,,,,,,,,0.46218488,0.3526971,0.296875,0.23684211,0.14457831,0.42857143,True
Walker Kessler,UTA,126,28.3,2.200000047683716,30.5,11.0,15.8,10.2,0.337,10.0,10.6,11.6,0.628,2.8,3.0,2.8,0.3538,23.8,29.4,24.6,0.214,21.0,26.4,21.8,0.2065,13.8,18.8,13.0,0.2275,1.1,1.6,1.1,0.3384,2.0,2.2,2.4,0.2678,2.1,2.6,2.400000095367432,0.3747,False,,,0,,,,,,,,,,,,,,,,,,,0.46218488,0.3526971,0.3128655,0.38,0.33333334,0.4871795,True
Jaylin Williams,OKC,176,18.7,-1.5,17.200000762939453,9.4,7.4,7.1,0.3173,5.5,5.0,6.0,0.6112,1.7,1.4,1.9,0.3087,16.6,13.8,15.0,0.5904,14.9,12.4,13.1,0.5269,11.1,8.8,9.0,0.4054,0.4,0.6,0.4,0.136,0.6,0.8,0.5,0.0859,0.6,0.4,0.6000000238418579,0.353,False,,,0,,,,,,,,,,,,,,,,,,,0.46218488,0.3802817,0.3128655,0.38,0.14457831,0.46666667,True
JD Davison,HOU,49,9.5,-2.799999952316284,6.699999809265137,3.0,3.2,1.4,0.0961,1.8,1.6,1.0,0.2843,1.4,1.6,1.0,0.2625,6.2,6.4,3.4,0.0834,4.8,4.8,2.4,0.0611,4.4,4.8,2.4,0.0446,0.1,,0.1,0.203,0.2,,0.1,0.0963,0.2,0.4,0.0,0.1884,False,,,0,,,,,,,,,,,,,,,,,,,0.46218488,0.3802817,0.3128655,0.24489796,0.1875,0.4,True
Bryce McGowens,NOP,113,24.2,-3.200000047683716,21.0,9.6,9.2,5.7,0.0761,2.6,2.8,2.3,0.4478,1.4,1.4,1.3,0.311,13.6,13.4,9.3,0.1512,12.2,12.0,8.0,0.3109,11.0,10.6,7.0,0.1323,0.8,0.6,0.6,0.2549,0.3,0.4,0.2,0.212,0.1,0.2,0.1000000014901161,0.3356,False,,,0,,,,,,,,,,,,,,,,,,,0.46218488,0.3526971,0.3128655,0.38,0.14457831,0.5194805,True
Jamaree Bouyea,PHX,54,10.6,-1.100000023841858,9.5,2.5,2.2,5.3,0.6799,1.6,1.8,1.6,0.3741,1.5,1.4,1.4,0.2752,5.6,5.4,8.3,0.484,4.1,4.0,6.9,0.2912,4.0,3.6,6.7,0.4162,0.7,0.4,0.6,0.4483,0.2,,0.2,0.0878,0.2,0.2,0.6000000238418579,0.8068,False,,,0,,,,,,,,,,,,,,,,,,,0.46218488,0.3802817,0.4375,0.38,0.1875,0.5194805,True
Julian Strawther,DEN,165,9.3,1.0,10.300000190734863,4.0,3.4,6.5,0.5381,1.6,1.6,2.0,0.3631,0.7,0.8,1.0,0.0931,6.3,5.8,9.5,0.1877,5.6,5.0,8.5,0.3698,4.7,4.2,7.5,0.3522,0.1,,0.3,0.1296,,,0.2,0.0741,0.1,0.2,0.5,0.293,False,,,0,,,,,,,,,,,,,,,,,,,0.46218488,0.36933047,0.30357143,0.24489796,0.14457831,0.4871795,True
Caleb Love,POR,46,22.1,-6.099999904632568,16.0,10.9,9.8,9.8,0.7788,1.8,0.4,2.9,0.4904,3.1,2.8,2.6,0.5751,15.8,13.0,15.3,0.8562,12.7,10.2,12.7,0.8871,14.0,12.6,12.4,0.825,0.5,0.6,0.4,0.2351,,,0.2,0.1831,1.6,1.4,1.7000000476837158,0.7572,False,,,0,,,,,,,,,,,,,,,,,,,0.46218488,0.3802817,0.3128655,0.38,0.14457831,0.5194805,True
Christian Braun,DEN,200,30.6,-1.600000023841858,29.0,14.7,11.4,11.5,0.7346,4.4,3.6,4.4,0.4621,2.5,1.8,2.2,0.3478,21.6,16.8,18.1,0.4098,19.1,15.0,15.9,0.2655,17.2,13.2,13.7,0.1594,0.8,,0.7,0.2509,0.1,0.2,0.2,0.1956,0.7,0.8,0.6000000238418579,0.1172,False,,,0,10.5,-0.3000000000000007,5.5,-1.5999999046325684,3.0,-0.7999999999999998,20.5,-4.199999999999999,15.0,-0.8999996185302734,12.5,-0.0999999999999996,1.0,-0.3000000119209289,0.5,-0.2999999970197677,0.5,0.1000000238418579,0.46218488,0.3526971,0.296875,0.18811882,0.14457831,0.5194805,True
Oscar Tshiebwe,UTA,42,16.7,-0.699999988079071,16.0,7.8,9.4,5.6,0.3156,6.1,7.4,5.4,0.4542,1.4,2.0,1.2,0.1176,15.3,18.8,12.2,0.2245,13.9,16.8,11.0,0.1146,9.2,11.4,6.8,0.1546,0.8,0.6,0.6,0.1204,0.2,0.4,0.3,0.0737,0.8,1.2,0.6000000238418579,0.313,False,,,0,,,,,,,,,,,,,,,,,,,0.4848485,0.36933047,0.3128655,0.3685441,0.22222222,0.46666667,True
Christian Koloko,ATL,61,11.0,-5.300000190734863,5.699999809265137,3.0,2.0,2.3,0.2344,2.6,1.6,2.7,0.2202,0.5,0.2,0.6,0.5518,6.1,3.8,5.6,0.2878,5.6,3.6,5.0,0.3157,3.5,2.2,2.9,0.1511,0.2,0.2,0.3,0.2755,0.7,0.2,0.8,0.0725,0.5,0.4,0.2000000029802322,0.4992,False,,,0,,,,,,,,,,,,,,,,,,,0.46218488,0.36933047,0.3128655,0.5,0.22222222,0.5194805,True
Jabari Walker,PHI,191,14.1,-1.7999999523162842,12.300000190734863,8.6,6.0,4.0,0.1627,3.7,2.6,2.5,0.337,0.9,1.2,0.7,0.2344,13.2,9.8,7.2,0.2088,12.3,8.6,6.5,0.1113,9.5,7.2,4.7,0.0569,0.4,0.4,0.3,0.1292,0.2,0.2,0.2,0.0901,0.8,0.6,0.3000000119209289,0.1138,False,,,0,,,,,,,,,,,,,,,,,,,0.46218488,0.3526971,0.30357143,0.18811882,0.1875,0.46666667,True
Ryan Rollins,MIL,140,31.5,0.4000000059604645,31.899999618530277,19.3,20.4,17.6,0.6262,3.8,4.4,4.2,0.3247,6.3,5.4,6.3,0.6175,29.4,30.2,28.1,0.4185,23.1,24.8,21.8,0.1509,25.6,25.8,23.9,0.4231,1.3,1.6,1.3,0.494,0.4,0.2,0.4,0.1147,3.4,4.2,2.700000047683716,0.3745,False,,,0,18.5,1.3000000000000007,4.25,-0.4500000476837158,6.25,-0.1500000000000003,29.5,0.1999999999999993,24.0,-0.3999996185302734,25.5,0.3999999999999986,1.5,-0.2000000476837158,1.0,-0.5999999940395355,3.5,-0.7999999523162842,0.46218488,0.36933047,0.3128655,0.24489796,0.14457831,0.5194805,True
Leonard Miller,CHI,68,26.5,-5.5,21.0,13.1,12.4,11.1,0.7775,7.0,6.2,5.6,0.6116,1.2,1.0,1.1,0.2776,21.3,19.6,17.8,0.5561,20.1,18.6,16.7,0.8772,14.3,13.4,12.2,0.5787,0.6,0.4,0.6,0.1853,0.3,,0.3,0.1202,0.8,1.4,0.8999999761581421,0.391,False,,,0,,,,,,,,,,,,,,,,,,,0.46218488,0.36933047,0.3128655,0.38,0.22222222,0.46666667,True
Keon Ellis,CLE,203,27.6,0.8999999761581421,28.5,10.3,9.8,10.2,0.8674,2.6,1.8,3.1,0.4851,1.4,1.0,1.5,0.2599,14.3,12.6,14.8,0.4041,12.9,11.6,13.3,0.4716,11.7,10.8,11.7,0.6041,1.2,1.4,1.3,0.3101,0.7,0.4,0.8,0.1322,1.0,0.6,1.100000023841858,0.6304,False,,,0,,,,,,,,,,,,,,,,,,,0.46218488,0.3526971,0.3128655,0.5,0.2857143,0.4871795,True
Drew Timme,LAL,31,9.4,-3.0,6.400000095367432,3.5,1.8,2.1,0.1588,1.2,1.0,1.5,0.2123,0.6,0.6,0.6,0.2937,5.3,3.4,4.2,0.2322,4.7,2.8,3.6,0.3764,4.1,2.4,2.7,0.2877,,,0.1,0.2808,,,0.0,0.0679,0.4,0.2,0.1000000014901161,0.2675,False,,,0,,,,,,,,,,,,,,,,,,,0.46218488,0.36933047,0.3128655,0.24489796,0.14457831,0.5194805,True
Josh Minott,BKN,124,20.8,3.0999999046325684,23.899999618530277,11.9,14.4,12.8,0.4365,3.0,3.8,3.2,0.2631,1.0,1.6,1.1,0.2012,15.9,19.8,17.1,0.3366,14.9,18.2,16.0,0.3642,12.9,16.0,13.9,0.2853,1.3,1.8,1.2,0.3538,0.8,0.6,0.7,0.099,1.9,2.4,2.0,0.4997,False,,,0,,,,,,,,,,,,,,,,,,,0.39215687,0.3526971,0.3128655,0.24489796,0.18181819,0.42857143,True
Jaime Jaquez Jr.,MIA,209,25.5,-0.5,25.0,13.8,13.0,12.9,0.5012,3.5,3.0,3.8,0.4077,5.5,4.4,4.6,0.5314,22.8,20.4,21.3,0.339,17.3,16.0,16.7,0.3553,19.3,17.4,17.5,0.6582,0.3,,0.6,0.2689,0.3,0.4,0.4,0.0655,1.2,1.4,1.100000023841858,0.378,False,,,0,,,,,,,,,,,,,,,,,,,0.46218488,0.36933047,0.3128655,0.5,0.14457831,0.5194805,True
Ousmane Dieng,MIL,119,28.2,1.2000000476837158,29.399999618530277,9.9,10.6,8.6,0.4778,3.9,3.8,4.8,0.3464,3.3,4.4,3.2,0.4232,17.1,18.8,16.6,0.4162,13.8,14.4,13.4,0.3248,13.2,15.0,11.8,0.463,1.1,1.2,1.1,0.3455,0.3,0.2,0.4,0.0788,2.4,3.4,2.200000047683716,0.2887,False,,,0,11.5,-0.6999999999999993,4.5,0.6999998092651367,4.5,-1.1,18.5,0.8999999999999986,15.5,0.5,15.5,-1.3000000000000007,1.5,-0.3999999761581421,1.0,-0.5999999940395355,2.5,-0.2999999523162842,0.46218488,0.3802817,0.3128655,0.24489796,0.14457831,0.5194805,True
Terquavion Smith,PHI,15,5.4,-1.0,4.5,4.0,1.0,3.5,0.3122,0.3,0.2,0.3,0.3462,0.6,0.4,0.6,0.283,4.9,1.6,4.4,0.2174,4.3,1.2,3.8,0.4691,4.6,1.4,4.1,0.4046,0.4,0.2,0.3,0.2965,,,0.0,0.1096,0.4,0.4,0.5,0.7787,False,,,0,,,,,,,,,,,,,,,,,,,0.46218488,0.36933047,0.3128655,0.24489796,0.14457831,0.4871795,True
Tyler Burton,MEM,10,25.5,0.6000000238418579,26.100000381469727,10.2,11.8,12.1,0.4208,4.3,4.2,5.1,0.3638,1.1,1.4,1.5,0.4133,15.6,17.4,18.7,0.3915,14.5,16.0,17.2,0.2537,11.3,13.2,13.6,0.2166,1.0,1.0,1.0,0.1722,0.4,0.4,0.4,0.1314,0.9,0.4,1.399999976158142,0.7352,False,,,0,,,,,,,,,,,,,,,,,,,0.46218488,0.36933047,0.3128655,0.5,0.22222222,0.5194805,True
Jared Rhoden,TOR,30,18.6,-7.300000190734863,11.300000190734863,9.1,12.0,8.8,0.4767,3.2,4.0,3.0,0.3347,1.0,1.8,1.0,0.209,13.3,17.8,12.8,0.3353,12.3,16.0,11.8,0.3703,10.1,13.8,9.8,0.462,0.9,1.6,0.7,0.1912,0.2,,0.4,0.1809,0.8,0.8,0.699999988079071,0.6217,False,,,0,,,,,,,,,,,,,,,,,,,0.46218488,0.3526971,0.30357143,0.5,0.18181819,0.46666667,True
Ron Harper Jr.,BOS,26,8.8,-4.800000190734863,4.0,3.6,1.0,2.9,0.2577,0.8,0.6,1.7,0.2341,0.3,0.2,0.5,0.4546,4.7,1.8,5.1,0.2263,4.4,1.6,4.6,0.2759,3.9,1.2,3.4,0.0608,0.2,0.2,0.3,0.2444,0.2,,0.2,0.0863,0.3,0.2,0.2000000029802322,0.2609,False,,,0,,,,,,,,,,,,,,,,,,,0.46218488,0.3526971,0.3128655,0.24361534,0.14457831,0.46666667,True
Kris Murray,POR,182,19.9,1.5,21.399999618530277,5.4,6.4,6.5,0.5165,2.7,2.4,3.2,0.4552,2.0,2.6,1.8,0.2872,10.1,11.4,11.5,0.4284,8.1,8.8,9.7,0.5594,7.4,9.0,8.3,0.4134,0.3,0.2,0.6,0.15,0.2,,0.2,0.0676,0.7,0.8,0.800000011920929,0.4472,False,,,0,,,,,,,,,,,,,,,,,,,0.46218488,0.36933047,0.3128655,0.24489796,0.14457831,0.4871795,True
Marcus Sasser,DET,159,18.1,-2.400000095367432,15.699999809265137,7.1,6.0,7.4,0.7276,1.5,1.2,1.4,0.3232,2.8,3.6,2.4,0.1587,11.4,10.8,11.2,0.3327,8.6,7.2,8.8,0.677,9.9,9.6,9.8,0.5381,0.4,0.2,0.5,0.2875,0.1,0.2,0.1,0.0773,1.1,1.8,1.2999999523162842,0.7161,False,,,0,,,,,,,,,,,,,,,,,,,0.46218488,0.36933047,0.30357143,0.42857143,0.11764706,0.5194805,True
Buddy Boeheim,OKC,13,7.1,-2.0999999046325684,5.0,2.1,2.4,1.0,0.0841,0.6,0.4,0.8,0.2498,,,0.9,0.1758,,,2.7,0.1827,,,1.8,0.1489,,,1.9,0.0523,,,0.0,0.2601,0.1,,0.0,0.1369,,,0.0,0.219,False,,,0,,,,,,,,,,,,,,,,,,,0.39215687,0.36933047,0.3128655,0.27381927,0.1875,0.5194805,True
Dalen Terry,PHI,178,15.3,-1.899999976158142,13.399999618530272,4.6,3.6,5.5,0.8498,1.8,1.4,2.0,0.3811,2.0,1.4,1.7,0.2741,8.4,6.4,9.2,0.5922,6.4,5.0,7.5,0.4771,6.6,5.0,7.2,0.7154,0.5,0.4,0.5,0.3411,0.4,0.2,0.2,0.0829,0.4,0.4,0.800000011920929,0.8068,False,,,0,,,,,,,,,,,,,,,,,,,0.4848485,0.3526971,0.3128655,0.24489796,0.14457831,0.5194805,True
Isaiah Wong,CHA,20,12.4,3.200000047683716,15.699999809265137,5.4,6.8,8.3,0.523,1.3,1.4,2.0,0.432,1.0,1.4,1.5,0.1696,7.7,9.6,11.8,0.2328,6.7,8.2,10.3,0.2462,6.4,8.2,9.8,0.3955,0.6,0.6,0.7,0.1979,,,0.3,0.1022,0.8,1.0,1.2000000476837158,0.45,False,,,0,,,,,,,,,,,,,,,,,,,0.46218488,0.36933047,0.3128655,0.24489796,0.14457831,0.4871795,True
Jacob Toppin,ATL,30,5.7,-2.5,3.200000047683716,2.7,4.6,2.2,0.4305,1.1,1.0,1.8,0.2824,0.3,0.6,0.5,0.2787,4.1,6.2,4.5,0.2041,3.8,5.6,4.0,0.2342,3.0,5.2,2.7,0.0544,0.2,,0.3,0.2654,0.1,0.2,0.2,0.0808,0.2,0.2,0.3000000119209289,0.4758,False,,,0,,,,,,,,,,,,,,,,,,,0.46218488,0.36933047,0.3184602,0.24489796,0.22222222,0.4871795,True
Peyton Watson,DEN,200,31.8,-3.200000047683716,28.600000381469727,18.6,13.8,14.7,0.4535,4.5,4.6,4.7,0.6026,2.9,2.8,3.0,0.5649,26.0,21.2,22.4,0.8378,23.1,18.4,19.4,0.4111,21.5,16.6,17.7,0.8446,0.6,0.6,0.6,0.1936,1.6,1.2,1.4,0.257,1.9,1.6,1.7999999523162842,0.7176,False,,,0,12.0,4.399999999999999,4.25,0.1500000953674316,3.0,-0.1,18.0,5.699999999999999,18.0,2.799999237060547,14.5,4.800000000000001,1.0,-0.3999999761581421,1.5,-0.1000000238418579,,,0.46218488,0.3526971,0.30357143,0.24489796,0.33333334,0.4871795,True
Tyrese Martin,PHI,104,11.4,-3.400000095367432,8.0,2.5,3.2,4.0,0.3705,1.7,1.8,2.0,0.3329,1.1,1.6,0.8,0.2874,5.3,6.6,6.8,0.4135,4.2,5.0,6.0,0.2668,3.6,4.8,4.8,0.0518,0.3,0.6,0.3,0.2447,0.2,0.4,0.2,0.1035,0.8,1.4,0.4000000059604645,0.2522,False,,,0,,,,,,,,,,,,,,,,,,,0.39215687,0.36933047,0.3128655,0.24489796,0.18181819,0.4871795,True
Alondes Williams,WAS,11,10.4,8.0,18.4,4.9,9.2,9.2,0.3278,2.2,4.4,4.0,0.3568,1.3,2.6,1.7,0.1262,8.4,16.2,14.9,0.0556,7.1,13.6,13.2,0.3551,6.2,11.8,10.9,0.0803,0.2,0.4,0.7,0.1766,0.4,0.8,0.6,0.1878,0.5,1.0,1.899999976158142,0.5609,False,,,0,,,,,,,,,,,,,,,,,,,0.46218488,0.36933047,0.3128655,0.23684211,0.33333334,0.42857143,True
Caleb Houstan,ATL,132,3.0,0.3000000119209289,3.299999952316284,1.1,0.4,3.0,0.1302,0.4,0.4,0.6,0.5575,,,0.8,0.4037,,,4.4,0.2314,,,3.6,0.5149,,,3.8,0.4692,,,0.4,0.2658,,,0.1,0.1411,0.1,,0.5,0.7726,False,,,0,,,,,,,,,,,,,,,,,,,0.46218488,0.36933047,0.3128655,0.24489796,0.14457831,0.4871795,True
Moussa Diabaté,CHA,149,27.8,-0.5,27.299999237060547,6.8,8.8,7.8,0.4134,8.9,9.4,9.6,0.587,2.4,2.0,2.2,0.3311,18.1,20.2,19.6,0.6038,15.7,18.2,17.4,0.3722,9.2,10.8,10.0,0.5448,1.3,1.4,1.0,0.2198,0.8,1.0,1.0,0.1691,1.3,1.2,1.2999999523162842,0.6495,False,,,0,,,,,,,,,,,,,,,,,,,0.46218488,0.36933047,0.3128655,0.5,0.33333334,0.5194805,True
Trayce Jackson-Davis,TOR,178,3.6,0.1000000014901161,3.700000047683716,0.9,1.0,3.1,0.1898,1.3,1.4,2.0,0.2996,0.3,0.6,0.6,0.3792,2.5,3.0,5.7,0.1132,2.2,2.4,5.1,0.0833,1.2,1.6,3.7,0.0758,0.1,0.2,0.3,0.1774,0.2,0.2,0.3,0.0984,0.2,0.4,0.3000000119209289,0.5236,False,,,0,,,,,,,,,,,,,,,,,,,0.46218488,0.3802817,0.3128655,0.23684211,0.14457831,0.4871795,True
Collin Gillespie,PHX,131,28.9,0.6000000238418579,29.5,9.9,11.2,11.1,0.2594,3.8,3.8,4.0,0.3537,4.8,5.4,4.9,0.2343,18.5,20.4,20.0,0.1065,13.7,15.0,15.1,0.1794,14.7,16.6,16.0,0.3095,1.0,0.6,1.0,0.3716,0.2,0.2,0.2,0.0741,1.1,1.4,1.2999999523162842,0.3981,False,,,0,,,,,,,,,,,,,,,,,,,0.46218488,0.36933047,0.30357143,0.5,0.14457831,0.4871795,True
Jake LaRavia,LAL,176,19.1,3.400000095367432,22.5,3.8,3.4,6.3,0.2157,2.9,2.4,3.8,0.3614,1.1,0.8,1.4,0.2774,7.8,6.6,11.5,0.1984,6.7,5.8,10.1,0.2866,4.9,4.2,7.7,0.1754,1.3,1.8,1.2,0.2915,0.5,0.4,0.4,0.0853,0.9,1.0,0.800000011920929,0.198,False,,,0,,,,,,,,,,,,,,,,,,,0.44444445,0.36933047,0.3128655,0.5,0.1875,0.4871795,True
David Roddy,DEN,99,9.9,-2.0,7.900000095367432,3.7,5.0,3.5,0.3018,2.2,1.6,2.2,0.359,0.7,0.8,0.8,0.2888,6.6,7.4,6.5,0.1474,5.9,6.6,5.7,0.1536,4.4,5.8,4.3,0.1502,0.3,0.6,0.3,0.2362,0.3,0.2,0.2,0.0477,0.3,0.4,0.3000000119209289,0.6382,False,,,0,,,,,,,,,,,,,,,,,,,0.46218488,0.36933047,0.3128655,0.24489796,0.14457831,0.42857143,True
Dominick Barlow,PHI,131,23.9,-2.799999952316284,21.100000381469727,7.6,5.0,5.2,0.3529,5.4,4.8,3.8,0.3327,2.0,2.2,1.2,0.4389,15.0,12.0,10.2,0.4479,13.0,9.8,9.0,0.7248,9.6,7.2,6.4,0.5199,0.6,0.2,0.5,0.3559,0.9,1.0,0.6,0.1287,1.0,0.2,0.5,0.2038,False,,,0,7.75,-4.15,2.5,1.0999999046325684,,,10.5,-2.1,9.5,-2.3000001907348637,9.0,-4.2,,,,,,,0.46218488,0.36933047,0.3128655,0.38,0.22222222,0.5194805,True
Keion Brooks Jr.,NOP,13,26.1,3.700000047683716,29.799999237060547,11.9,14.0,11.6,0.2298,4.4,5.6,4.6,0.3291,0.8,0.6,1.1,0.2521,17.1,20.2,17.3,0.2385,16.3,19.6,16.2,0.3178,12.7,14.6,12.7,0.2306,0.8,0.8,0.9,0.3793,0.8,0.6,1.0,0.1132,0.6,0.8,0.8999999761581421,0.4894,False,,,0,,,,,,,,,,,,,,,,,,,0.46218488,0.36933047,0.3128655,0.38,0.22222222,0.46666667,True
Javon Freeman-Liberty,TOR,21,22.3,-0.6000000238418579,21.700000762939453,10.1,8.0,6.8,0.2353,4.5,3.8,3.0,0.4274,1.8,0.8,1.9,0.2276,16.4,12.6,11.7,0.2786,14.6,11.8,9.8,0.1531,11.9,8.8,8.7,0.1984,0.7,0.4,0.5,0.2819,,,0.3,0.102,1.4,0.8,0.8999999761581421,0.5512,False,,,0,,,,,,,,,,,,,,,,,,,0.46218488,0.36933047,0.30357143,0.24489796,0.1875,0.5194805,True
Mouhamed Gueye,ATL,110,14.5,0.699999988079071,15.199999809265137,4.5,6.4,5.2,0.6601,3.2,4.4,3.5,0.7148,0.8,1.4,0.8,0.3219,8.5,12.2,9.5,0.6618,7.7,10.8,8.7,0.6752,5.3,7.8,6.0,0.483,0.8,0.6,0.9,0.1735,0.5,0.8,0.5,0.0984,0.3,0.6,0.5,0.5895,False,,,0,,,,,,,,,,,,,,,,,,,0.46218488,0.3802817,0.3128655,0.38,0.1875,0.4871795,True
Quenton Jackson,IND,72,16.0,-0.4000000059604645,15.600000381469728,6.3,6.6,6.8,0.2387,1.9,2.0,2.1,0.3315,3.2,3.4,2.9,0.2103,11.4,12.0,11.8,0.3866,8.2,8.6,8.9,0.3544,9.5,10.0,9.7,0.1406,0.3,0.4,0.4,0.1641,,,0.1,0.1153,1.2,1.8,1.100000023841858,0.4798,False,,,0,12.5,-6.7,4.0,-2.100000023841858,4.5,-1.7000000000000002,22.0,-11.5,16.5,-8.800000190734863,17.5,-8.9,1.0,-0.5999999940395355,0.5,-0.3999999985098839,1.5,-0.3999999761581421,0.46218488,0.36933047,0.296875,0.18811882,0.14457831,0.5194805,True
Vince Williams Jr.,UTA,118,18.6,0.0,18.600000381469727,8.1,5.4,10.0,0.7074,3.7,3.2,3.4,0.2624,3.2,3.0,3.1,0.2012,15.0,11.6,16.5,0.3522,11.8,8.6,13.4,0.6974,11.3,8.4,13.1,0.5875,0.7,0.2,0.7,0.3794,0.3,0.4,0.3,0.1187,1.4,1.2,1.7000000476837158,0.8226,False,,,0,,,,,,,,,,,,,,,,,,,0.4848485,0.36933047,0.3128655,0.38,0.1875,0.5194805,True
Luke Travers,CLE,23,9.2,-2.5,6.699999809265137,2.4,2.8,3.4,0.6757,2.1,2.0,2.5,0.28,0.9,1.0,0.6,0.1556,5.4,5.8,6.5,0.1347,4.5,4.8,5.9,0.1928,3.3,3.8,4.0,0.3162,0.6,0.6,0.4,0.331,0.4,,0.3,0.0996,0.2,0.2,0.5,0.6686,False,,,0,,,,,,,,,,,,,,,,,,,0.46218488,0.36933047,0.3128655,0.24489796,0.1875,0.42857143,True
Baylor Scheierman,BOS,100,27.3,-0.0,27.299999237060547,6.6,7.0,5.4,0.2073,5.5,4.0,4.9,0.3544,2.6,2.2,2.3,0.0778,14.7,13.2,12.6,0.1217,12.1,11.0,10.3,0.1614,9.2,9.2,7.7,0.1617,0.4,0.2,0.5,0.0841,,,0.2,0.0768,0.8,0.6,0.6000000238418579,0.2878,False,,,0,7.5,-2.3,4.25,0.4499998092651367,1.5,0.8999999999999999,14.5,-2.1999999999999997,9.5,0.3999996185302734,9.5,-1.9000000000000004,1.5,-1.0,0.5,-0.2999999970197677,0.5,0.1000000238418579,0.46218488,0.36933047,0.3128655,0.18811882,0.14457831,0.4871795,True
Pete Nance,MIL,62,23.1,7.0,30.100000381469727,4.8,6.4,10.2,0.9359,3.5,4.6,4.2,0.6972,1.5,2.2,1.6,0.184,9.8,13.2,16.0,0.6007,8.3,11.0,14.4,0.7617,6.3,8.6,11.8,0.8529,0.2,0.4,0.6,0.1586,0.5,0.6,0.5,0.1149,0.6,0.6,1.399999976158142,0.7237,False,,,0,,,,,,,,,,,,,,,,,,,0.46218488,0.3802817,0.3128655,0.24489796,0.1875,0.4871795,True
Kenneth Lofton Jr.,UTA,20,9.4,8.0,17.4,5.9,10.0,7.8,0.2235,2.5,4.4,3.5,0.2512,1.5,2.6,2.9,0.341,9.9,17.0,14.2,0.0489,8.4,14.4,11.3,0.2776,7.4,12.6,10.7,0.1487,0.4,0.6,0.7,0.2137,0.1,0.2,0.4,0.1163,0.7,1.4,1.100000023841858,0.5312,False,,,0,,,,,,,,,,,,,,,,,,,0.46218488,0.36933047,0.2413793,0.24489796,0.14457831,0.42857143,True
Karlo Matković,NOP,103,17.4,0.3000000119209289,17.700000762939453,7.2,6.6,6.5,0.5113,4.5,3.6,4.7,0.4088,0.5,0.4,0.9,0.0814,12.2,10.6,12.1,0.272,11.7,10.2,11.2,0.5573,7.7,7.0,7.4,0.42,0.7,0.8,0.6,0.1665,0.7,0.8,0.8,0.067,0.4,0.6,0.5,0.6776,False,,,0,,,,,,,,,,,,,,,,,,,0.46218488,0.3526971,0.3128655,0.24489796,0.22222222,0.4871795,True
Jermaine Samuels Jr.,HOU,13,3.6,-0.0,3.5,1.4,1.6,0.5,0.0432,0.9,0.4,1.0,0.2681,0.2,,0.1,0.2901,2.5,,1.6,0.1255,2.3,,1.5,0.0729,1.6,,0.6,0.0829,0.1,,0.1,0.2177,,,0.1,0.1388,,,0.0,0.1907,False,,,0,,,,,,,,,,,,,,,,,,,0.46218488,0.3802817,0.4375,0.32477364,0.14457831,0.46666667,True
AJ Green,MIL,199,22.5,5.099999904632568,27.600000381469727,8.0,10.0,12.5,0.8046,2.7,3.2,3.1,0.6341,1.9,3.0,2.0,0.1106,12.6,16.2,17.6,0.4994,10.7,13.2,15.6,0.6208,9.9,13.0,14.5,0.5274,0.4,0.6,0.8,0.173,0.2,0.4,0.3,0.0975,0.9,0.8,1.2999999523162842,0.6739,False,,,0,,,,,,,,,,,,,,,,,,,0.46218488,0.36933047,0.30357143,0.18811882,0.18181819,0.42857143,True
Jules Bernard,WAS,18,8.9,-3.700000047683716,5.199999809265137,5.0,2.4,5.3,0.366,1.4,1.2,2.0,0.2565,0.8,0.2,0.7,0.2555,7.2,3.8,8.0,0.2838,6.4,3.6,7.3,0.371,5.8,2.6,6.0,0.1952,0.1,,0.3,0.2517,,,0.1,0.0989,0.4,0.4,0.5,0.6251,False,,,0,,,,,,,,,,,,,,,,,,,0.46218488,0.36933047,0.3128655,0.23684211,0.22222222,0.4871795,True
Jamal Cain,ORL,95,17.7,-0.2000000029802322,17.5,8.3,8.6,6.4,0.3363,3.5,4.4,3.1,0.2194,1.0,1.4,1.0,0.2133,12.8,14.4,10.5,0.0913,11.8,13.0,9.5,0.153,9.3,10.0,7.4,0.1545,0.2,,0.4,0.1233,0.1,,0.2,0.0515,1.0,1.4,0.6000000238418579,0.1745,False,,,0,7.5,-0.7999999999999998,4.0,-0.5999999046325684,1.5,-0.3999999999999999,11.5,-0.3000000000000007,12.0,-1.8999996185302732,9.5,-1.7000000000000002,1.0,-0.5999999940395355,0.5,-0.2999999970197677,0.5,0.1000000238418579,0.46218488,0.3526971,0.3128655,0.10714286,0.14457831,0.42857143,True
Justin Minaya,POR,52,6.2,4.199999809265137,10.399999618530272,1.3,2.2,2.6,0.4576,0.4,0.6,1.6,0.3782,0.3,0.6,0.7,0.212,2.0,3.4,4.9,0.2167,1.7,2.8,4.2,0.3465,1.6,2.8,3.3,0.0933,0.4,0.8,0.5,0.2311,0.1,0.2,0.2,0.1415,0.3,0.6,0.5,0.7156,False,,,0,,,,,,,,,,,,,,,,,,,0.46218488,0.36933047,0.3128655,0.24489796,0.14457831,0.42857143,True
Cole Swider,TOR,27,14.6,2.0999999046325684,16.700000762939453,5.1,7.8,6.5,0.3525,2.4,3.8,2.6,0.359,0.1,,0.6,0.1501,7.6,,9.7,0.0334,7.5,,9.1,0.3184,5.2,,7.1,0.0417,0.4,0.6,0.6,0.1494,0.1,,0.3,0.1012,0.3,0.6,0.6000000238418579,0.3478,False,,,0,,,,,,,,,,,,,,,,,,,0.46218488,0.36933047,0.30357143,0.24489796,0.22222222,0.42857143,True
Lester Quinones,NOP,49,14.5,8.0,22.5,6.6,10.0,8.7,0.3308,1.1,1.8,2.1,0.2117,1.7,3.2,2.4,0.2565,9.4,15.0,13.2,0.089,7.7,11.8,10.8,0.232,8.3,13.2,11.1,0.1276,0.3,0.4,0.6,0.2143,0.2,0.2,0.4,0.2566,1.4,1.8,1.600000023841858,0.2882,False,,,0,,,,,,,,,,,,,,,,,,,0.46218488,0.36933047,0.17391305,0.18811882,0.22222222,0.4871795,True
Sidy Cissoko,POR,103,15.3,-1.7999999523162842,13.5,3.5,3.0,3.6,0.1931,2.3,2.8,1.6,0.505,2.1,2.2,1.6,0.2859,7.9,8.0,6.8,0.2284,5.8,5.8,5.2,0.4539,5.6,5.2,5.2,0.2621,0.3,0.2,0.5,0.303,0.3,0.4,0.3,0.1119,0.8,1.2,0.4000000059604645,0.3659,False,,,0,,,,,,,,,,,,,,,,,,,0.46218488,0.36933047,0.3128655,0.40153325,0.14457831,0.5194805,True
Simone Fontecchio,MIA,207,17.0,-3.700000047683716,13.300000190734863,8.9,8.2,7.9,0.5504,2.4,2.2,2.4,0.3427,1.2,1.4,1.1,0.2119,12.5,11.8,11.4,0.5717,11.3,10.4,10.3,0.6588,10.1,9.6,9.0,0.3127,0.5,0.6,0.4,0.0987,,,0.1,0.1368,0.5,0.4,0.5,0.5427,False,,,0,,,,,,,,,,,,,,,,,,,0.46218488,0.36933047,0.3128655,0.38,0.1875,0.46666667,True
Mouhamadou Gueye,TOR,10,9.7,0.4000000059604645,10.100000381469728,2.3,3.2,3.1,0.3668,1.9,2.4,3.3,0.3581,0.4,0.8,0.7,0.3528,4.6,6.4,7.1,0.1752,4.2,5.6,6.4,0.252,2.7,4.0,3.8,0.0845,0.2,0.2,0.3,0.2083,1.5,1.6,1.8,0.1519,1.2,1.6,0.8999999761581421,0.3684,False,,,0,,,,,,,,,,,,,,,,,,,0.46218488,0.36933047,0.3128655,0.24489796,0.2857143,0.46666667,True
Daeqwon Plowden,SAC,31,31.6,-0.800000011920929,30.799999237060547,15.7,18.6,11.4,0.1896,3.3,2.2,3.9,0.3601,0.9,0.6,1.1,0.3253,19.9,21.4,16.4,0.0843,19.0,20.8,15.3,0.1036,16.6,19.2,12.5,0.0938,1.1,0.8,0.9,0.3022,,,0.2,0.089,1.1,1.4,1.100000023841858,0.494,False,,,0,,,,,,,,,,,,,,,,,,,0.39215687,0.3526971,0.3128655,0.54806507,0.1875,0.4871795,True
Jacob Gilyard,BKN,40,19.9,-8.0,11.9,6.1,1.2,4.6,0.3381,1.5,1.4,1.3,0.3834,3.8,2.6,3.0,0.6346,11.4,5.2,8.9,0.4154,7.6,2.6,5.9,0.5333,9.9,3.8,7.6,0.388,1.0,0.8,0.7,0.4674,0.2,,0.1,0.1138,1.1,0.4,0.6000000238418579,0.61,False,,,0,,,,,,,,,,,,,,,,,,,0.46218488,0.3526971,0.3128655,0.5,0.22222222,0.5194805,True
Javonte Cooke,POR,18,3.8,0.3000000119209289,4.099999904632568,1.1,0.4,6.4,0.3386,0.9,1.4,2.1,0.3997,,,1.2,0.2904,,,9.7,0.316,,,8.5,0.4938,,,7.6,0.4558,0.2,,0.3,0.3134,,,0.1,0.1622,0.4,0.6,1.100000023841858,0.5481,False,,,0,,,,,,,,,,,,,,,,,,,0.46218488,0.3526971,0.3128655,0.24489796,0.14457831,0.42857143,True
Nate Williams,GSW,52,13.5,-3.299999952316284,10.199999809265137,6.8,5.0,4.8,0.2438,1.7,1.4,1.5,0.2626,0.9,0.6,0.8,0.2,9.4,7.0,7.1,0.2405,8.5,6.4,6.3,0.1659,7.7,5.6,5.6,0.0978,0.3,0.2,0.3,0.1187,,,0.2,0.1432,0.8,0.8,0.5,0.5923,False,,,0,,,,,,,,,,,,,,,,,,,0.46218488,0.3526971,0.3128655,0.24489796,0.33333334,0.46666667,True
Victor Wembanyama,SAS,176,29.9,0.800000011920929,30.700000762939453,26.1,24.4,35.1,0.8852,11.7,13.0,12.5,0.5798,3.7,4.0,3.5,0.1934,41.5,41.4,51.1,0.7011,37.8,37.4,47.6,0.6047,29.8,28.4,38.6,0.5819,1.5,1.8,1.4,0.4929,3.4,3.8,3.8,0.3403,2.3,2.4,2.799999952316284,0.3582,False,,,0,24.75,12.450000000000005,12.75,-0.0500001907348632,4.0,-0.6000000000000001,40.5,12.799999999999995,39.5,10.400001525878906,31.75,8.850000000000001,2.5,-1.100000023841858,4.5,-0.7000000476837158,2.5,0.2999999523162842,0.46218488,0.36933047,0.3128655,0.24489796,0.33333334,0.42857143,True
Brandon Miller,CHA,159,31.3,0.699999988079071,32.0,18.8,19.6,21.8,0.589,5.4,6.0,5.6,0.29,3.8,3.2,3.6,0.4226,28.0,28.8,31.0,0.2635,24.2,25.6,27.4,0.3955,22.6,22.8,25.4,0.4979,0.8,0.2,0.9,0.2329,0.1,0.2,0.3,0.1268,2.0,1.6,1.899999976158142,0.16,False,,,0,,,,,,,,,,,,,,,,,,,0.46218488,0.36933047,0.3128655,0.5,0.18181819,0.4871795,True
Taylor Hendricks,MEM,98,26.2,0.4000000059604645,26.600000381469727,10.3,8.4,7.3,0.2033,5.1,5.2,4.6,0.5535,1.1,1.2,1.4,0.3588,16.5,14.8,13.3,0.4354,15.4,13.6,11.9,0.2742,11.4,9.6,8.7,0.0958,1.8,1.4,1.4,0.415,1.3,1.0,1.1,0.112,1.4,1.2,1.100000023841858,0.3856,False,,,0,,,,,,,,,,,,,,,,,,,0.46218488,0.36933047,0.4375,0.5960731,0.14457831,0.4871795,True
Amen Thompson,HOU,203,38.4,-0.800000011920929,37.59999847412109,18.8,18.0,18.9,0.8305,9.3,9.2,8.7,0.5237,4.8,4.6,5.2,0.3274,32.9,31.8,32.8,0.6754,28.1,27.2,27.6,0.3873,23.6,22.6,24.1,0.5082,1.2,1.4,1.3,0.3661,0.7,1.2,0.9,0.2185,2.0,1.8,1.7000000476837158,0.1469,False,,,0,16.5,0.1000000000000014,8.5,0.1000003814697265,5.25,-0.0499999999999998,31.5,-1.1000000000000014,24.5,0.7000007629394531,21.5,0.3000000000000007,1.5,-0.2000000476837158,1.0,-0.1000000238418579,,,0.4848485,0.36933047,0.296875,0.24489796,0.1875,0.5194805,True
Ausar Thompson,DET,188,25.4,1.600000023841858,27.0,7.7,9.8,9.8,0.3492,4.6,5.2,5.6,0.3838,2.5,2.6,3.3,0.4183,14.8,17.6,18.7,0.3973,12.3,15.0,15.4,0.5748,10.2,12.4,13.1,0.3274,2.4,3.0,2.3,0.3277,1.0,1.0,1.0,0.12,1.6,1.2,1.600000023841858,0.7418,False,,,0,,,,,,,,,,,,,,,,,,,0.4848485,0.3526971,0.3128655,0.5,0.22222222,0.5194805,True
Anthony Black,ORL,206,31.4,-3.0999999046325684,28.299999237060547,14.3,9.0,12.1,0.5341,3.0,2.8,3.1,0.6598,3.1,2.8,3.3,0.2779,20.4,14.6,18.5,0.6473,17.3,11.8,15.2,0.4352,17.4,11.8,15.4,0.3894,1.9,1.6,1.4,0.404,0.6,0.6,0.9,0.1452,1.4,1.6,1.100000023841858,0.3159,False,,,0,,,,,,,,,,,,,,,,,,,0.46218488,0.25,0.3128655,0.38,0.2857143,0.5194805,True
Gradey Dick,TOR,183,11.5,0.4000000059604645,11.899999618530272,7.0,6.8,4.5,0.1541,1.3,1.8,1.0,0.1306,1.2,1.6,0.8,0.2684,9.5,10.2,6.3,0.2142,8.3,8.6,5.5,0.0867,8.2,8.4,5.3,0.0451,0.4,0.4,0.3,0.3054,0.1,0.2,0.1,0.0547,0.7,0.8,0.4000000059604645,0.0846,False,,,0,,,,,,,,,,,,,,,,,,,0.46218488,0.3526971,0.3128655,0.24489796,0.14457831,0.4871795,True
Rayan Rupert,MEM,150,29.2,-1.7999999523162842,27.399999618530277,9.7,10.0,7.3,0.1896,5.1,5.2,3.9,0.4333,1.1,1.2,1.2,0.4553,15.9,16.4,12.4,0.3457,14.8,15.2,11.2,0.5041,10.8,11.2,8.5,0.3429,1.2,1.0,1.1,0.5767,0.4,0.4,0.4,0.2783,1.2,1.6,1.0,0.7782,False,,,0,,,,,,,,,,,,,,,,,,,0.39215687,0.36933047,0.3128655,0.5,0.1875,0.42857143,True
GG Jackson,MEM,128,26.5,1.5,28.0,17.2,17.8,16.1,0.6671,4.5,4.2,5.4,0.5487,1.6,1.2,1.9,0.4335,23.3,23.2,23.4,0.5281,21.7,22.0,21.5,0.6771,18.8,19.0,18.0,0.6259,0.3,0.4,0.6,0.2332,0.6,0.4,0.7,0.1177,2.1,1.8,2.200000047683716,0.5811,False,,,0,17.5,1.6000000000000014,4.5,0.8000001907348633,1.5,0.3999999999999999,23.0,3.3000000000000007,21.5,2.899999618530273,18.5,2.5,1.0,-0.3999999761581421,1.0,-0.3000000119209289,2.5,-0.2999999523162842,0.46218488,0.36933047,0.3128655,0.18811882,0.2857143,0.5194805,True
Cam Whitmore,WAS,118,18.3,-0.3000000119209289,18.0,11.0,9.8,11.0,0.7045,3.5,4.0,3.1,0.5508,0.8,0.6,0.8,0.3896,15.3,14.4,14.9,0.2737,14.5,13.8,14.1,0.5713,11.8,10.4,11.8,0.6852,0.6,0.4,0.6,0.2586,0.5,0.6,0.4,0.0729,0.8,0.8,0.800000011920929,0.6931,False,,,0,,,,,,,,,,,,,,,,,,,0.46218488,0.3526971,0.3128655,0.38,0.33333334,0.5194805,True
Jarace Walker,IND,180,32.7,0.2000000029802322,32.900001525878906,14.8,16.4,16.2,0.756,6.2,5.4,6.7,0.4965,3.1,3.4,3.3,0.2593,24.1,25.2,26.2,0.4249,21.0,21.8,22.9,0.5982,17.9,19.8,19.5,0.6053,0.8,0.4,1.0,0.3341,0.2,0.2,0.3,0.0689,1.9,2.2,2.299999952316284,0.4652,False,,,0,,,,,,,,,,,,,,,,,,,0.46218488,0.36933047,0.3128655,0.5,0.1875,0.5194805,True
Cason Wallace,OKC,222,23.1,0.5,23.600000381469727,6.9,8.4,9.7,0.932,2.9,2.6,3.3,0.5269,2.4,1.8,3.1,0.1734,12.2,12.8,16.1,0.1821,9.8,11.0,13.0,0.3816,9.3,10.2,12.8,0.2179,1.5,1.2,1.5,0.2395,0.9,0.6,0.7,0.0698,0.5,0.4,0.8999999761581421,0.5914,False,,,0,,,,,,,,,,,,,,,,,,,0.46218488,0.3526971,0.3128655,0.5,0.2857143,0.5194805,True
Keyonte George,UTA,195,28.5,0.3000000119209289,28.799999237060547,21.2,24.0,19.5,0.2356,2.7,2.0,2.4,0.608,3.9,2.8,4.8,0.3901,27.8,28.8,26.7,0.2058,23.9,26.0,21.9,0.2602,25.1,26.8,24.3,0.2615,1.2,1.0,1.2,0.3574,0.2,,0.5,0.1981,1.6,1.4,2.0999999046325684,0.8378,False,,,0,,,,,,,,,,,,,,,,,,,0.46218488,0.3526971,0.4375,0.38,0.33333334,0.5194805,True
Jalen Hood-Schifino,PHI,35,23.0,1.600000023841858,24.600000381469727,7.1,7.8,8.2,0.6251,1.9,2.6,2.1,0.4961,2.9,3.4,2.7,0.3792,11.9,13.8,13.0,0.2452,9.0,10.4,10.3,0.533,10.0,11.2,10.9,0.2552,0.5,0.4,0.6,0.4344,0.5,0.2,0.4,0.1945,1.4,1.4,1.399999976158142,0.5725,False,,,0,,,,,,,,,,,,,,,,,,,0.39215687,0.36933047,0.3128655,0.24489796,0.14457831,0.46666667,True
Maxwell Lewis,BKN,61,18.9,0.699999988079071,19.600000381469727,7.0,9.2,3.6,0.1335,3.5,4.2,2.6,0.2034,1.1,1.6,0.9,0.1136,11.6,15.0,7.1,0.1589,10.5,13.4,6.2,0.0728,8.1,10.8,4.5,0.1247,0.4,0.4,0.3,0.2475,0.6,0.6,0.4,0.0672,1.0,1.2,0.4000000059604645,0.1633,False,,,0,,,,,,,,,,,,,,,,,,,0.4848485,0.36933047,0.3128655,0.24489796,0.1875,0.46666667,True
Jordan Hawkins,NOP,168,6.6,8.0,14.6,2.7,4.2,4.7,0.3774,0.7,1.4,2.0,0.5034,0.4,0.6,0.9,0.1295,3.8,6.2,7.6,0.0984,3.4,5.6,6.7,0.2231,3.1,4.8,5.6,0.0698,0.1,0.2,0.5,0.1802,0.1,0.2,0.3,0.1421,0.2,0.2,0.6000000238418579,0.3155,False,,,0,,,,,,,,,,,,,,,,,,,0.46218488,0.36933047,0.3128655,0.18811882,0.11764706,0.46666667,True
Kobe Bufkin,LAL,39,7.2,-1.899999976158142,5.300000190734863,3.2,2.8,3.1,0.2782,0.5,0.4,0.9,0.2703,0.4,0.4,0.7,0.367,4.1,3.6,4.7,0.145,3.7,3.2,4.0,0.0779,3.6,3.2,3.8,0.4077,0.1,,0.1,0.2983,0.2,,0.1,0.0813,0.3,,0.4000000059604645,0.6534,False,,,0,,,,,,,,,,,,,,,,,,,0.46218488,0.3802817,0.3128655,0.38,0.14457831,0.5194805,True
Jett Howard,ORL,130,16.3,-0.4000000059604645,15.899999618530272,6.6,6.0,8.2,0.8015,2.0,1.2,2.2,0.4853,0.8,0.8,0.8,0.1661,9.4,8.0,11.2,0.2398,8.6,7.2,10.4,0.6715,7.4,6.8,9.0,0.5376,0.3,,0.4,0.1831,0.1,,0.2,0.089,0.4,0.4,0.6000000238418579,0.5465,False,,,0,,,,,,,,,,,,,,,,,,,0.46218488,0.36933047,0.3128655,0.24489796,0.14457831,0.5194805,True
Trey Alexander,NOP,28,7.8,-2.799999952316284,5.0,2.8,3.2,1.1,0.2053,0.7,1.0,0.8,0.1296,0.9,1.0,0.6,0.2302,4.4,5.2,2.5,0.1191,3.5,4.2,1.9,0.1606,3.7,4.2,1.7,0.0857,0.2,0.4,0.2,0.3267,0.1,0.2,0.1,0.1349,0.3,0.2,0.1000000014901161,0.2168,False,,,0,,,,,,,,,,,,,,,,,,,0.46218488,0.36933047,0.3128655,0.24489796,0.14457831,0.4871795,True
Dereck Lively II,DAL,97,16.1,0.6000000238418579,16.700000762939453,4.8,4.4,4.7,0.1119,5.2,6.2,6.5,0.4256,1.2,1.6,1.5,0.2603,11.2,12.2,12.7,0.1457,10.0,10.6,11.2,0.1994,6.0,6.0,6.2,0.1956,0.6,0.6,0.5,0.4084,1.2,2.0,1.5,0.1767,1.1,1.6,0.699999988079071,0.3598,False,,,0,,,,,,,,,,,,,,,,,,,0.46218488,0.36933047,0.3128655,0.42857143,0.22222222,0.4871795,True
Dariq Whitehead,BKN,21,17.9,0.5,18.399999618530277,7.5,10.0,5.6,0.4001,2.2,2.6,2.5,0.2312,1.1,1.4,1.0,0.173,10.8,14.0,9.1,0.1827,9.7,12.6,8.1,0.2559,8.6,11.4,6.6,0.1704,0.3,0.4,0.5,0.212,,,0.3,0.1676,0.9,1.4,0.699999988079071,0.351,False,,,0,,,,,,,,,,,,,,,,,,,0.46218488,0.36933047,0.3128655,0.24489796,0.14457831,0.42857143,True
Brice Sensabaugh,UTA,172,28.0,2.0,30.0,23.8,25.2,18.8,0.3325,3.4,3.6,3.8,0.4668,2.7,2.4,2.8,0.4556,29.9,31.2,25.4,0.2378,27.2,28.8,22.6,0.2179,26.5,27.6,21.6,0.2322,1.1,1.0,1.0,0.2373,0.3,,0.3,0.248,3.0,3.6,2.700000047683716,0.3247,False,,,0,21.5,1.0,4.0,0.0,3.5,-0.3999999999999999,27.0,2.6000000000000014,27.0,-0.5,27.0,-1.3999999999999986,1.0,0.0,0.5,-0.199999988079071,1.5,1.2000000476837158,0.46218488,0.3526971,0.3128655,0.24489796,0.1875,0.4871795,True
Noah Clowney,BKN,133,22.1,-1.5,20.600000381469727,10.7,7.6,8.5,0.1849,4.5,4.4,3.8,0.4322,1.5,1.0,1.3,0.3974,16.7,13.0,13.6,0.366,15.2,12.0,12.3,0.1409,12.2,8.6,9.8,0.2322,0.9,0.8,0.7,0.2403,0.5,0.4,0.4,0.114,1.2,0.8,0.699999988079071,0.5208,False,,,0,,,,,,,,,,,,,,,,,,,0.4848485,0.36933047,0.3128655,0.38,0.14457831,0.5194805,True
Bilal Coulibaly,WAS,173,28.8,-3.900000095367432,24.899999618530277,16.0,17.4,11.1,0.6718,4.7,5.0,4.1,0.6005,3.1,3.0,2.6,0.4696,23.8,25.4,17.8,0.4266,20.7,22.4,15.2,0.4807,19.1,20.4,13.7,0.4322,1.4,1.6,1.1,0.2714,0.8,1.0,0.7,0.0714,1.6,1.6,1.7000000476837158,0.7889,False,,,0,13.5,-1.6999999999999993,4.25,-0.25,3.0,-0.5,20.5,-2.1999999999999997,16.0,-0.1999998092651367,17.5,-3.1999999999999997,1.5,-0.3999999761581421,1.5,-0.800000011920929,1.5,0.2000000476837158,0.46218488,0.36933047,0.30357143,0.42857143,0.22222222,0.5194805,True
Colby Jones,DET,69,31.3,-3.900000095367432,27.399999618530277,9.5,9.4,7.0,0.8528,5.1,6.4,3.4,0.5658,2.8,3.6,2.1,0.4271,17.4,19.4,12.5,0.4005,14.6,15.8,10.4,0.6237,12.3,13.0,9.1,0.6081,1.4,1.4,1.0,0.5127,0.5,0.4,0.5,0.2354,1.4,1.6,1.2999999523162842,0.5171,False,,,0,,,,,,,,,,,,,,,,,,,0.39215687,0.36933047,0.3128655,0.42857143,0.1875,0.4871795,True
Nick Smith Jr.,LAL,135,7.2,-1.399999976158142,5.800000190734863,2.5,2.8,6.2,0.3877,0.1,,1.8,0.6127,0.9,1.0,0.6,0.2436,3.5,,8.6,0.1456,2.6,,8.0,0.1469,3.4,,6.8,0.2376,,,0.4,0.2891,,,0.1,0.0874,0.4,0.6,0.4000000059604645,0.5596,False,,,0,,,,,,,,,,,,,,,,,,,0.46218488,0.36933047,0.3128655,0.23684211,0.22222222,0.42857143,True
Emoni Bates,CLE,24,6.2,-1.7999999523162842,4.5,1.9,2.4,6.3,0.4042,0.4,0.2,1.7,0.2988,0.9,0.8,0.8,0.2581,3.2,3.4,8.8,0.3022,2.3,2.6,8.0,0.1174,2.8,3.2,7.1,0.3255,0.1,0.2,0.2,0.235,,,0.2,0.1134,0.6,,0.5,0.7045,False,,,0,,,,,,,,,,,,,,,,,,,0.46218488,0.36933047,0.3128655,0.24489796,0.14457831,0.4871795,True
Reece Beekman,BKN,35,18.5,2.900000095367432,21.299999237060547,3.3,4.4,4.1,0.0537,2.0,2.2,2.4,0.234,2.7,4.4,2.8,0.2248,8.0,11.0,9.3,0.2293,5.3,6.6,6.5,0.1654,6.0,8.8,6.9,0.1404,1.6,2.2,1.5,0.3489,,,0.3,0.1167,0.7,1.0,0.800000011920929,0.1263,False,,,0,,,,,,,,,,,,,,,,,,,0.46218488,0.36933047,0.3128655,0.30585638,0.14457831,0.5194805,True
Adem Bona,PHI,122,19.7,-3.0999999046325684,16.600000381469727,6.2,6.6,3.7,0.1476,5.7,5.6,4.6,0.5878,0.5,0.6,0.6,0.3075,12.4,12.8,8.9,0.1945,11.9,12.2,8.3,0.3036,6.7,7.2,4.3,0.3441,0.7,0.8,0.4,0.1951,1.3,1.2,1.1,0.1302,0.9,1.0,0.4000000059604645,0.3847,False,,,0,8.5,-5.5,7.5,-3.5,1.0,-0.4,17.5,-9.9,14.5,-7.5,8.5,-4.9,1.5,-1.0999999940395355,2.5,-1.399999976158142,0.5,-0.0999999940395355,0.46218488,0.3526971,0.3128655,0.18811882,0.18181819,0.5194805,True
Kobe Brown,IND,138,21.3,-1.5,19.799999237060547,7.8,8.2,6.6,0.7515,3.6,2.2,4.0,0.3315,1.4,1.2,1.4,0.1267,12.8,11.6,12.0,0.4824,11.4,10.4,10.6,0.417,9.2,9.4,8.0,0.3528,0.4,0.6,0.5,0.1308,0.5,0.6,0.4,0.0467,1.5,1.4,0.8999999761581421,0.642,False,,,0,,,,,,,,,,,,,,,,,,,0.46218488,0.36933047,0.3128655,0.38,0.1875,0.5194805,True
Toumani Camara,POR,224,29.9,0.699999988079071,30.600000381469727,14.5,18.4,17.5,0.7885,3.9,4.6,4.9,0.5954,2.1,2.0,2.2,0.3488,20.5,25.0,24.6,0.7059,18.4,23.0,22.4,0.6586,16.6,20.4,19.7,0.5231,1.4,1.6,1.4,0.4303,0.4,0.4,0.4,0.0976,1.5,1.4,1.399999976158142,0.2145,False,,,0,,,,,,,,,,,,,,,,,,,0.46218488,0.36933047,0.3128655,0.42857143,0.14457831,0.5194805,True
Jaylen Clark,MIN,102,7.6,4.0,11.600000381469728,4.1,5.8,5.7,0.333,1.3,2.0,2.1,0.29,0.4,0.6,0.7,0.2367,5.8,8.4,8.5,0.0812,5.4,7.8,7.8,0.313,4.5,6.4,6.4,0.3166,0.2,,0.4,0.2244,,,0.2,0.0926,0.4,0.4,0.699999988079071,0.4148,False,,,0,,,,,,,,,,,,,,,,,,,0.46218488,0.36933047,0.30357143,0.18811882,0.14457831,0.42857143,True
Ricky Council IV,PHI,104,24.7,1.7000000476837158,26.299999237060547,9.6,6.0,9.9,0.3862,5.6,4.4,5.5,0.4519,2.3,1.4,2.1,0.4071,17.5,11.8,17.5,0.2342,15.2,10.4,15.4,0.3378,11.9,7.4,12.0,0.5186,0.2,0.2,0.5,0.2389,0.1,,0.2,0.1409,1.3,1.6,1.100000023841858,0.4372,False,,,0,,,,,,,,,,,,,,,,,,,0.4848485,0.36933047,0.3128655,0.24489796,0.33333334,0.5194805,True
Zach Edey,MEM,76,26.2,1.7999999523162842,28.0,13.8,17.4,15.4,0.7648,11.2,14.8,11.6,0.4275,0.9,0.8,1.4,0.158,25.9,33.0,28.4,0.6584,25.0,32.2,27.0,0.8886,14.7,18.2,16.8,0.7914,0.7,0.4,0.8,0.1462,2.1,2.6,2.2,0.1952,2.0,2.4,2.799999952316284,0.5535,False,,,0,,,,,,,,,,,,,,,,,,,0.46218488,0.36933047,0.3128655,0.42857143,0.2857143,0.4871795,True
Adam Flagler,OKC,38,7.7,7.199999809265137,14.899999618530272,2.9,3.8,4.2,0.3148,1.7,1.8,2.2,0.3972,1.2,0.8,1.3,0.1768,5.8,6.4,7.7,0.044,4.6,5.6,6.4,0.2836,4.1,4.6,5.5,0.1815,0.3,0.2,0.5,0.1914,0.1,,0.2,0.1259,0.3,0.2,0.6000000238418579,0.5904,False,,,0,,,,,,,,,,,,,,,,,,,0.46218488,0.36933047,0.3128655,0.18811882,0.1875,0.42857143,True
DaRon Holmes II,DEN,20,6.9,-2.5,4.400000095367432,3.9,5.0,4.6,0.3012,1.3,1.2,1.7,0.3978,0.3,0.2,0.7,0.2808,5.5,6.4,7.0,0.1389,5.2,6.2,6.3,0.167,4.2,5.2,5.3,0.4109,,,0.2,0.186,,,0.2,0.0901,0.7,1.2,0.8999999761581421,0.6219,False,,,0,,,,,,,,,,,,,,,,,,,0.39215687,0.36933047,0.3128655,0.24489796,0.1875,0.5194805,True
Andre Jackson Jr.,MIL,165,11.2,8.0,19.2,4.2,7.4,4.2,0.0603,2.1,3.0,2.5,0.1472,0.8,1.4,1.1,0.165,7.1,11.8,7.8,0.112,6.3,10.4,6.7,0.0818,5.0,8.8,5.3,0.077,0.7,1.4,0.9,0.1897,,,0.3,0.0658,1.2,2.0,0.8999999761581421,0.0639,False,,,0,,,,,,,,,,,,,,,,,,,0.46218488,0.36933047,0.2413793,0.24489796,0.14457831,0.466605,True
Ryan Kalkbrenner,CHA,62,17.8,-0.3000000119209289,17.5,7.1,5.2,6.2,0.3641,3.7,2.6,5.1,0.4808,0.7,0.8,1.0,0.2605,11.5,8.6,12.3,0.3057,10.8,7.8,11.3,0.6841,7.8,6.0,7.2,0.1958,0.1,,0.4,0.2248,1.2,1.2,1.2,0.1015,1.0,1.2,1.0,0.5237,False,,,0,,,,,,,,,,,,,,,,,,,0.46218488,0.3526971,0.3128655,0.38,0.2857143,0.5194805,True
Bobi Klintman,DET,19,6.4,-1.7999999523162842,4.599999904632568,1.8,0.6,2.0,0.5696,1.5,0.4,1.5,0.6029,0.6,0.4,0.6,0.3334,3.9,1.4,4.1,0.3816,3.3,1.0,3.5,0.3224,2.4,1.0,2.6,0.1514,0.1,0.2,0.2,0.2218,,,0.2,0.1437,0.6,0.2,0.3000000119209289,0.5362,False,,,0,,,,,,,,,,,,,,,,,,,0.46218488,0.36933047,0.3128655,0.24489796,0.1875,0.5194805,True
Chris Livingston,CLE,44,5.5,0.2000000029802322,5.699999809265137,2.2,3.0,2.1,0.4058,1.6,2.8,1.8,0.3309,0.4,0.8,0.3,0.1555,4.2,6.6,4.2,0.1723,3.8,5.8,3.9,0.4573,2.6,3.8,2.4,0.1756,0.2,0.2,0.2,0.248,,,0.2,0.1893,0.1,0.2,0.5,0.6943,False,,,0,,,,,,,,,,,,,,,,,,,0.46218488,0.3802817,0.3128655,0.23684211,0.18181819,0.46666667,True
Kevin McCullar Jr.,NYK,23,4.3,-1.2999999523162842,3.0,0.6,0.8,1.8,0.655,0.4,0.2,1.1,0.4127,0.5,,0.7,0.2576,1.5,,3.6,0.1574,1.0,,2.9,0.1994,1.1,,2.5,0.1626,0.2,0.2,0.3,0.2868,,,0.1,0.1729,0.4,0.2,0.5,0.551,False,,,0,,,,,,,,,,,,,,,,,,,0.46218488,0.36933047,0.41235322,0.24489796,0.22222222,0.4871795,True
Jordan Miller,LAC,98,24.5,-1.399999976158142,23.100000381469727,11.0,8.2,9.0,0.5231,3.8,4.0,3.1,0.399,3.1,3.0,2.9,0.4529,17.9,15.2,15.0,0.472,14.8,12.2,12.1,0.3422,14.1,11.2,11.9,0.5495,1.0,1.0,0.8,0.2404,0.2,0.2,0.2,0.1091,0.9,0.8,1.0,0.362,False,,,0,,,,,,,,,,,,,,,,,,,0.5294118,0.3526971,0.3128655,0.38,0.14457831,0.5194805,True
Julian Phillips,MIN,162,6.6,-1.899999976158142,4.699999809265137,3.0,1.8,2.3,0.1273,0.6,0.4,1.0,0.3415,0.1,0.2,0.3,0.3225,3.7,2.4,3.6,0.1422,3.6,2.2,3.3,0.4382,3.1,2.0,2.6,0.1556,0.6,0.2,0.4,0.2506,0.1,0.2,0.1,0.1114,0.2,,0.1000000014901161,0.1881,False,,,0,,,,,,,,,,,,,,,,,,,0.46218488,0.36933047,0.4375,0.24489796,0.1875,0.46666667,True
Brandin Podziemski,GSW,212,31.8,1.7000000476837158,33.5,16.3,16.8,17.3,0.7546,5.9,6.4,6.9,0.4835,4.5,4.4,4.8,0.2734,26.7,27.6,29.0,0.6402,22.2,23.2,24.2,0.6597,20.8,21.2,22.1,0.3461,1.0,0.8,1.0,0.4425,0.3,0.4,0.3,0.3128,2.3,2.8,2.5,0.4048,False,,,0,17.5,1.3999999999999986,6.25,0.25,5.0,-0.0999999999999996,28.5,1.8000000000000007,23.5,1.8999996185302732,22.5,1.3000000000000007,1.5,-0.5,0.5,-0.199999988079071,2.5,0.0,0.46218488,0.36933047,0.3128655,0.18811882,0.1875,0.4871795,True
Olivier-Maxence Prosper,MEM,141,25.4,0.3000000119209289,25.700000762939453,14.9,16.0,15.6,0.5223,4.8,5.8,5.0,0.3669,0.9,1.2,1.4,0.2822,20.6,23.0,22.0,0.3516,19.7,21.8,20.6,0.4064,15.8,17.2,17.0,0.2469,1.6,1.6,1.4,0.235,0.2,,0.4,0.1108,1.1,1.0,1.399999976158142,0.2786,False,,,0,11.5,6.0,4.5,0.6999998092651367,1.5,-0.1,17.5,6.600000000000001,16.0,6.700000762939453,13.5,5.399999999999999,1.5,-0.1000000238418579,0.5,-0.0999999940395355,1.5,-0.1000000238418579,0.46218488,0.3526971,0.3128655,0.18811882,0.18181819,0.46666667,True
Adama Sanogo,CHI,12,7.0,-3.900000095367432,3.0999999046325684,3.4,6.4,3.4,0.4893,3.2,5.6,3.5,0.2554,0.1,0.2,0.4,0.3053,6.7,12.2,7.3,0.1772,6.6,12.0,6.9,0.5127,3.5,6.6,3.8,0.1893,0.1,0.2,0.3,0.1271,,,0.4,0.0935,0.5,0.8,0.4000000059604645,0.2662,False,,,0,,,,,,,,,,,,,,,,,,,0.46218488,0.3526971,0.3128655,0.24489796,0.14457831,0.42857143,True
Ben Sheppard,IND,182,18.5,-0.2000000029802322,18.299999237060547,7.3,7.8,5.6,0.1375,2.7,2.4,2.6,0.3808,1.0,0.8,1.4,0.103,11.0,11.0,9.6,0.0769,10.0,10.2,8.2,0.3547,8.3,8.6,7.0,0.176,0.4,0.4,0.5,0.1399,0.1,0.2,0.2,0.0798,0.7,0.4,0.3000000119209289,0.2104,False,,,0,,,,,,,,,,,,,,,,,,,0.46218488,0.3802817,0.3128655,0.38,0.11764706,0.5194805,True
Jalen Slawson,IND,18,14.0,3.400000095367432,17.399999618530273,4.0,7.6,3.3,0.0493,2.3,4.0,3.2,0.39,1.6,2.6,1.5,0.3103,7.9,14.2,8.0,0.0518,6.3,11.6,6.5,0.1214,5.6,10.2,4.8,0.1488,0.9,1.8,0.8,0.2643,0.8,1.6,0.9,0.2109,0.5,1.0,0.3000000119209289,0.2481,False,,,0,,,,,,,,,,,,,,,,,,,0.46218488,0.36933047,0.3128655,0.38,0.1875,0.46666667,True
Nae'Qwan Tomlin,CLE,64,9.2,2.0999999046325684,11.300000190734863,2.4,2.0,5.7,0.6069,1.1,1.6,3.0,0.4241,0.2,0.2,0.5,0.1701,3.7,3.8,9.2,0.1262,3.5,3.6,8.7,0.4413,2.6,2.2,6.2,0.2366,0.4,,0.6,0.2279,0.2,0.4,0.4,0.0867,0.4,,0.699999988079071,0.5419,False,,,0,,,,,,,,,,,,,,,,,,,0.46218488,0.36933047,0.3128655,0.23684211,0.11764706,0.5194805,True
Tristan Vukcevic,WAS,92,17.0,1.2999999523162842,18.299999237060547,11.9,11.8,11.4,0.5892,3.9,3.6,4.1,0.3891,1.0,0.6,1.3,0.1374,16.8,16.0,16.8,0.2354,15.8,15.4,15.5,0.4429,12.9,12.4,12.7,0.4513,0.2,0.2,0.5,0.1046,0.6,0.6,0.7,0.0547,1.7,1.6,1.600000023841858,0.7434,False,,,0,,,,,,,,,,,,,,,,,,,0.39215687,0.3526971,0.3128655,0.38,0.11764706,0.5194805,True
Jordan Walsh,BOS,121,15.9,5.199999809265137,21.100000381469727,4.0,3.8,5.5,0.2959,3.6,3.6,4.3,0.3148,0.5,0.8,0.9,0.1562,8.1,8.2,10.7,0.1382,7.6,7.4,9.8,0.3478,4.5,4.6,6.4,0.2114,0.1,0.2,0.5,0.213,0.3,0.6,0.6,0.1111,0.3,,0.5,0.3574,False,,,0,,,,,,,,,,,,,,,,,,,0.46218488,0.36933047,0.3128655,0.18811882,0.18181819,0.4871795,True
Leaky Black,WAS,34,30.5,1.399999976158142,31.899999618530277,8.3,8.0,7.6,0.3082,5.4,5.2,5.1,0.6887,2.0,2.6,2.0,0.2722,15.7,15.8,14.7,0.209,13.7,13.2,12.7,0.2561,10.3,10.6,9.6,0.4004,1.0,1.4,1.0,0.3918,1.0,0.6,0.8,0.1688,0.7,0.6,0.800000011920929,0.5204,False,,,0,,,,,,,,,,,,,,,,,,,0.46218488,0.36933047,0.3128655,0.5,0.11764706,0.4871795,True
Johni Broome,PHI,10,4.8,-1.100000023841858,3.700000047683716,1.0,,2.6,0.398,1.5,1.2,2.1,0.4558,0.4,0.2,0.5,0.421,2.9,,5.2,0.3279,2.5,,4.7,0.5259,1.4,,3.1,0.0709,0.2,,0.3,0.26,0.1,0.2,0.2,0.1315,0.3,0.2,0.4000000059604645,0.5434,False,,,0,,,,,,,,,,,,,,,,,,,0.46218488,0.36933047,0.3128655,0.24489796,0.14457831,0.5194805,True
Tristan da Silva,ORL,143,30.2,0.6000000238418579,30.799999237060547,14.2,16.2,14.2,0.6777,3.9,3.2,4.4,0.668,1.7,2.0,2.0,0.5517,19.8,21.4,20.6,0.6655,18.1,19.4,18.6,0.6876,15.9,18.2,16.2,0.6239,1.0,0.4,1.0,0.2474,0.4,,0.4,0.114,1.0,0.6,1.100000023841858,0.8157,False,,,0,,,,,,,,,,,,,,,,,,,0.44515482,0.36933047,0.3128655,0.5,0.1875,0.5194805,True
Tosan Evbuomwan,NYK,49,15.6,-8.0,7.6,6.5,0.4,4.0,0.1744,3.4,1.2,2.5,0.3416,1.9,1.0,1.2,0.6807,11.8,2.6,7.7,0.2235,9.9,1.6,6.5,0.5917,8.4,1.4,5.2,0.3191,0.8,0.2,0.4,0.4193,0.3,,0.2,0.1515,0.8,0.2,0.3000000119209289,0.2651,False,,,0,,,,,,,,,,,,,,,,,,,0.46218488,0.3526971,0.3128655,0.5,0.1875,0.5194805,True
Jazian Gortman,DAL,15,4.2,-1.100000023841858,3.200000047683716,1.6,1.6,0.5,0.0619,0.4,0.4,0.4,0.1812,0.6,0.6,0.3,0.2395,2.6,2.6,1.2,0.0276,2.0,2.0,0.9,0.043,2.2,2.2,0.8,0.0676,0.2,0.2,0.1,0.204,,,0.1,0.1266,0.4,0.6,0.1000000014901161,0.1294,False,,,0,,,,,,,,,,,,,,,,,,,0.39215687,0.36933047,0.3128655,0.24489796,0.14457831,0.46666667,True
PJ Hall,CHA,37,16.2,-1.2000000476837158,15.0,6.4,5.0,5.5,0.4935,5.7,5.8,4.7,0.2444,0.7,0.6,0.7,0.3641,12.8,11.4,10.9,0.3084,12.1,10.8,10.2,0.3981,7.1,5.6,6.2,0.2176,0.1,0.2,0.3,0.2166,0.8,0.4,0.6,0.0836,1.2,1.4,0.8999999761581421,0.7142,False,,,0,,,,,,,,,,,,,,,,,,,0.46218488,0.36933047,0.3128655,0.24489796,0.14457831,0.5194805,True
Dillon Jones,NYK,59,12.0,-8.0,4.0,3.0,1.4,2.9,0.5813,3.1,1.2,2.5,0.4716,1.0,0.8,1.0,0.3331,7.1,3.4,6.4,0.3806,6.1,2.6,5.4,0.4301,4.0,2.2,3.9,0.1977,0.5,0.4,0.4,0.2839,0.1,,0.2,0.1021,0.9,,0.6000000238418579,0.676,False,,,0,,,,,,,,,,,,,,,,,,,0.46218488,0.3802817,0.3128655,0.3279137,0.22222222,0.5194805,True
Pelle Larsson,MIA,119,30.8,0.2000000029802322,31.0,14.3,13.0,14.6,0.5164,3.4,3.8,4.8,0.5236,3.1,3.2,3.5,0.2894,20.8,20.0,22.9,0.4317,17.7,16.8,19.4,0.275,17.4,16.2,18.1,0.6688,0.9,0.8,0.9,0.3207,0.2,0.2,0.3,0.1761,2.4,2.6,2.0999999046325684,0.3291,False,,,0,12.5,2.0,4.5,0.6999998092651367,4.0,-0.6000000000000001,21.5,1.6000000000000014,16.5,3.200000762939453,16.0,1.8999999999999984,1.0,-0.1000000238418579,0.5,-0.199999988079071,1.5,0.5999999046325684,0.46218488,0.3526971,0.30357143,0.24489796,0.14457831,0.5194805,True
Jaylen Martin,WAS,15,19.4,0.1000000014901161,19.5,6.2,8.0,7.0,0.8341,3.5,3.8,3.5,0.5343,1.4,2.0,1.3,0.1422,11.1,13.8,11.8,0.4955,9.7,11.8,10.5,0.6593,7.6,10.0,8.3,0.3777,0.5,0.6,0.6,0.125,,,0.4,0.1786,1.0,0.6,1.100000023841858,0.661,False,,,0,,,,,,,,,,,,,,,,,,,0.46218488,0.3802817,0.3128655,0.24489796,0.1875,0.46666667,True
Emanuel Miller,CHI,10,5.4,3.900000095367432,9.300000190734863,2.5,4.2,4.2,0.4386,1.0,1.4,1.8,0.357,0.6,0.8,0.8,0.1272,4.1,6.4,6.8,0.0691,3.5,5.6,6.0,0.3597,3.1,5.0,5.0,0.1687,0.3,0.6,0.4,0.2071,,,0.2,0.2281,,,0.5,0.4722,False,,,0,,,,,,,,,,,,,,,,,,,0.46218488,0.36933047,0.3128655,0.24489796,0.1875,0.4,True
Drew Peterson,CHA,33,9.4,-1.2000000476837158,8.199999809265137,1.8,1.0,1.3,0.1945,1.7,1.4,1.5,0.2855,0.2,0.4,0.5,0.3211,3.7,2.8,3.3,0.2174,3.5,2.4,2.8,0.3537,2.0,1.4,1.8,0.0616,0.3,0.6,0.3,0.2743,0.1,0.2,0.1,0.1445,0.2,,0.2000000029802322,0.3901,False,,,0,,,,,,,,,,,,,,,,,,,0.46218488,0.36933047,0.3128655,0.24489796,0.18181819,0.4871795,True
Antonio Reeves,CHA,53,10.6,-7.099999904632568,3.5999999046325684,4.7,1.6,4.6,0.1828,1.4,0.8,1.5,0.2921,0.2,0.2,0.5,0.5338,6.3,2.6,6.6,0.2831,6.1,2.4,6.1,0.3659,4.9,1.8,5.1,0.2193,0.1,,0.1,0.1609,0.1,,0.1,0.1307,0.1,0.2,0.0,0.1825,False,,,0,,,,,,,,,,,,,,,,,,,0.46218488,0.36933047,0.3128655,0.24489796,0.22222222,0.4871795,True
Hunter Tyson,DEN,89,11.9,-2.5,9.399999618530272,2.9,0.2,4.2,0.7612,2.2,2.0,1.8,0.4164,1.4,1.4,0.9,0.3397,6.5,3.6,6.9,0.2643,5.1,2.2,6.0,0.6917,4.3,1.6,5.1,0.5494,0.1,,0.3,0.2387,0.1,,0.1,0.0809,0.5,0.2,0.699999988079071,0.8402,False,,,0,,,,,,,,,,,,,,,,,,,0.46218488,0.36933047,0.3128655,0.24489796,0.14457831,0.4871795,True
Matas Buzelis,CHI,153,34.8,-0.4000000059604645,34.400001525878906,22.7,19.6,17.3,0.1711,7.3,7.2,6.8,0.4277,1.3,1.2,1.8,0.2566,31.3,28.0,25.9,0.1315,30.0,26.8,24.1,0.169,24.0,20.8,19.1,0.401,1.0,0.8,0.9,0.245,1.6,1.6,1.8,0.2341,2.1,2.6,1.7999999523162842,0.1153,False,,,0,21.5,-3.3000000000000007,7.5,-0.6999998092651367,3.0,-1.3,31.5,-4.800000000000001,32.0,-7.0,26.5,-6.600000000000001,1.0,-0.1000000238418579,2.5,-0.7000000476837158,2.5,-0.7000000476837158,0.46218488,0.3526971,0.3128655,0.38,0.33333334,0.46666667,True
Ronald Holland II,DET,152,16.6,4.599999904632568,21.200000762939453,6.1,4.6,7.3,0.2206,3.0,2.6,3.7,0.3963,1.0,1.4,1.1,0.4177,10.1,8.6,12.1,0.3706,9.1,7.2,11.0,0.4724,7.1,6.0,8.4,0.252,1.0,1.2,1.1,0.1919,0.3,0.4,0.3,0.0805,1.2,1.4,1.100000023841858,0.5887,False,,,0,,,,,,,,,,,,,,,,,,,0.46218488,0.36933047,0.3128655,0.38,0.14457831,0.5194805,True
Craig Porter Jr.,CLE,161,16.3,0.2000000029802322,16.5,3.2,2.8,4.6,0.3899,2.7,3.4,3.2,0.2658,3.5,2.0,3.6,0.3163,9.4,8.2,11.4,0.4254,5.9,6.2,7.8,0.486,6.7,4.8,8.2,0.2467,0.5,0.2,0.7,0.3926,0.3,0.2,0.3,0.0727,1.1,0.8,1.0,0.7205,False,,,0,,,,,,,,,,,,,,,,,,,0.46218488,0.3526971,0.3128655,0.52962357,0.14457831,0.5194805,True
Liam Robbins,MIL,12,4.8,0.1000000014901161,4.900000095367432,0.6,0.8,0.2,0.0408,1.2,1.0,1.0,0.2985,0.2,0.2,0.2,0.3591,2.0,2.0,1.4,0.0836,1.8,1.8,1.2,0.0936,0.8,1.0,0.4,0.0479,0.2,0.2,0.2,0.1659,0.2,0.2,0.2,0.0991,0.6,1.0,0.2000000029802322,0.3718,False,,,0,,,,,,,,,,,,,,,,,,,0.46218488,0.3802817,0.3128655,0.24489796,0.14457831,0.5194805,True
Duop Reath,POR,145,7.3,4.900000095367432,12.199999809265137,1.9,3.8,2.6,0.1229,1.8,3.2,2.5,0.4029,0.3,0.2,0.6,0.1118,4.0,7.2,5.7,0.018,3.7,7.0,5.1,0.3305,2.2,4.0,3.2,0.0694,0.2,,0.4,0.2385,0.5,0.8,0.5,0.1083,0.1,,0.3000000119209289,0.2415,False,,,0,,,,,,,,,,,,,,,,,,,0.46218488,0.3802817,0.3128655,0.24489796,0.14457831,0.42857143,True
Nathan Mensah,CHA,24,9.5,-3.0,6.5,0.2,,1.2,0.0757,1.5,0.8,2.4,0.3729,0.5,,0.4,0.5455,2.2,,4.0,0.2132,1.7,,3.6,0.1073,0.7,,1.6,0.0846,0.2,0.2,0.3,0.2713,0.6,0.4,0.6,0.2136,0.4,0.2,0.3000000119209289,0.3736,False,,,0,,,,,,,,,,,,,,,,,,,0.46218488,0.3526971,0.3128655,0.24489796,0.1875,0.5194805,True
Damion Baugh,CHA,14,23.1,-2.299999952316284,20.700000762939453,6.0,7.4,8.4,0.5631,3.1,4.0,3.6,0.28,3.2,3.2,3.1,0.356,12.3,14.6,15.1,0.2852,9.1,11.4,12.0,0.4435,9.2,10.6,11.5,0.451,0.5,0.2,0.6,0.2794,0.1,,0.3,0.1434,1.7,2.2,1.7000000476837158,0.697,False,,,0,,,,,,,,,,,,,,,,,,,0.46218488,0.36933047,0.3128655,0.5,0.22222222,0.5194805,True
Tyler Smith,DAL,29,8.6,2.900000095367432,11.399999618530272,3.8,3.0,3.7,0.2309,1.9,2.6,2.3,0.2853,,,0.9,0.2094,,,6.9,0.1102,,,6.0,0.4282,,,4.6,0.1248,0.3,0.4,0.4,0.1641,0.1,,0.4,0.1731,0.5,0.4,0.4000000059604645,0.2651,False,,,0,,,,,,,,,,,,,,,,,,,0.46218488,0.3526971,0.3128655,0.24489796,0.14457831,0.42857143,True
Onuralp Bitim,CHI,22,6.8,-0.2000000029802322,6.599999904632568,1.8,0.8,3.8,0.2895,0.6,0.2,1.3,0.3046,0.4,0.2,0.6,0.4017,2.8,1.2,5.7,0.2742,2.4,1.0,5.1,0.127,2.2,1.0,4.4,0.2462,,,0.3,0.2447,,,0.2,0.074,0.2,,0.5,0.505,False,,,0,,,,,,,,,,,,,,,,,,,0.46218488,0.3526971,0.3128655,0.24489796,0.14457831,0.4871795,True
Elijah Harkless,UTA,35,30.7,2.200000047683716,32.900001525878906,12.0,13.6,7.4,0.053,2.8,3.0,2.8,0.3132,4.2,5.4,3.8,0.555,19.0,22.0,14.0,0.1495,14.8,16.6,10.2,0.096,16.2,19.0,11.2,0.1674,1.8,2.2,1.5,0.6324,0.5,0.6,0.4,0.1795,1.8,1.4,1.399999976158142,0.2308,False,,,0,12.0,-3.6,3.5,-0.4000000953674316,5.5,-1.4000000000000004,19.5,-3.9,14.5,-3.0,16.5,-4.0,1.5,0.0,0.5,-0.0999999940395355,1.5,-0.1000000238418579,0.44444445,0.36933047,0.30357143,0.38,0.1875,0.4871795,True
Trey Jemison III,NYK,73,5.7,-1.7999999523162842,3.900000095367432,0.9,0.4,1.1,0.2385,1.5,1.2,2.2,0.2785,0.2,0.2,0.3,0.3063,2.6,1.8,3.6,0.1751,2.4,1.6,3.3,0.2438,1.1,0.6,1.4,0.079,0.1,0.2,0.2,0.2979,0.2,0.2,0.3,0.1326,0.5,0.4,0.4000000059604645,0.3675,False,,,0,,,,,,,,,,,,,,,,,,,0.46218488,0.36933047,0.3128655,0.24489796,0.2857143,0.4871795,True
Alex Reese,PHI,14,17.4,-3.400000095367432,14.0,5.8,6.8,5.1,0.6715,3.2,4.0,3.2,0.3411,0.3,0.4,0.4,0.2012,9.3,11.2,8.7,0.1769,9.0,10.8,8.3,0.4732,6.1,7.2,5.5,0.2629,0.6,0.4,0.4,0.3284,0.5,,0.4,0.104,0.4,0.2,0.4000000059604645,0.7663,False,,,0,,,,,,,,,,,,,,,,,,,0.46218488,0.36933047,0.3128655,0.38,0.1875,0.42857143,True
Myron Gardner,MIA,40,11.9,1.7000000476837158,13.600000381469728,3.7,4.0,4.8,0.6579,3.2,1.6,3.9,0.4096,1.0,0.8,1.0,0.1573,7.9,6.4,9.7,0.475,6.9,5.6,8.7,0.4197,4.7,4.8,5.8,0.8758,0.6,0.6,0.6,0.1914,0.2,0.4,0.2,0.062,0.7,0.6,0.8999999761581421,0.8118,False,,,0,,,,,,,,,,,,,,,,,,,0.5294118,0.3526971,0.30357143,0.38,0.14457831,0.46666667,True
Zaccharie Risacher,ATL,136,18.7,-3.0,15.699999809265137,9.8,9.8,8.5,0.1261,4.6,3.4,3.6,0.2347,0.6,,0.7,0.2334,15.0,,12.8,0.1357,14.4,,12.1,0.3085,10.4,,9.2,0.1201,0.6,0.4,0.5,0.1613,0.6,0.4,0.4,0.1173,0.7,0.4,0.4000000059604645,0.6241,False,,,0,9.5,-3.5,4.0,-0.7999999523162842,,,10.5,-0.6999999999999993,,,,,1.0,-0.5,1.0,-0.5999999940395355,,,0.46218488,0.36933047,0.3128655,0.18811882,0.14457831,0.5194805,True
Alex Sarr,WAS,114,22.3,-0.1000000014901161,22.200000762939453,12.2,12.8,13.6,0.2069,6.0,4.6,6.3,0.5339,2.6,2.2,2.5,0.1681,20.8,19.6,22.4,0.3503,18.2,17.4,19.9,0.2822,14.8,15.0,16.1,0.1791,0.9,1.0,0.8,0.3058,1.3,2.2,1.8,0.0976,1.6,2.0,1.5,0.3347,False,,,0,13.5,-1.4000000000000004,6.5,-0.5999999046325684,3.0,-0.2999999999999998,23.0,-2.3000000000000007,21.5,-3.5,17.5,-2.6999999999999997,1.0,-0.199999988079071,1.5,0.2999999523162842,1.5,0.0,0.46218488,0.3526971,0.2413793,0.24489796,0.33333334,0.5194805,True
Dalton Knecht,LAL,127,4.9,-0.6000000238418579,4.300000190734863,2.0,1.0,1.7,0.1645,1.0,0.4,0.8,0.2962,0.4,0.4,0.2,0.3136,3.4,1.8,2.7,0.1545,3.0,1.4,2.5,0.3763,2.4,1.4,1.9,0.1406,0.1,0.2,0.1,0.2582,0.1,0.2,0.1,0.0701,0.3,0.2,0.1000000014901161,0.1655,False,,,0,,,,,,,,,,,,,,,,,,,0.46218488,0.3802817,0.3128655,0.24489796,0.14457831,0.4871795,True
Cody Williams,UTA,110,33.8,-0.699999988079071,33.099998474121094,16.8,17.2,15.6,0.9066,3.3,1.8,3.8,0.5744,4.2,3.6,3.8,0.4291,24.3,22.6,23.2,0.9026,20.1,19.0,19.4,0.7667,21.0,20.8,19.4,0.8967,0.9,1.2,1.1,0.6122,0.5,0.4,0.4,0.0722,2.5,2.4,2.5999999046325684,0.537,False,,,0,14.5,6.300000000000001,4.5,-0.7000000476837158,3.5,0.5,22.5,6.100000000000001,18.5,6.100000381469727,18.5,6.300000000000001,1.5,-0.3999999761581421,1.0,-0.5999999940395355,1.5,1.0999999046325684,0.44444445,0.3526971,0.3128655,0.38,0.14457831,0.5194805,True
Reed Sheppard,HOU,126,29.2,-1.2999999523162842,27.899999618530277,13.0,13.4,12.3,0.5837,3.5,4.4,3.6,0.3262,4.5,6.0,4.6,0.1714,21.0,23.8,20.5,0.2484,16.5,17.8,15.9,0.2076,17.5,19.4,16.9,0.3507,2.1,2.4,1.6,0.4945,0.8,0.8,0.8,0.0713,2.1,1.6,1.7999999523162842,0.4212,False,,,0,14.5,-2.3000000000000007,4.0,-0.7000000476837158,4.25,0.1500000000000003,23.0,-3.1000000000000014,19.0,-3.5,19.5,-2.8999999999999986,1.5,0.1000000238418579,1.0,-0.199999988079071,1.5,0.2999999523162842,0.46218488,0.36933047,0.3128655,0.5,0.22222222,0.5194805,True
Stephon Castle,SAS,143,29.3,1.0,30.299999237060547,17.4,16.4,18.8,0.6102,6.6,5.6,6.0,0.6204,8.4,9.0,8.1,0.3438,32.4,31.0,32.9,0.6126,24.0,22.0,24.8,0.6499,25.8,25.4,26.9,0.5525,0.4,0.6,0.9,0.3734,0.1,0.2,0.2,0.3428,3.1,3.0,3.0999999046325684,0.7169,False,,,0,17.5,-0.3000000000000007,5.25,0.9499998092651368,8.5,-0.0999999999999996,30.5,1.3000000000000007,24.5,-1.1000003814697266,27.5,-1.8999999999999984,1.5,-0.6000000238418579,0.5,-0.2999999970197677,,,0.46218488,0.3802817,0.3128655,0.24489796,0.2857143,0.5194805,True
Rob Dillingham,CHI,106,21.8,-1.7999999523162842,20.0,10.7,9.6,7.7,0.6473,2.2,1.8,2.2,0.4484,3.0,1.4,2.6,0.2802,15.9,12.8,12.5,0.4841,12.9,11.4,9.9,0.7538,13.7,11.0,10.3,0.6493,0.8,0.6,0.7,0.2327,0.1,,0.1,0.0564,1.7,1.6,1.7000000476837158,0.8571,False,,,0,,,,,,,,,,,,,,,,,,,0.39215687,0.36933047,0.30357143,0.5,0.14457831,0.5194805,True
Ja'Kobe Walter,TOR,116,22.3,2.400000095367432,24.700000762939453,11.5,13.6,9.7,0.1346,2.9,3.2,3.3,0.5262,1.2,1.4,1.5,0.2248,15.6,18.2,14.5,0.2301,14.4,16.8,13.0,0.2585,12.7,15.0,11.2,0.1549,0.7,0.4,0.8,0.214,0.3,0.2,0.3,0.0469,0.4,0.8,0.6000000238418579,0.4187,False,,,0,11.0,-1.0999999999999996,4.0,-0.5,3.0,-1.5,15.5,-0.5999999999999996,14.5,-1.1000003814697266,,,1.5,-0.699999988079071,0.5,-0.199999988079071,0.5,0.1000000238418579,0.46218488,0.36933047,0.3128655,0.18811882,0.14457831,0.42857143,True
Bub Carrington,WAS,156,27.3,-1.2999999523162842,26.0,13.0,14.4,9.6,0.3092,2.8,2.0,3.2,0.3355,4.3,4.6,4.2,0.5437,20.1,21.0,17.0,0.2398,15.8,16.4,12.8,0.1442,17.3,19.0,13.8,0.1134,0.4,0.6,0.6,0.1916,0.1,,0.1,0.0548,1.7,2.4,1.399999976158142,0.4316,False,,,0,12.5,-2.3000000000000007,4.0,-0.9000000953674316,5.25,-1.0499999999999998,20.5,-3.0,14.0,-0.6999998092651367,16.0,-1.5999999999999996,1.0,-0.3999999761581421,0.5,-0.3999999985098839,,,0.46218488,0.36933047,0.30357143,0.24489796,0.11764706,0.4871795,True
Isaiah Collier,UTA,129,26.4,0.800000011920929,27.200000762939453,17.5,18.4,15.3,0.6329,2.2,2.6,2.6,0.4737,6.1,6.6,7.4,0.3995,25.8,27.6,25.3,0.285,19.7,21.0,17.9,0.4449,23.6,25.0,22.7,0.2834,1.5,1.2,1.5,0.5609,0.5,0.4,0.7,0.1425,2.3,2.2,2.5999999046325684,0.6431,False,,,0,,,,,,,,,,,,,,,,,,,0.46218488,0.36933047,0.3128655,0.5,1.0,0.5194805,True
Devin Carter,SAC,67,19.4,2.299999952316284,21.700000762939453,10.0,14.8,11.2,0.4767,3.4,3.6,3.8,0.3475,2.6,2.8,3.2,0.3177,16.0,21.2,18.2,0.6608,13.4,18.4,15.0,0.5071,12.6,17.6,14.4,0.708,1.0,0.8,1.0,0.2077,,,0.2,0.0853,1.7,2.6,2.0,0.4909,False,,,0,13.5,0.1999999999999993,4.25,-0.4500000476837158,4.0,-0.7000000000000002,20.0,0.8000000000000007,16.5,1.0,16.5,0.5,1.5,-0.5,0.5,-0.2999999970197677,2.5,-0.5,0.46218488,0.3802817,0.30357143,0.23684211,0.11764706,0.4782924,True
Donovan Clingan,POR,138,27.0,0.699999988079071,27.700000762939453,14.6,10.2,10.1,0.1348,13.1,13.0,10.5,0.4781,2.0,1.0,2.2,0.5065,29.7,24.2,22.8,0.1813,27.7,23.2,20.6,0.1208,16.6,11.2,12.3,0.1657,0.9,0.8,0.8,0.3403,2.9,3.0,2.3,0.3593,1.7,2.2,1.399999976158142,0.4224,False,,,0,,,,,,,,,,,,,,,,,,,0.46218488,0.36933047,0.30357143,0.7555424,0.33333334,0.4871795,True
Kyle Filipowski,UTA,144,26.2,1.2999999523162842,27.5,15.1,17.0,15.5,0.6837,8.1,7.8,8.6,0.5503,4.2,3.4,4.0,0.4248,27.4,28.2,28.1,0.73,23.2,24.8,24.1,0.578,19.3,20.4,19.5,0.5692,1.1,0.8,1.3,0.5748,0.7,0.4,0.7,0.0483,2.2,2.2,2.5,0.3922,False,,,0,15.5,1.0,8.5,0.1999998092651367,4.5,-0.4000000000000003,26.5,2.8000000000000007,23.5,1.7000007629394531,18.5,2.1000000000000014,1.5,-0.2000000476837158,1.0,-0.3000000119209289,1.5,1.0,0.44444445,0.3526971,0.30357143,0.38,0.1875,0.5194805,True
Jared McCain,OKC,83,18.2,-3.0999999046325684,15.100000381469728,10.0,7.4,7.6,0.6148,1.5,1.6,1.6,0.3018,0.7,0.8,0.7,0.5044,12.2,9.8,9.9,0.4265,11.5,9.0,9.2,0.5375,10.7,8.2,8.3,0.4315,0.1,,0.3,0.116,0.3,0.2,0.2,0.1017,0.3,0.2,0.5,0.3224,False,,,0,,,,,,,,,,,,,,,,,,,0.46218488,0.3526971,0.3128655,0.24489796,0.14457831,0.4871795,True
Kyshawn George,WAS,115,20.6,-1.0,19.600000381469727,11.1,12.2,12.7,0.8115,2.6,3.0,3.5,0.3735,2.5,1.6,3.0,0.1739,16.2,16.8,19.2,0.557,13.7,15.2,16.2,0.6839,13.6,13.8,15.7,0.5614,0.4,0.4,0.6,0.4307,1.0,1.0,1.1,0.1031,1.7,1.6,1.7000000476837158,0.8384,False,,,0,,,,,,,,,,,,,,,,,,,0.46218488,0.36933047,0.3128655,0.5,0.22222222,0.5194805,True
Yves Missi,NOP,135,20.9,-2.700000047683716,18.200000762939453,4.9,5.6,5.2,0.3521,6.6,6.2,5.8,0.5285,1.9,2.2,1.3,0.2551,13.4,14.0,12.3,0.3753,11.5,11.8,11.0,0.3176,6.8,7.8,6.5,0.3019,0.2,0.2,0.3,0.1829,2.0,1.4,1.5,0.0549,1.0,1.2,0.6000000238418579,0.7694,False,,,0,,,,,,,,,,,,,,,,,,,0.46218488,0.3526971,0.3128655,0.24489796,0.1875,0.4871795,True
Tidjane Salaün,CHA,95,15.4,-1.7000000476837158,13.699999809265137,6.1,5.2,4.6,0.7748,4.3,3.4,4.4,0.3326,0.5,0.2,0.5,0.1874,10.9,8.8,9.5,0.6945,10.4,8.6,9.0,0.7864,6.6,5.4,5.1,0.9296,0.5,1.0,0.5,0.2055,0.1,,0.1,0.0795,0.6,0.6,0.699999988079071,0.7685,False,,,0,,,,,,,,,,,,,,,,,,,0.46218488,0.36933047,0.3128655,0.24489796,0.14457831,0.42857143,True
Kel'el Ware,MIA,134,21.3,-1.5,19.799999237060547,9.1,7.8,11.8,0.8628,7.6,6.0,7.7,0.3158,1.2,1.6,0.9,0.1601,17.9,15.4,20.4,0.6742,16.7,13.8,19.5,0.8374,10.3,9.4,12.7,0.6797,0.5,0.4,0.7,0.1238,0.9,0.6,0.8,0.1544,0.7,0.6,1.0,0.6766,False,,,0,,,,,,,,,,,,,,,,,,,0.4848485,0.36933047,0.3128655,0.45722824,0.1875,0.5194805,True
Johnny Furphy,IND,84,22.1,1.7000000476837158,23.799999237060547,4.8,4.0,6.0,0.1985,5.9,5.6,6.0,0.5978,2.0,2.6,2.0,0.2785,12.7,12.2,14.0,0.4232,10.7,9.6,12.0,0.4706,6.8,6.6,8.0,0.3487,0.7,0.4,0.8,0.3198,0.3,0.2,0.5,0.1099,1.3,1.0,1.100000023841858,0.4949,False,,,0,,,,,,,,,,,,,,,,,,,0.46218488,0.3526971,0.3128655,0.24489796,0.33333334,0.4871795,True
Tyler Kolek,NYK,100,5.5,-1.7000000476837158,3.799999952316284,1.9,2.8,1.5,0.0445,0.5,0.6,0.4,0.2234,1.7,1.4,1.3,0.3233,4.1,4.8,3.2,0.0877,2.4,3.4,1.9,0.1585,3.6,4.2,2.8,0.0656,0.2,0.4,0.1,0.2202,0.1,0.2,0.0,0.0876,0.2,,0.1000000014901161,0.3194,False,,,0,,,,,,,,,,,,,,,,,,,0.46218488,0.36933047,0.3128655,0.24489796,0.11764706,0.5194805,True
Jaylon Tyson,CLE,110,26.0,-5.599999904632568,20.399999618530277,10.5,6.6,13.1,0.7592,3.7,2.2,4.1,0.4244,2.1,1.8,1.6,0.3968,16.3,10.6,18.8,0.6861,14.2,8.8,17.2,0.7817,12.6,8.4,14.7,0.8081,0.5,,0.5,0.2235,0.4,0.2,0.3,0.1538,1.1,1.0,1.2999999523162842,0.8286,False,,,0,,,,,,,,,,,,,,,,,,,0.46218488,0.3526971,0.3128655,0.38,0.14457831,0.5194805,True
Cam Spencer,MEM,94,24.0,2.200000047683716,26.200000762939453,9.2,6.2,13.5,0.7345,1.9,2.0,2.5,0.3789,5.3,5.2,5.8,0.3577,16.4,13.4,21.8,0.4014,11.1,8.2,16.0,0.8015,14.5,11.4,19.3,0.5562,0.9,1.2,1.0,0.257,0.3,0.2,0.3,0.1553,0.8,0.8,1.7000000476837158,0.626,False,,,0,8.5,5.699999999999999,3.0,-0.5,5.75,0.3499999999999996,17.5,5.300000000000001,12.5,4.200000762939453,15.0,5.300000000000001,1.5,-0.5,0.5,-0.199999988079071,1.5,0.2000000476837158,0.46218488,0.3526971,0.3128655,0.10714286,0.1875,0.4871795,True
Oso Ighodaro,PHX,136,30.5,-0.1000000014901161,30.399999618530277,10.3,11.4,6.9,0.0675,6.3,6.2,6.1,0.4747,3.8,3.0,3.3,0.1945,20.4,20.6,16.3,0.0822,16.6,17.6,13.0,0.123,14.1,14.4,10.2,0.097,0.9,0.6,0.9,0.2838,0.8,1.0,0.8,0.1509,1.2,1.4,1.100000023841858,0.1996,False,,,0,,,,,,,,,,,,,,,,,,,0.46218488,0.3526971,0.3128655,0.5,0.1875,0.5194805,True
Ryan Dunn,PHX,138,17.6,3.5,21.100000381469727,6.2,9.0,7.3,0.1968,4.6,6.2,5.2,0.5617,1.2,1.8,1.4,0.177,12.0,17.0,13.9,0.1241,10.8,15.2,12.5,0.2006,7.4,10.8,8.7,0.1777,1.2,1.4,1.2,0.1808,0.4,0.6,0.5,0.0824,0.4,0.8,0.699999988079071,0.3867,False,,,0,,,,,,,,,,,,,,,,,,,0.5294118,0.3526971,0.3128655,0.24489796,0.18181819,0.4871795,True
Jamal Shead,TOR,149,23.7,1.100000023841858,24.799999237060547,5.2,5.8,6.1,0.1898,1.2,0.8,1.8,0.3161,6.6,8.4,6.8,0.4642,13.0,15.0,14.7,0.1133,6.4,6.6,7.9,0.2145,11.8,14.2,12.9,0.4047,0.8,1.4,1.0,0.4626,0.3,0.4,0.2,0.2394,0.8,1.2,1.100000023841858,0.511,False,,,0,8.5,-1.7000000000000002,3.0,-1.100000023841858,6.75,1.0499999999999998,16.5,0.0,,,14.0,0.5999999999999996,1.5,-0.5,0.5,-0.2999999970197677,1.5,-0.3999999761581421,0.46218488,0.36933047,0.30357143,0.18811882,0.1875,0.5194805,True
Justin Edwards,PHI,101,22.1,-6.400000095367432,15.699999809265137,12.5,12.4,4.3,0.0746,2.1,0.2,1.4,0.2717,2.1,1.6,1.3,0.5725,16.7,14.2,7.0,0.2049,14.6,12.6,5.7,0.1861,14.6,14.0,5.6,0.0455,1.5,0.8,0.8,0.4297,0.3,,0.1,0.1229,0.8,0.6,0.2000000029802322,0.2293,False,,,0,,,,,,,,,,,,,,,,,,,0.46218488,0.36933047,0.3128655,0.9259229,0.14457831,0.4871795,True
Ajay Mitchell,OKC,88,25.1,0.8999999761581421,26.0,13.9,11.0,13.1,0.5381,3.4,3.6,3.5,0.3342,3.4,3.4,3.5,0.3077,20.7,18.0,20.1,0.2142,17.3,14.6,16.6,0.176,17.3,14.4,16.6,0.2074,0.7,0.4,0.8,0.2459,0.3,0.6,0.3,0.1837,1.2,1.0,1.2000000476837158,0.1444,False,,,0,,,,,,,,,,,,,,,,,,,0.46218488,0.36933047,0.3128655,0.5,0.14457831,0.4871795,True
Keshad Johnson,MIA,42,6.9,1.0,7.900000095367432,4.8,6.8,4.1,0.0413,1.6,2.2,2.2,0.2392,0.3,0.4,0.5,0.1842,6.7,9.4,6.8,0.0266,6.4,9.0,6.3,0.0842,5.1,7.2,4.6,0.0416,0.5,1.0,0.6,0.1584,0.3,0.6,0.4,0.1507,0.6,0.6,0.5,0.1414,False,,,0,,,,,,,,,,,,,,,,,,,0.46218488,0.36933047,0.30357143,0.24489796,0.18181819,0.4,True
Cam Christie,LAC,62,6.6,0.2000000029802322,6.800000190734863,2.2,3.4,1.7,0.0764,1.3,1.6,1.2,0.1943,0.8,0.8,0.6,0.2195,4.3,5.8,3.5,0.0544,3.5,5.0,2.9,0.073,3.0,4.2,2.3,0.0568,0.6,1.0,0.3,0.2501,,,0.1,0.1762,0.4,0.6,0.1000000014901161,0.1087,False,,,0,,,,,,,,,,,,,,,,,,,0.46218488,0.36933047,0.3128655,0.24489796,0.22222222,0.42857143,True
KJ Simpson,DEN,52,15.4,-2.900000095367432,12.5,5.5,5.0,3.2,0.0878,2.0,2.0,2.1,0.35,2.5,3.4,1.7,0.3107,10.0,10.4,7.0,0.1374,7.5,7.0,5.3,0.0971,8.0,8.4,4.9,0.0962,1.2,1.0,0.7,0.2628,,,0.2,0.1163,1.4,1.2,0.5,0.1014,False,,,0,,,,,,,,,,,,,,,,,,,0.46218488,0.36933047,0.3128655,0.38,0.14457831,0.5194805,True
Bronny James,LAL,62,9.3,6.099999904632568,15.399999618530272,3.6,2.6,1.8,0.0726,0.5,0.4,0.4,0.2655,1.3,0.6,1.2,0.1467,5.4,3.6,3.4,0.0476,4.1,3.0,2.2,0.0888,4.9,3.2,3.0,0.064,0.4,0.6,0.3,0.1097,0.2,0.2,0.1,0.0613,0.4,0.4,0.1000000014901161,0.198,False,,,0,,,,,,,,,,,,,,,,,,,0.46218488,0.36933047,0.3128655,0.24489796,0.14457831,0.4871795,True
David Jones Garcia,SAS,10,6.9,-1.899999976158142,5.0,3.2,1.8,1.7,0.1075,1.2,0.6,1.8,0.3336,1.8,1.2,1.2,0.2555,6.2,3.6,4.7,0.0886,4.4,2.4,3.5,0.2091,5.0,3.0,2.9,0.0723,0.6,0.6,0.2,0.2596,0.1,,0.1,0.0897,0.5,0.8,0.3000000119209289,0.2667,False,,,0,,,,,,,,,,,,,,,,,,,0.46218488,0.36933047,0.3128655,0.38,0.1875,0.5194805,True
AJ Johnson,DAL,71,8.9,1.600000023841858,10.5,1.7,1.8,5.2,0.6495,1.0,0.8,1.0,0.4041,1.0,1.2,1.3,0.2785,3.7,3.8,7.5,0.3997,2.7,2.6,6.2,0.3699,2.7,3.0,6.5,0.3668,0.2,0.2,0.4,0.3877,0.2,0.4,0.2,0.0922,0.3,0.2,0.5,0.7791,False,,,0,,,,,,,,,,,,,,,,,,,0.4848485,0.3526971,0.3128655,0.24489796,0.14457831,0.4871795,True
Pacôme Dadiet,NYK,43,4.6,-1.899999976158142,2.700000047683716,2.3,3.2,2.6,0.2235,0.9,1.2,1.0,0.1864,0.4,0.2,0.5,0.2472,3.6,4.6,4.1,0.0687,3.2,4.4,3.6,0.1779,2.7,3.4,3.1,0.0866,0.1,,0.2,0.2845,0.1,0.2,0.1,0.0845,0.2,0.4,0.3000000119209289,0.3112,False,,,0,,,,,,,,,,,,,,,,,,,0.39215687,0.36933047,0.3128655,0.38,0.14457831,0.42857143,True
Nique Clifford,SAC,68,31.8,-0.6000000238418579,31.200000762939453,10.1,9.2,11.4,0.4955,5.2,4.8,6.2,0.5297,4.2,4.4,4.0,0.4268,19.5,18.4,21.6,0.6988,15.3,14.0,17.6,0.5929,14.3,13.6,15.4,0.4168,1.3,0.8,1.6,0.4557,0.3,0.2,0.5,0.1322,1.4,1.4,2.200000047683716,0.5991,False,,,0,12.5,1.3000000000000007,5.5,1.0999999046325684,4.5,-0.6000000000000001,18.0,6.300000000000001,14.0,6.399999618530273,13.0,4.699999999999999,1.5,0.1000000238418579,1.0,-0.5,1.5,0.7000000476837158,0.46218488,0.36933047,0.30357143,0.5,0.11764706,1.0,True
Jamir Watkins,WAS,42,21.0,-1.7000000476837158,19.299999237060547,7.7,7.4,8.3,0.7172,4.0,4.4,4.2,0.4985,1.9,1.4,1.7,0.4325,13.6,13.2,14.2,0.4679,11.7,11.8,12.5,0.4897,9.6,8.8,10.0,0.4627,2.0,1.8,1.6,0.5885,0.5,,0.5,0.104,1.2,0.8,1.2000000476837158,0.6525,False,,,0,,,,,,,,,,,,,,,,,,,0.46218488,0.3526971,0.3128655,1.0,0.14457831,0.5194805,True
Quinten Post,GSW,108,19.5,-2.299999952316284,17.200000762939453,9.1,10.6,5.5,0.1257,5.1,3.6,3.4,0.3665,1.5,2.0,1.5,0.1456,15.7,16.2,10.4,0.0835,14.2,14.2,8.9,0.1492,10.6,12.6,7.0,0.1099,0.3,0.2,0.3,0.1487,0.8,0.8,0.6,0.0585,1.5,1.4,0.6000000238418579,0.2918,False,,,0,,,,,,,,,,,,,,,,,,,0.46218488,0.36933047,0.30357143,0.24489796,0.14457831,0.46666667,True
Jonathan Mogbo,TOR,96,6.5,-1.2999999523162842,5.199999809265137,2.1,3.4,2.3,0.1415,1.7,2.2,2.2,0.4848,0.8,1.0,0.6,0.1719,4.6,6.6,5.1,0.0843,3.8,5.6,4.5,0.1459,2.9,4.4,2.9,0.1146,0.5,0.8,0.4,0.155,0.2,0.2,0.2,0.082,0.4,0.2,0.3000000119209289,0.3464,False,,,0,,,,,,,,,,,,,,,,,,,0.46218488,0.36933047,0.3128655,0.24489796,0.14457831,0.42857143,True
Jaylen Wells,MEM,147,25.8,-0.3000000119209289,25.5,14.4,13.0,7.8,0.0609,2.3,2.0,2.6,0.381,0.9,0.8,1.2,0.4063,17.6,15.8,11.6,0.0881,16.7,15.0,10.4,0.0388,15.3,13.8,9.0,0.0634,1.1,1.2,0.8,0.1829,0.1,0.2,0.3,0.1327,0.8,0.8,0.4000000059604645,0.1257,False,,,0,,,,,,,,,,,,,,,,,,,0.46218488,0.3526971,0.3128655,0.38,0.1875,0.4871795,True
Branden Carlson,OKC,68,9.8,-1.7000000476837158,8.100000381469727,3.1,2.2,2.5,0.111,2.8,2.4,1.9,0.1787,0.4,0.4,0.3,0.3964,6.3,5.0,4.7,0.1412,5.9,4.6,4.4,0.2774,3.5,2.6,2.8,0.0669,0.1,,0.1,0.2472,0.6,0.4,0.3,0.0824,0.3,0.4,0.0,0.1506,False,,,0,,,,,,,,,,,,,,,,,,,0.46218488,0.3802817,0.4375,0.38,0.14457831,0.5194805,True
Walter Clayton Jr.,MEM,64,24.5,0.3000000119209289,24.799999237060547,8.6,10.2,7.2,0.2294,2.1,2.4,2.7,0.3871,4.4,4.2,5.1,0.5337,15.1,16.8,15.0,0.2575,10.7,12.6,9.9,0.1856,13.0,14.4,12.3,0.1856,0.6,1.0,0.8,0.4874,0.4,0.6,0.3,0.1074,2.7,2.6,2.400000095367432,0.4578,False,,,0,,,,,,,,,,,,,,,,,,,0.39215687,0.36933047,0.3128655,0.5,0.33333334,0.5194805,True
Isaiah Crawford,HOU,27,6.9,-1.7000000476837158,5.199999809265137,1.7,1.4,2.2,0.6546,1.0,0.8,1.7,0.4693,0.4,0.2,0.3,0.337,3.1,2.4,4.2,0.2375,2.7,2.2,3.9,0.5309,2.1,1.6,2.5,0.4866,0.2,,0.2,0.2601,0.3,,0.2,0.1755,0.2,,0.6000000238418579,0.7343,False,,,0,,,,,,,,,,,,,,,,,,,0.46218488,0.3526971,0.3128655,0.24489796,0.2857143,0.4871795,True
Blake Hinson,UTA,10,20.3,-0.8999999761581421,19.399999618530277,9.6,10.2,12.2,0.7643,2.4,2.6,2.8,0.3479,0.8,1.2,1.0,0.1523,12.8,14.0,16.0,0.1504,12.0,12.8,15.0,0.5125,10.4,11.4,13.2,0.4836,0.1,0.2,0.3,0.1501,0.1,,0.1,0.0824,0.2,0.2,1.100000023841858,0.8064,False,,,0,,,,,,,,,,,,,,,,,,,0.46218488,0.36933047,0.30357143,0.23684211,0.14457831,0.4,True
Enrique Freeman,MIN,23,8.3,1.2999999523162842,9.600000381469728,2.6,2.8,1.5,0.0649,2.1,2.8,1.8,0.1235,0.3,0.4,0.4,0.1707,5.0,6.0,3.7,0.0205,4.7,5.6,3.3,0.0955,2.9,3.2,1.9,0.0487,0.1,0.2,0.2,0.1901,0.1,0.2,0.2,0.1402,0.3,0.2,0.1000000014901161,0.1245,False,,,0,,,,,,,,,,,,,,,,,,,0.46218488,0.36933047,0.3128655,0.24489796,0.14457831,0.46666667,True
Isaac Jones,DET,45,5.4,-0.2000000029802322,5.199999809265137,1.4,1.4,1.8,0.2189,1.1,0.8,1.2,0.3187,0.2,0.2,0.3,0.306,2.7,2.4,3.3,0.2295,2.5,2.2,3.0,0.0717,1.6,1.6,2.1,0.0564,0.1,,0.2,0.1827,0.1,,0.2,0.0961,0.2,,0.3000000119209289,0.3383,False,,,0,,,,,,,,,,,,,,,,,,,0.46218488,0.36933047,0.3128655,0.24489796,0.14457831,0.46666667,True
Chaz Lanier,DET,28,5.6,0.2000000029802322,5.800000190734863,1.8,1.6,3.6,0.2007,0.3,0.2,1.6,0.2867,0.3,0.2,0.5,0.1874,2.4,2.0,5.7,0.0929,2.1,1.8,5.2,0.1536,2.1,1.8,4.1,0.1451,0.2,0.4,0.3,0.1921,,,0.2,0.0672,,,0.6000000238418579,0.3606,False,,,0,,,,,,,,,,,,,,,,,,,0.46218488,0.3802817,0.3128655,0.24489796,0.1875,0.5194805,True
Jamison Battle,TOR,113,11.5,1.5,13.0,4.4,7.2,2.3,0.0366,2.3,2.8,1.6,0.1634,0.6,0.8,0.5,0.14,7.3,10.8,4.4,0.0077,6.7,10.0,3.9,0.0315,5.0,8.0,2.8,0.0476,0.1,,0.2,0.1505,,,0.1,0.0471,0.4,0.6,0.2000000029802322,0.053,False,,,0,,,,,,,,,,,,,,,,,,,0.46218488,0.36933047,0.30357143,0.23684211,0.1875,0.4,True
Jahmir Young,MIA,16,4.7,-0.800000011920929,3.900000095367432,1.7,1.4,2.4,0.2559,0.4,0.4,0.5,0.4055,0.6,0.4,0.7,0.3114,2.7,2.2,3.6,0.3199,2.1,1.8,2.9,0.3136,2.3,1.8,3.1,0.1969,0.1,,0.1,0.2422,,,0.1,0.1254,0.2,,0.4000000059604645,0.6091,False,,,0,,,,,,,,,,,,,,,,,,,0.46218488,0.36933047,0.41235322,0.38,0.22222222,0.4871795,True
Tolu Smith,DET,12,9.2,-3.5,5.699999809265137,2.8,2.0,3.4,0.3388,3.2,1.0,3.5,0.4035,0.8,0.4,0.8,0.3942,6.8,3.4,7.7,0.3987,6.0,3.0,6.9,0.2387,3.6,2.4,4.2,0.1018,0.1,,0.2,0.2398,0.5,,0.4,0.0786,0.5,0.2,0.4000000059604645,0.6187,False,,,0,,,,,,,,,,,,,,,,,,,0.46218488,0.3802817,0.3128655,0.38,0.14457831,0.4871795,True
Daniss Jenkins,DET,72,31.5,1.5,33.0,15.2,19.2,12.6,0.7511,3.8,4.2,3.5,0.4926,6.7,7.4,5.8,0.46,25.7,30.8,21.9,0.6318,19.0,23.4,16.1,0.5269,21.9,26.6,18.4,0.4721,0.9,0.8,1.2,0.3148,0.3,,0.3,0.2172,2.8,3.8,2.299999952316284,0.1803,False,,,0,,,,,,,,,,,,,,,,,,,0.46218488,0.36933047,0.3128655,0.5,0.11764706,0.4871795,True
Spencer Jones,DEN,83,21.2,-1.399999976158142,19.799999237060547,5.0,2.6,3.6,0.4785,3.8,3.6,3.1,0.4624,0.8,0.8,0.7,0.3092,9.6,7.0,7.4,0.2843,8.8,6.2,6.7,0.6966,5.8,3.4,4.3,0.2368,0.8,0.4,0.6,0.3285,0.5,0.2,0.4,0.0842,0.3,0.2,0.2000000029802322,0.434,False,,,0,,,,,,,,,,,,,,,,,,,0.5294118,0.25,0.3128655,0.38,0.14457831,0.5194805,True
RayJ Dennis,ATL,26,4.8,-0.699999988079071,4.099999904632568,1.8,1.4,2.0,0.069,0.9,0.8,0.8,0.1942,0.7,1.0,1.0,0.2673,3.4,3.2,3.8,0.1289,2.7,2.2,2.8,0.1171,2.5,2.4,3.0,0.1096,0.1,0.2,0.1,0.2725,,,0.1,0.1146,0.7,0.6,0.2000000029802322,0.1348,False,,,0,,,,,,,,,,,,,,,,,,,0.46218488,0.36933047,0.3128655,0.25923473,0.14457831,0.4871795,True
Malevy Leons,GSW,25,10.4,-2.5,7.900000095367432,2.6,3.0,2.1,0.2171,1.6,1.0,1.6,0.3676,0.7,0.2,0.6,0.212,4.9,4.2,4.3,0.2108,4.2,4.0,3.7,0.2237,3.3,3.2,2.7,0.0511,0.3,0.6,0.3,0.218,0.5,0.2,0.3,0.0799,0.3,0.6,0.2000000029802322,0.5543,False,,,0,,,,,,,,,,,,,,,,,,,0.46218488,0.36933047,0.3128655,0.24489796,0.18181819,0.5194805,True
Alex Ducas,OKC,20,7.4,2.0999999046325684,9.399999618530272,1.3,1.6,2.6,0.2712,1.8,1.2,2.1,0.5027,0.3,0.4,0.5,0.1836,3.4,3.2,5.2,0.1324,3.1,2.8,4.7,0.3436,1.6,2.0,3.1,0.0751,0.4,0.6,0.5,0.2467,,,0.2,0.1852,0.3,0.4,0.4000000059604645,0.5382,False,,,0,,,,,,,,,,,,,,,,,,,0.46218488,0.36933047,0.3128655,0.24489796,0.14457831,0.47385046,True
Yuki Kawamura,CHI,32,11.4,-0.5,10.899999618530272,2.8,1.6,3.4,0.4653,2.0,0.8,1.9,0.6141,3.0,1.6,2.3,0.3768,7.8,4.0,7.6,0.514,4.8,2.4,5.3,0.4408,5.8,3.2,5.7,0.7821,0.6,,0.5,0.3061,,,0.1,0.1836,0.9,1.0,1.2000000476837158,0.8828,False,,,0,,,,,,,,,,,,,,,,,,,0.46218488,0.36933047,0.3128655,0.24489796,0.14457831,0.5194805,True
Cooper Flagg,DAL,63,34.6,0.3000000119209289,34.900001525878906,21.5,22.4,23.3,0.6269,5.8,5.8,8.0,0.632,6.2,5.4,5.6,0.3585,33.5,33.6,36.9,0.5987,27.3,28.2,31.3,0.8351,27.7,27.8,28.9,0.5023,1.2,1.6,1.3,0.6446,1.3,1.4,1.5,0.0934,3.1,2.8,3.799999952316284,0.8892,False,,,0,,,,,,,,,,,,,,,,,,,0.46218488,0.36933047,0.3128655,0.74613976,0.33333334,0.5194805,True
Dylan Harper,SAS,61,23.9,0.0,23.899999618530277,13.8,14.8,14.4,0.5695,3.7,4.0,4.1,0.3769,4.7,4.4,4.3,0.3424,22.2,23.2,22.8,0.4459,17.5,18.8,18.5,0.5752,18.5,19.2,18.7,0.2957,0.2,0.2,0.6,0.1933,0.5,0.6,0.4,0.1394,1.1,1.2,1.7000000476837158,0.3818,False,,,0,12.5,1.5,4.5,-0.3000001907348633,4.25,-0.0499999999999998,19.0,3.3999999999999986,17.75,0.4500007629394531,17.5,0.6999999999999993,1.0,-0.3999999761581421,0.5,-0.0999999940395355,1.5,0.2000000476837158,0.46218488,0.3802817,0.30357143,0.18811882,0.14457831,0.5194805,True
VJ Edgecombe,PHI,67,33.5,-0.4000000059604645,33.099998474121094,20.4,26.0,16.4,0.0538,6.6,7.4,6.5,0.2063,4.7,5.6,4.1,0.2946,31.7,39.0,27.0,0.0962,27.0,33.4,22.9,0.0582,25.1,31.6,20.5,0.0704,1.0,1.0,1.0,0.2465,0.6,,0.6,0.072,1.6,1.2,1.5,0.1986,False,,,0,15.0,-0.4000000000000003,6.25,0.25,4.25,0.0499999999999998,25.0,0.3999999999999986,23.5,-2.399999618530273,22.5,-3.6000000000000014,1.5,-0.5,1.0,-0.3999999761581421,,,0.46218488,0.36933047,0.3128655,0.38,0.14457831,0.5194805,True
Ace Bailey,UTA,66,28.9,2.700000047683716,31.600000381469727,19.3,21.0,15.7,0.4062,5.3,6.2,5.8,0.4544,2.5,2.6,2.6,0.4684,27.1,29.8,24.1,0.5854,24.6,27.2,21.5,0.0729,21.8,23.6,18.3,0.3866,0.9,0.4,1.0,0.2816,1.5,2.4,1.6,0.1636,2.1,1.8,2.299999952316284,0.3109,False,,,0,19.5,-1.6999999999999993,5.25,0.9499998092651368,3.5,-0.7000000000000002,27.5,-0.6999999999999993,24.5,-0.5,24.5,-3.899999999999999,1.0,0.0,1.5,0.1000000238418579,,,0.46218488,0.36933047,0.30357143,0.24489796,0.33333334,0.46666667,True
Jeremiah Fears,NOP,75,21.4,2.0999999046325684,23.5,12.1,11.8,15.3,0.7095,2.5,2.0,3.8,0.2276,3.4,3.4,3.9,0.2326,18.0,17.2,23.0,0.4912,14.6,13.8,19.1,0.5627,15.5,15.2,19.2,0.6422,0.8,1.0,1.0,0.2167,0.2,0.2,0.3,0.0942,1.6,1.4,2.700000047683716,0.5672,False,,,0,,,,,,,,,,,,,,,,,,,0.46218488,0.36933047,0.3128655,0.24489796,0.22222222,0.5194805,True
Tre Johnson,WAS,57,22.9,-0.1000000014901161,22.799999237060547,11.8,10.8,13.4,0.1143,2.7,1.6,3.2,0.4,1.4,1.4,1.8,0.0896,15.9,13.8,18.4,0.4694,14.5,12.4,16.6,0.3231,13.2,12.2,15.2,0.1837,0.2,,0.5,0.1006,0.2,,0.4,0.103,1.9,1.4,1.7999999523162842,0.5954,False,,,0,12.5,3.0,4.0,-0.5999999046325684,3.0,-1.1,18.0,2.8000000000000007,15.5,3.399999618530273,17.5,-0.1000000000000014,1.0,-0.5,0.5,-0.0999999940395355,1.5,0.2999999523162842,0.46218488,0.3526971,0.17391305,0.18811882,0.1875,0.46666667,True
Nolan Traore,BKN,51,22.1,1.899999976158142,24.0,9.6,10.8,11.3,0.4149,1.9,2.2,3.1,0.3089,4.5,5.8,4.9,0.5897,16.0,18.8,19.3,0.4321,11.5,13.0,14.4,0.3743,14.1,16.6,16.2,0.4293,1.0,1.6,1.2,0.4657,0.6,0.6,0.5,0.1514,3.2,3.6,3.5,0.5407,False,,,0,,,,,,,,,,,,,,,,,,,0.46218488,0.36933047,0.3128655,0.42857143,0.33333334,0.5194805,True
Kon Knueppel,CHA,74,29.8,2.0999999046325684,31.899999618530277,17.1,14.6,18.1,0.488,5.8,6.6,7.0,0.3533,3.4,4.0,3.2,0.2652,26.3,25.2,28.3,0.3839,22.9,21.2,25.1,0.4371,20.5,18.6,21.3,0.5442,0.4,,0.8,0.3018,0.1,,0.3,0.1677,1.1,1.6,1.7999999523162842,0.1957,False,,,0,,,,,,,,,,,,,,,,,,,0.46218488,0.36933047,0.3128655,0.38,0.1875,0.42857143,True
Derik Queen,NOP,74,18.4,1.5,19.899999618530277,8.2,8.6,10.9,0.8776,5.3,6.4,6.8,0.4172,2.2,1.8,2.5,0.252,15.7,16.8,20.2,0.6604,13.5,15.0,17.7,0.7875,10.4,10.4,13.4,0.7439,0.9,1.2,1.0,0.2225,0.8,0.4,0.9,0.0714,1.8,2.2,2.400000095367432,0.6436,False,,,0,,,,,,,,,,,,,,,,,,,0.4848485,0.3526971,0.3128655,0.5,0.14457831,0.5194805,True
Rasheer Fleming,PHX,49,20.9,0.699999988079071,21.600000381469727,6.9,8.0,8.9,0.6668,3.7,4.0,4.8,0.4537,0.3,0.4,0.4,0.1003,10.9,12.4,14.1,0.4867,10.6,12.0,13.7,0.3698,7.2,8.4,9.3,0.4422,0.9,1.2,0.9,0.1628,1.2,0.6,0.9,0.0674,0.5,0.4,1.2999999523162842,0.7689,False,,,0,,,,,,,,,,,,,,,,,,,0.46218488,0.3802817,0.3128655,0.38,0.14457831,0.4871795,True
Asa Newell,ATL,39,12.6,-3.0,9.600000381469728,4.5,4.8,4.9,0.5474,2.2,2.2,2.8,0.2984,0.4,0.4,0.5,0.1768,7.1,7.4,8.2,0.2084,6.7,7.0,7.7,0.4541,4.9,5.2,5.4,0.2892,0.5,0.6,0.4,0.3159,0.4,0.2,0.3,0.0736,0.5,0.6,1.0,0.7578,False,,,0,,,,,,,,,,,,,,,,,,,0.46218488,0.36933047,0.3128655,0.37834853,0.14457831,0.4871795,True
Egor Dëmin,BKN,51,26.7,-0.2000000029802322,26.5,9.2,7.0,9.1,0.0707,3.4,4.2,3.8,0.3096,3.1,3.8,3.1,0.2986,15.7,15.0,16.0,0.0627,12.6,11.2,12.9,0.0664,12.3,10.8,12.2,0.07,0.8,1.0,0.7,0.4285,0.5,0.6,0.5,0.3191,1.4,0.6,1.2999999523162842,0.2203,False,,,0,,,,,,,,,,,,,,,,,,,0.46218488,0.36933047,0.3128655,0.38,0.18181819,0.42857143,True
Kasparas Jakučionis,MIA,47,20.6,-1.7000000476837158,18.899999618530277,7.5,6.2,6.5,0.5702,2.9,2.6,3.6,0.3018,2.5,2.8,2.2,0.1723,12.9,11.6,12.3,0.347,10.4,8.8,10.1,0.5685,10.0,9.0,8.7,0.2889,0.7,0.6,0.6,0.1819,0.3,0.2,0.2,0.0855,0.5,,0.800000011920929,0.7178,False,,,0,,,,,,,,,,,,,,,,,,,0.46218488,0.3526971,0.3128655,0.24489796,0.1875,0.5194805,True
Jase Richardson,ORL,48,7.9,1.399999976158142,9.300000190734863,2.9,4.4,2.6,0.1132,0.4,0.6,1.7,0.4448,0.9,1.0,1.0,0.0943,4.2,6.0,5.3,0.0322,3.3,5.0,4.3,0.1036,3.8,5.4,3.6,0.0287,0.5,0.8,0.6,0.2217,,,0.2,0.0869,0.2,0.2,0.4000000059604645,0.2068,False,,,0,,,,,,,,,,,,,,,,,,,0.46218488,0.3802817,0.3128655,0.18811882,0.14457831,0.4871795,True
Will Riley,WAS,66,31.2,-1.399999976158142,29.799999237060547,14.5,15.0,14.3,0.8131,3.8,3.6,4.9,0.3777,2.9,3.8,2.7,0.2419,21.2,22.4,21.9,0.6578,18.3,18.6,19.2,0.759,17.4,18.8,17.0,0.6838,0.6,0.8,0.7,0.3041,0.1,,0.1,0.0609,1.6,1.6,2.299999952316284,0.6073,False,,,0,14.5,2.8000000000000007,4.5,0.9000000953674316,3.5,-0.7999999999999998,23.0,2.3999999999999986,19.5,3.200000762939453,17.5,2.5,1.5,-0.800000011920929,0.5,-0.3999999985098839,1.5,0.7999999523162842,0.46218488,0.3526971,0.30357143,0.24489796,0.14457831,0.5194805,True
Liam McNeeley,CHA,29,9.2,-0.6000000238418579,8.600000381469727,2.6,3.8,5.8,0.3884,2.1,2.0,3.8,0.31,0.6,0.4,0.6,0.2201,5.3,6.2,10.2,0.0947,4.7,5.8,9.6,0.356,3.2,4.2,6.4,0.4513,0.1,,0.3,0.1764,0.1,0.2,0.2,0.0976,0.3,0.6,0.800000011920929,0.5565,False,,,0,,,,,,,,,,,,,,,,,,,0.46218488,0.36933047,0.3128655,0.24489796,0.33333334,0.46666667,True
Khaman Maluach,PHX,40,13.3,0.8999999761581421,14.199999809265137,4.7,6.6,2.8,0.16,4.4,6.0,4.2,0.2049,0.2,,0.3,0.1387,9.3,,7.3,0.0105,9.1,,7.0,0.1196,4.9,,3.1,0.1648,0.2,0.2,0.3,0.1123,0.9,1.6,1.1,0.1485,0.4,0.4,0.4000000059604645,0.2474,False,,,0,,,,,,,,,,,,,,,,,,,0.39215687,0.3526971,0.3128655,0.24489796,0.14457831,0.4,True
Hugo González,BOS,69,12.3,0.6000000238418579,12.899999618530272,2.7,2.8,5.5,0.8668,2.9,3.0,4.5,0.4962,0.3,0.4,0.6,0.3727,5.9,6.2,10.6,0.5725,5.6,5.8,10.0,0.8507,3.0,3.2,6.1,0.706,0.3,0.2,0.5,0.2049,0.4,0.2,0.4,0.0399,0.3,0.2,0.699999988079071,0.7368,False,,,0,,,,,,,,,,,,,,,,,,,0.46218488,0.36933047,0.3128655,0.24489796,0.11764706,0.5194805,True
Joan Beringer,MIN,34,5.5,-0.2000000029802322,5.300000190734863,2.3,1.2,5.5,0.4393,1.4,1.4,3.3,0.2991,0.2,0.2,0.5,0.3658,3.9,2.8,9.3,0.2885,3.7,2.6,8.8,0.4241,2.5,1.4,6.0,0.3183,0.2,0.4,0.3,0.2977,0.4,0.2,0.5,0.1902,0.2,,0.8999999761581421,0.6107,False,,,0,,,,,,,,,,,,,,,,,,,0.46218488,0.36933047,0.3128655,0.24489796,0.1875,0.5194805,True
Collin Murray-Boyles,TOR,50,21.7,-2.799999952316284,18.899999618530277,8.7,7.2,10.4,0.927,3.9,4.0,5.6,0.3661,1.2,0.8,1.5,0.2274,13.8,12.0,17.5,0.6179,12.6,11.2,16.0,0.5745,9.9,8.0,11.9,0.864,1.0,0.8,0.8,0.318,1.5,1.8,1.3,0.0554,0.7,0.8,1.5,0.7598,False,,,0,10.0,1.6999999999999993,6.5,-0.9000000953674316,3.5,-2.4,19.5,-1.1000000000000014,16.5,0.7999992370605469,12.5,0.3000000000000007,1.5,-0.699999988079071,1.5,-0.2000000476837158,0.5,1.0,0.46218488,0.36933047,0.296875,0.24489796,0.22222222,0.5194805,True
Carter Bryant,SAS,63,15.4,-0.800000011920929,14.600000381469728,6.3,4.0,3.4,0.1145,3.6,4.2,3.5,0.2978,1.2,1.4,1.0,0.2182,11.1,9.6,7.9,0.1182,9.9,8.2,6.9,0.3059,7.5,5.4,4.4,0.0484,0.2,0.2,0.4,0.2745,0.3,0.4,0.3,0.0412,0.6,1.2,0.5,0.132,False,,,0,,,,,,,,,,,,,,,,,,,0.46218488,0.3526971,0.3128655,0.38,0.14457831,0.4871795,True
Noah Penda,ORL,53,13.7,-3.0999999046325684,10.600000381469728,3.1,2.0,3.8,0.7395,2.4,1.6,2.8,0.5585,1.6,1.2,1.1,0.3772,7.1,4.8,7.7,0.7408,5.5,3.6,6.6,0.4597,4.7,3.2,4.9,0.2319,0.7,0.2,0.5,0.2782,0.1,0.2,0.2,0.0649,0.6,1.0,0.699999988079071,0.7004,False,,,0,,,,,,,,,,,,,,,,,,,0.46218488,0.36933047,0.3128655,0.24489796,0.14457831,0.5194805,True
Amari Williams,BOS,20,6.1,-2.5999999046325684,3.5,1.3,0.4,2.9,0.5779,1.9,0.4,2.5,0.3908,0.5,0.4,0.5,0.4237,3.7,1.2,5.9,0.3194,3.2,0.8,5.4,0.3184,1.8,0.8,3.4,0.0563,0.1,,0.2,0.2366,0.3,,0.3,0.0966,0.7,0.6,0.699999988079071,0.5725,False,,,0,,,,,,,,,,,,,,,,,,,0.46218488,0.36933047,0.3128655,0.38,0.14457831,0.5194805,True
Danny Wolf,BKN,56,23.5,-0.1000000014901161,23.399999618530277,9.1,9.0,11.0,0.867,6.1,6.6,6.8,0.4086,2.7,2.4,2.6,0.1869,17.9,18.0,20.4,0.7042,15.2,15.6,17.8,0.671,11.8,11.4,13.6,0.6037,0.3,0.4,0.6,0.376,0.8,0.6,0.9,0.0869,2.0,2.4,2.400000095367432,0.679,False,,,0,,,,,,,,,,,,,,,,,,,0.46218488,0.36933047,0.30357143,0.42857143,0.2857143,0.5194805,True
Maxime Raynaud,SAC,67,33.1,0.4000000059604645,33.5,18.1,19.2,16.2,0.5473,8.1,7.6,9.4,0.4693,1.7,1.4,1.9,0.2816,27.9,28.2,27.5,0.73,26.2,26.8,25.6,0.4781,19.8,20.6,18.1,0.3667,0.5,1.0,0.7,0.1165,0.8,0.4,0.8,0.1575,1.9,1.2,2.0999999046325684,0.2225,False,,,0,13.5,3.5,9.0,0.6999998092651367,2.5,-0.5,24.5,4.199999999999999,26.5,0.2000007629394531,15.5,3.5,1.0,-0.3000000119209289,1.0,-0.199999988079071,1.5,0.5999999046325684,0.39215687,0.36933047,0.30357143,0.24489796,0.11764706,0.5194805,True
Adou Thiero,LAL,20,5.2,-1.100000023841858,4.099999904632568,1.9,1.8,1.4,0.0513,1.3,0.4,1.3,0.1816,0.5,0.2,0.4,0.331,3.7,2.4,3.1,0.2941,3.2,2.2,2.7,0.2542,2.4,2.0,1.8,0.0494,0.2,,0.1,0.2719,0.2,0.2,0.2,0.0948,0.2,0.2,0.2000000029802322,0.1785,False,,,0,,,,,,,,,,,,,,,,,,,0.46218488,0.3802817,0.4375,0.38,0.18181819,0.4871795,True
Micah Peavy,NOP,54,2.7,0.5,3.200000047683716,0.8,1.2,2.5,0.0429,0.4,0.6,1.7,0.2161,0.1,0.2,0.3,0.3059,1.3,2.0,4.5,0.0568,1.2,1.8,4.2,0.0633,0.9,1.4,2.8,0.0547,0.2,0.4,0.3,0.2385,,,0.2,0.1052,0.2,0.2,0.2000000029802322,0.1653,False,,,0,,,,,,,,,,,,,,,,,,,0.46218488,0.36933047,0.3128655,0.38,0.14457831,0.4871795,True
Tyrese Proctor,CLE,45,8.9,0.800000011920929,9.699999809265137,3.7,3.6,6.7,0.7111,0.6,0.8,2.7,0.4954,1.1,0.6,1.4,0.2049,5.4,5.0,10.8,0.2229,4.3,4.4,9.4,0.1653,4.8,4.2,8.1,0.2431,0.7,0.8,0.7,0.1656,,,0.2,0.0748,1.0,0.4,1.100000023841858,0.5522,False,,,0,,,,,,,,,,,,,,,,,,,0.5294118,0.3526971,0.3128655,0.38,0.14457831,0.4871795,True
Ben Saraf,BKN,38,26.0,-0.6000000238418579,25.399999618530277,11.6,12.8,10.0,0.6376,3.1,4.2,3.7,0.3174,4.4,4.4,4.1,0.4438,19.1,21.4,17.8,0.1947,14.7,17.0,13.7,0.5386,16.0,17.2,14.1,0.5535,1.4,1.2,1.1,0.5518,,,0.2,0.0891,3.1,3.0,2.799999952316284,0.3507,False,,,0,,,,,,,,,,,,,,,,,,,0.46218488,0.3526971,0.3128655,0.5,0.1875,0.4871795,True
Kam Jones,IND,29,22.9,-6.0,16.899999618530273,6.4,4.4,4.7,0.3556,2.3,1.6,2.8,0.3785,4.9,4.0,3.7,0.4988,13.6,10.0,11.2,0.5016,8.7,6.0,7.5,0.7001,11.3,8.4,8.4,0.2528,0.9,0.8,0.6,0.3691,,,0.3,0.0732,1.8,1.8,1.2999999523162842,0.5867,False,,,0,8.5,-3.6,3.0,0.2999999523162842,7.0,-3.3,18.5,-6.6,10.5,-2.3000001907348637,14.5,-5.9,1.0,-0.3999999761581421,0.5,-0.199999988079071,1.5,-0.2000000476837158,0.46218488,0.3526971,0.30357143,0.24489796,0.108736254,0.5194805,True
Sion James,CHA,75,18.6,-0.800000011920929,17.799999237060547,5.2,5.8,3.7,0.0237,2.9,1.8,3.4,0.2504,2.2,2.0,2.0,0.1692,10.3,9.6,9.1,0.0148,8.1,7.6,7.1,0.052,7.4,7.8,5.7,0.054,0.6,0.6,0.5,0.1981,0.1,,0.1,0.0634,0.6,0.4,0.5,0.2536,False,,,0,,,,,,,,,,,,,,,,,,,0.4848485,0.36933047,0.30357143,0.38,0.14457831,0.42857143,True
Mohamed Diawara,NYK,64,13.5,-3.200000047683716,10.300000190734863,4.9,5.4,2.3,0.2019,2.0,1.8,2.0,0.4335,1.2,1.4,0.9,0.2493,8.1,8.6,5.2,0.2543,6.9,7.2,4.3,0.5766,6.1,6.8,3.2,0.059,,,0.2,0.2783,,,0.1,0.0616,0.7,0.6,0.4000000059604645,0.2711,False,,,0,,,,,,,,,,,,,,,,,,,0.46218488,0.36933047,0.3128655,0.24489796,0.14457831,0.4871795,True
Yang Hansen,POR,40,4.6,0.0,4.599999904632568,2.1,2.2,5.4,0.4784,1.0,1.2,2.2,0.2939,0.1,0.2,0.6,0.1716,3.2,3.6,8.2,0.1436,3.1,3.4,7.6,0.3819,2.2,2.4,6.0,0.2944,0.1,,0.2,0.1919,0.1,,0.1,0.1762,0.3,,0.8999999761581421,0.716,False,,,0,,,,,,,,,,,,,,,,,,,0.44444445,0.3802817,0.3128655,0.24489796,0.24886417,0.4871795,True
Cedric Coward,MEM,57,22.9,1.2999999523162842,24.200000762939453,13.0,15.6,14.0,0.3914,5.2,4.2,6.1,0.392,2.5,3.2,2.9,0.3036,20.7,23.0,23.0,0.2938,18.2,19.8,20.1,0.224,15.5,18.8,16.9,0.4565,0.9,1.2,1.0,0.3593,0.4,0.2,0.5,0.0669,1.6,1.2,1.7000000476837158,0.247,False,,,0,13.5,-0.9000000000000004,5.25,1.1500000953674316,3.0,0.0,22.0,0.0,19.5,-0.5,17.5,-1.9000000000000004,1.0,0.0,0.5,0.0,1.5,0.2000000476837158,0.46218488,0.3526971,0.30357143,0.18811882,0.1875,0.46666667,True
Javon Small,MEM,37,25.4,1.399999976158142,26.799999237060547,13.5,12.0,11.2,0.3728,4.1,4.4,4.9,0.3032,4.2,3.4,4.3,0.3384,21.8,19.8,20.4,0.218,17.6,16.4,16.1,0.2663,17.7,15.4,15.5,0.3341,1.0,0.6,1.0,0.4829,0.2,0.2,0.3,0.0972,2.0,2.4,1.7000000476837158,0.2191,False,,,0,,,,,,,,,,,,,,,,,,,0.46218488,0.3802817,0.3128655,0.7401693,0.14457831,0.5194805,True
Alijah Martin,TOR,17,3.2,-0.3000000119209289,2.900000095367432,1.7,1.6,6.4,0.1873,0.3,0.4,2.1,0.343,0.2,,0.4,0.5031,2.2,,8.9,0.2436,2.0,,8.5,0.1481,1.9,,6.8,0.2454,0.2,0.2,0.3,0.2726,,,0.2,0.0842,0.2,0.4,0.800000011920929,0.5312,False,,,0,,,,,,,,,,,,,,,,,,,0.45444,0.3802817,0.3128655,0.24489796,0.14457831,0.4871795,True
Kobe Sanders,LAC,61,17.1,-2.0,15.100000381469728,7.1,7.2,7.1,0.3693,1.9,1.0,2.5,0.3166,1.4,1.6,1.2,0.1678,10.4,9.8,10.8,0.5957,9.0,8.2,9.6,0.3993,8.5,8.8,8.3,0.7853,1.3,1.2,0.7,0.3637,0.1,0.2,0.1,0.0487,1.1,1.0,1.2000000476837158,0.7998,False,,,0,,,,,,,,,,,,,,,,,,,0.46218488,0.3802817,0.3128655,0.5,0.11764706,0.5194805,True
Dylan Cardwell,SAC,37,20.1,0.5,20.600000381469727,4.6,5.0,5.2,0.4155,8.1,7.8,8.2,0.3067,2.0,2.4,1.8,0.294,14.7,15.2,15.2,0.3823,12.7,12.8,13.4,0.2092,6.6,7.4,7.0,0.5495,0.6,0.4,0.7,0.2066,0.4,0.4,0.8,0.2023,0.9,1.4,1.100000023841858,0.6605,False,,,0,5.5,-0.0999999999999996,6.0,2.6999998092651367,1.5,0.3999999999999999,13.5,2.5,10.0,4.100000381469727,5.5,1.7999999999999998,1.0,-0.3000000119209289,1.5,-0.699999988079071,0.5,0.6000000238418579,0.4848485,0.36933047,0.3128655,0.18811882,0.22222222,0.5194805,True
Miles Kelly,DAL,13,7.8,-0.1000000014901161,7.699999809265137,2.7,1.0,3.7,0.639,1.2,1.4,2.8,0.4449,0.6,0.6,0.8,0.1728,4.5,3.0,7.3,0.4304,3.9,2.4,6.5,0.3612,3.3,1.6,4.5,0.4024,0.3,0.2,0.3,0.2676,,,0.2,0.0911,0.2,0.2,0.6000000238418579,0.6378,False,,,0,,,,,,,,,,,,,,,,,,,0.46218488,0.3526971,0.3128655,0.24489796,0.1875,0.4871795,True
Jahmai Mashack,MEM,25,26.0,-0.699999988079071,25.299999237060547,7.4,7.6,8.7,0.5283,2.9,3.2,3.9,0.5217,1.8,2.6,2.0,0.2402,12.1,13.4,14.6,0.4527,10.3,10.8,12.6,0.4606,9.2,10.2,10.7,0.6476,1.0,1.2,1.4,0.29,0.8,0.2,0.8,0.1949,1.1,1.0,1.7999999523162842,0.6961,False,,,0,,,,,,,,,,,,,,,,,,,0.46218488,0.36933047,0.4375,0.5,0.22222222,0.5194805,True
Ryan Nembhard,DAL,54,20.9,-2.799999952316284,18.100000381469727,5.8,5.8,7.4,0.6376,2.7,2.4,3.1,0.3411,5.9,5.0,4.1,0.2805,14.4,13.2,14.6,0.5307,8.5,8.2,10.5,0.799,11.7,10.8,11.5,0.5715,0.5,0.4,0.6,0.2153,,,0.1,0.086,1.0,1.0,1.7000000476837158,0.7946,False,,,0,,,,,,,,,,,,,,,,,,,0.46218488,0.36933047,0.3128655,0.38,0.14457831,0.5194805,True
Yanic Konan Niederhäuser,LAC,40,15.5,2.700000047683716,18.200000762939453,6.5,8.2,7.0,0.7161,4.7,6.0,6.5,0.2916,0.4,0.2,0.8,0.2797,11.6,14.4,14.3,0.065,11.2,14.2,13.5,0.4389,6.9,8.4,7.8,0.1019,0.3,0.6,0.6,0.2034,1.4,1.8,1.9,0.1247,0.7,0.8,1.100000023841858,0.6577,False,,,0,,,,,,,,,,,,,,,,,,,0.46218488,0.3526971,0.3128655,0.38,0.33333334,0.42857143,True
Lachlan Olbrich,CHI,29,6.8,7.400000095367432,14.199999809265137,2.3,3.0,2.4,0.1194,2.0,2.4,3.4,0.2047,0.7,0.4,0.9,0.2379,5.0,5.8,6.7,0.1611,4.3,5.4,5.8,0.1213,3.0,3.4,3.3,0.1079,0.4,0.4,0.5,0.093,0.2,0.2,0.4,0.1175,0.5,0.4,0.6000000238418579,0.2558,False,,,0,,,,,,,,,,,,,,,,,,,0.44444445,0.3802817,0.3128655,0.24489796,0.14457831,0.42857143,True
Will Richard,GSW,63,24.3,-1.7999999523162842,22.5,5.9,8.4,5.0,0.1657,2.5,2.0,2.7,0.365,0.8,0.8,1.1,0.3158,9.2,11.2,8.8,0.3437,8.4,10.4,7.7,0.3274,6.7,9.2,6.1,0.1842,1.4,1.2,1.1,0.252,0.2,0.2,0.2,0.1183,1.1,1.2,0.800000011920929,0.2426,False,,,0,9.5,-5.4,4.0,-1.2999999523162842,2.5,-1.5,13.5,-5.7,13.0,-6.199999809265137,12.5,-7.4,1.5,-0.3999999761581421,0.5,-0.2999999970197677,0.5,0.3000000119209289,0.46218488,0.36933047,0.30357143,0.24489796,0.14457831,0.5194805,True
Chris Youngblood,POR,32,6.1,0.2000000029802322,6.300000190734863,2.7,3.6,2.5,0.209,0.9,1.0,2.1,0.288,0.5,0.8,0.8,0.3037,4.1,5.4,5.4,0.0511,3.6,4.6,4.6,0.0765,3.2,4.4,3.3,0.0368,0.3,0.2,0.4,0.2969,0.3,0.4,0.3,0.0852,0.1,0.2,0.4000000059604645,0.3137,False,,,0,,,,,,,,,,,,,,,,,,,0.46218488,0.3802817,0.3128655,0.18811882,0.22222222,0.4871795,True
Drake Powell,BKN,57,25.3,0.800000011920929,26.100000381469727,7.8,8.6,8.0,0.7574,1.6,2.0,2.8,0.6136,1.3,1.6,1.4,0.0951,10.7,12.2,12.2,0.3258,9.4,10.6,10.8,0.6813,9.1,10.2,9.4,0.6793,0.4,0.6,0.6,0.1746,0.3,,0.3,0.0886,0.7,0.2,1.2000000476837158,0.7986,False,,,0,,,,,,,,,,,,,,,,,,,0.46218488,0.36933047,0.3128655,0.23684211,0.1875,0.42857143,True
Brooks Barnhizer,OKC,35,8.9,-0.699999988079071,8.199999809265137,1.8,0.4,1.0,0.0983,2.0,1.8,2.5,0.1973,0.9,0.4,0.5,0.232,4.7,2.6,4.0,0.0856,3.8,2.2,3.5,0.3786,2.7,0.8,1.5,0.0442,0.1,0.2,0.2,0.2473,0.2,0.2,0.2,0.0949,0.3,0.2,0.3000000119209289,0.4025,False,,,0,,,,,,,,,,,,,,,,,,,0.39215687,0.36933047,0.3128655,0.24489796,0.1875,0.4871795,True
Taelon Peter,IND,30,21.5,-8.0,13.5,7.9,7.6,8.2,0.6501,2.0,1.2,2.1,0.4063,1.7,1.2,1.1,0.2914,11.6,10.0,11.4,0.2849,9.9,8.8,10.3,0.5527,9.6,8.8,9.3,0.4225,1.3,1.2,0.8,0.3031,0.2,0.4,0.3,0.2476,1.0,1.2,1.100000023841858,0.8243,False,,,0,,,,,,,,,,,,,,,,,,,0.46218488,0.36933047,0.3128655,0.5,0.1875,0.5194805,True
LJ Cryer,GSW,14,18.4,0.8999999761581421,19.299999237060547,9.3,9.6,8.6,0.3586,2.1,2.0,3.1,0.284,1.0,1.2,1.3,0.2019,12.4,12.8,13.0,0.1123,11.4,11.6,11.7,0.4344,10.3,10.8,9.9,0.1269,0.2,0.2,0.4,0.1165,,,0.2,0.0676,0.8,1.2,1.0,0.2309,False,,,0,,,,,,,,,,,,,,,,,,,0.46218488,0.3526971,0.296875,0.18811882,0.14457831,0.4,True
Chaney Johnson,BKN,12,20.3,-3.0,17.299999237060547,7.8,7.2,6.2,0.3058,4.7,2.8,4.1,0.4822,2.7,2.6,2.1,0.2357,15.2,12.6,12.4,0.2465,12.5,10.0,10.3,0.4038,10.5,9.8,8.3,0.2367,1.0,0.4,0.7,0.331,0.4,0.2,0.4,0.0617,1.3,1.6,0.8999999761581421,0.5513,False,,,0,,,,,,,,,,,,,,,,,,,0.46218488,0.36933047,0.3128655,0.5,0.14457831,0.5194805,True
